species,retained,missing_from,chrom,anchors,first_gene,last_gene,retained_fold,anchor_list
napus,Bna_A,Bna_C,N1,10,BnaA01g006330.3DH.1,BnaA01g006450.3DH.1,2.94,AT4G32100:1;AT4G32070:1;AT4G32060:1;AT4G32050:1;AT4G32040:1;AT4G32030:1;AT4G32020:1;AT4G32000:1;AT4G31990:1;AT4G31980:1
napus,Bna_A,Bna_C,N1,5,BnaA01g023240.3DH.1,BnaA01g023380.3DH.1,2.0,AT4G14746:1;AT4G14730:1;AT4G14720:1;AT4G14710:1;AT4G14690:1
napus,Bna_A,Bna_C,N1,5,BnaA01g027040.3DH.1,BnaA01g027100.3DH.1,1.45,AT3G49550:2;AT3G49620:2;AT3G49680:2;AT3G49720:2;AT3G49750:2
napus,Bna_A,Bna_C,N1,29,BnaA01g027550.3DH.1,BnaA01g029180.3DH.1,1.76,AT1G54450:3;AT1G54650:3;AT1G54680:3;AT1G54710:3;AT1G54730:3;AT1G54780:3;AT1G54840:3;AT1G54850:3;AT1G54870:3;AT1G54990:3;AT1G55020:3;AT1G55050:3;AT1G56230:2;AT1G56240:2;AT1G56260:2;AT1G56300:2;AT1G56330:2;AT1G56340:2;AT1G56420:2;AT1G56430:2;AT1G56440:2;AT1G56450:2;AT1G56460:2;AT1G56580:2;AT1G57610:2;AT1G57620:2;AT1G57850:2;AT1G57990:2;AT1G58025:2
napus,Bna_A,Bna_C,N1,19,BnaA01g032060.3DH.1,BnaA01g032470.3DH.1,0.22,AT3G24495:2;AT3G24420:2;AT3G24350:2;AT3G24310:2;AT3G24300:2;AT3G23940:2;AT3G24020:2;AT3G24040:2;AT3G24060:2;AT3G24070:2;AT3G24100:2;AT3G24110:2;AT3G24120:2;AT3G24130:2;AT3G24150:2;AT3G24160:2;AT3G24190:2;AT3G24225:2;AT3G24250:2
napus,Bna_A,Bna_C,N1,5,BnaA01g047480.3DH.1,BnaA01g047560.3DH.1,1.02,AT3G01680:2;AT3G01790:2;AT3G02040:2;AT3G02060:2;AT3G02065:2
napus,Bna_A,Bna_C,N10,126,BnaA10g033460.3DH.1,BnaA10g035090.3DH.1,2.59,AT5G04630:1;AT5G04620:1;AT5G04610:1;AT5G04600:1;AT5G04550:1;AT5G04540:1;AT5G04530:1;AT5G04510:1;AT5G04500:1;AT5G04490:1;AT5G04480:1;AT5G04470:1;AT5G04460:1;AT5G04440:1;AT5G04430:1;AT5G04410:1;AT5G04390:1;AT5G04380:1;AT5G04370:1;AT5G04360:1;AT5G04350:1;AT5G04340:1;AT5G04320:1;AT5G04310:1;AT5G04290:1;AT5G04270:1;AT5G04260:1;AT5G04250:1;AT5G04240:1;AT5G04220:1;AT5G04200:1;AT5G04190:1;AT5G04180:1;AT5G04170:1;AT5G04160:1;AT5G04140:1;AT5G04120:1;AT5G04110:1;AT5G04060:1;AT5G04050:1;AT5G04040:1;AT5G04030:1;AT5G04020:1;AT5G04010:1;AT5G03990:1;AT5G03980:1;AT5G03970:1;AT5G03960:1;AT5G03940:1;AT5G03910:1;AT5G03905:1;AT5G03900:1;AT5G03890:1;AT5G03880:1;AT5G03840:1;AT5G03795:1;AT5G03790:1;AT5G03770:1;AT5G03760:1;AT5G03740:1;AT5G03730:1;AT5G03720:1;AT5G03700:1;AT5G03690:1;AT5G03680:1;AT5G03670:1;AT5G03660:1;AT5G03650:1;AT5G03640:1;AT5G03540:1;AT5G03530:1;AT5G03510:1;AT5G03460:1;AT5G03440:1;AT5G03430:1;AT5G03420:1;AT5G03415:1;AT5G03380:1;AT5G03330:1;AT5G03320:1;AT5G03310:1;AT5G03300:1;AT5G03290:1;AT5G03280:1;AT5G03260:1;AT5G03250:1;AT5G03230:1;AT5G03220:1;AT5G03200:1;AT5G03180:1;AT5G03160:1;AT5G03150:1;AT5G03080:1;AT5G03070:1;AT5G03060:1;AT5G03050:1;AT5G03040:1;AT5G03030:1;AT5G02970:1;AT5G02960:1;AT5G02910:1;AT5G02890:1;AT5G02870:1;AT5G02850:1;AT5G02830:1;AT5G02820:1;AT5G02810:1;AT5G02770:1;AT5G02760:1;AT5G02750:1;AT5G02740:1;AT5G02730:1;AT5G02720:1;AT5G02710:1;AT5G02640:1;AT5G02620:1;AT5G02610:1;AT5G02600:1;AT5G02550:1;AT5G02540:1;AT5G02530:1;AT5G02500:1;AT5G02490:1;AT5G02480:1;AT5G02470:1;AT5G02460:1
napus,Bna_A,Bna_C,N2,45,BnaA02g000030.3DH.1,BnaA02g000540.3DH.1,0.29,AT5G01900:2;AT5G01890:2;AT5G01880:2;AT5G01860:2;AT5G01850:2;AT5G01840:2;AT5G01820:2;AT5G01810:2;AT5G01750:2;AT5G01740:2;AT5G01710:2;AT5G01700:2;AT5G01560:2;AT5G01530:2;AT5G01470:2;AT5G01430:2;AT5G01420:2;AT5G01410:2;AT5G01400:2;AT5G01370:2;AT5G01360:2;AT5G01330:2;AT5G01310:2;AT5G01280:2;AT5G01210:2;AT5G01200:2;AT5G01190:2;AT5G01180:2;AT5G01100:2;AT5G01090:2;AT5G01075:2;AT5G01060:2;AT5G01050:2;AT5G02030:2;AT5G02080:2;AT5G02190:2;AT5G02220:2;AT5G02230:2;AT5G02260:2;AT5G02290:2;AT5G02310:2;AT5G02380:2;AT5G02430:2;AT5G02460:2;AT5G02520:2
napus,Bna_A,Bna_C,N2,8,BnaA02g012410.3DH.1,BnaA02g012540.3DH.1,0.31,AT5G59030:2;AT5G59040:2;AT5G59050:2;AT5G59070:2;AT5G59080:2;AT5G59120:2;AT5G59180:2;AT5G59260:2
napus,Bna_A,Bna_C,N2,6,BnaA02g018900.3DH.1,BnaA02g019030.3DH.1,0.56,AT1G66330:2;AT1G66350:2;AT1G66380:2;AT1G66660:2;AT1G66690:2;AT1G66720:2
napus,Bna_A,Bna_C,N2,10,BnaA02g020200.3DH.1,BnaA02g020380.3DH.1,0.85,AT1G67980:2;AT1G67990:2;AT1G68000:2;AT1G68040:2;AT1G68070:2;AT1G68080:2;AT1G68090:2;AT1G68110:2;AT1G68120:2;AT1G68180:2
napus,Bna_A,Bna_C,N2,6,BnaA02g020440.3DH.1,BnaA02g020520.3DH.1,0.03,AT1G68320:2;AT1G68330:2;AT1G68340:2;AT1G68360:2;AT1G68370:2;AT1G68380:2
napus,Bna_A,Bna_C,N2,8,BnaA02g021630.3DH.1,BnaA02g021710.3DH.1,1.21,AT3G01290:1;AT3G01300:1;AT3G01311:1;AT3G01330:1;AT3G01340:1;AT3G01350:1;AT3G01360:1;AT3G01370:1
napus,Bna_A,Bna_C,N2,10,BnaA02g021740.3DH.1,BnaA02g021850.3DH.1,2.67,AT3G01435:1;AT3G01440:1;AT3G01460:1;AT3G01480:1;AT3G01490:1;AT3G01500:1;AT3G01513:1;AT3G01620:1;AT3G01630:1;AT3G01650:1
napus,Bna_A,Bna_C,N2,5,BnaA02g021920.3DH.1,BnaA02g021970.3DH.1,1.05,AT1G69588:2;AT1G69600:2;AT1G69610:2;AT1G69620:2;AT1G69640:2
napus,Bna_A,Bna_C,N2,9,BnaA02g022830.3DH.1,BnaA02g023040.3DH.1,0.1,AT1G70760:2;AT1G70770:2;AT1G70780:2;AT1G70790:2;AT1G70820:2;AT1G70840:2;AT1G70870:2;AT1G70920:2;AT1G71000:2
napus,Bna_A,Bna_C,N2,17,BnaA02g023140.3DH.1,BnaA02g023620.3DH.1,0.12,AT1G71140:2;AT1G71160:2;AT1G71180:2;AT1G71200:2;AT1G71410:2;AT1G71400:2;AT1G71770:2;AT1G71830:2;AT1G71840:2;AT1G71866:2;AT1G71890:2;AT1G71900:2;AT1G71910:2;AT1G71920:2;AT1G71930:2;AT1G71940:2;AT1G71950:2
napus,Bna_A,Bna_C,N2,10,BnaA02g025560.3DH.1,BnaA02g025690.3DH.1,0.46,AT1G74960:2;AT1G75010:2;AT1G75020:2;AT1G75050:2;AT1G75060:2;AT1G75080:2;AT1G75160:2;AT1G75180:2;AT1G75190:2;AT1G75220:2
napus,Bna_A,Bna_C,N2,6,BnaA02g027400.3DH.1,BnaA02g027480.3DH.1,0.05,AT1G77760:2;AT1G77765:2;AT1G77770:2;AT1G77790:2;AT1G77800:2;AT1G77885:2
napus,Bna_A,Bna_C,N2,7,BnaA02g033480.3DH.1,BnaA02g033820.3DH.1,2.57,AT5G42570:2;AT5G42490:2;AT5G42450:2;AT5G42170:2;AT5G43130:2;AT5G43210:2;AT5G43230:2
napus,Bna_A,Bna_C,N2,35,BnaA02g048170.3DH.1,BnaA02g048660.3DH.1,0.31,AT5G61820:3;AT5G61850:3;AT5G61890:3;AT5G61910:3;AT5G61950:3;AT5G61960:3;AT5G61970:3;AT5G61980:3;AT5G62000:3;AT5G62020:3;AT5G62050:3;AT5G62090:3;AT5G62100:3;AT5G62110:3;AT5G62130:3;AT5G62140:3;AT5G62150:3;AT5G62160:3;AT5G62165:3;AT5G62180:3;AT5G62190:3;AT5G62200:3;AT5G62210:3;AT5G62240:3;AT5G62260:3;AT5G62270:3;AT5G62280:3;AT5G62290:3;AT5G62350:3;AT5G62380:3;AT5G62420:3;AT5G62440:3;AT5G62470:3;AT5G62490:3;AT5G62500:3
napus,Bna_A,Bna_C,N4,38,BnaA04g015980.3DH.1,BnaA04g016570.3DH.1,0.16,AT5G37475:3;AT5G37478:3;AT5G37490:3;AT5G37740:3;AT5G37770:3;AT5G37780:3;AT5G37810:3;AT5G37820:3;AT5G37890:3;AT5G37910:3;AT5G38210:3;AT5G38260:3;AT5G38420:3;AT5G38430:3;AT5G38530:3;AT5G38910:3;AT5G38960:3;AT5G39010:3;AT5G39050:3;AT5G39090:3;AT5G39140:3;AT5G39210:3;AT5G39220:3;AT5G39310:3;AT5G39460:3;AT5G39680:3;AT5G39930:3;AT5G40200:3;AT5G40230:3;AT5G40240:3;AT5G40280:3;AT5G40310:3;AT5G40370:3;AT5G40670:3;AT5G40700:3;AT5G40890:3;AT5G40930:3;AT5G41000:3
napus,Bna_A,Bna_C,N4,26,BnaA04g026730.3DH.1,BnaA04g027160.3DH.1,0.14,AT2G34490:1;AT2G34500:1;AT2G34520:1;AT2G34530:1;AT2G34555:1;AT2G34585:1;AT2G34600:1;AT2G34650:1;AT2G34710:1;AT2G34750:1;AT2G34790:1;AT2G34820:1;AT2G34840:1;AT2G34830:1;AT2G34860:1;AT2G34880:1;AT2G34910:1;AT2G34920:1;AT2G34925:1;AT2G34940:1;AT2G34960:1;AT2G35010:1;AT2G35040:1;AT2G35050:1;AT2G35120:1;AT2G35190:1
napus,Bna_A,Bna_C,N4,20,BnaA04g028130.3DH.1,BnaA04g028590.3DH.1,2.9,AT2G36880:1;AT2G36890:1;AT2G36895:1;AT2G36910:1;AT2G36950:1;AT2G36960:1;AT2G36990:1;AT2G37030:1;AT2G37040:1;AT2G37060:1;AT2G37090:1;AT2G37110:1;AT2G37130:1;AT2G37150:1;AT2G37190:1;AT2G37200:1;AT2G37210:1;AT2G37220:1;AT2G37250:1;AT2G37270:1
napus,Bna_A,Bna_C,N5,8,BnaA05g000020.3DH.1,BnaA05g000120.3DH.1,1.45,AT2G48150:2;AT2G48110:2;AT2G48100:2;AT2G48090:2;AT2G48080:2;AT2G48070:2;AT2G48060:2;AT2G48030:2
napus,Bna_A,Bna_C,N5,7,BnaA05g000370.3DH.1,BnaA05g000430.3DH.1,4.19,AT2G47610:2;AT2G47600:2;AT2G47590:2;AT2G47580:2;AT2G47560:2;AT2G47550:2;AT2G47540:2
napus,Bna_A,Bna_C,N5,13,BnaA05g003170.3DH.1,BnaA05g003400.3DH.1,1.45,AT2G42870:2;AT2G42860:2;AT2G42850:2;AT2G42840:2;AT2G42830:2;AT2G42810:2;AT2G42750:2;AT2G42790:2;AT2G42710:2;AT2G42700:2;AT2G42690:2;AT2G42680:2;AT2G42670:2
napus,Bna_A,Bna_C,N5,6,BnaA05g017280.3DH.1,BnaA05g017440.3DH.1,0.1,AT1G56050:2;AT1G56030:2;AT1G55980:2;AT1G55860:2;AT1G55790:2;AT1G55770:2
napus,Bna_A,Bna_C,N5,5,BnaA05g020550.3DH.1,BnaA05g020630.3DH.1,0.9,AT1G50200:2;AT1G50030:2;AT1G50010:2;AT1G50000:2;AT1G49990:2
napus,Bna_A,Bna_C,N5,9,BnaA05g026650.3DH.1,BnaA05g026800.3DH.1,0.01,AT3G21790:1;AT3G21780:1;AT3G21760:1;AT3G21750:1;AT3G21740:1;AT3G21720:1;AT3G21710:1;AT3G21700:1;AT3G21690:1
napus,Bna_A,Bna_C,N5,6,BnaA05g044620.3DH.1,BnaA05g044680.3DH.1,4.56,AT3G02520:1;AT3G02530:1;AT3G02555:1;AT3G02560:1;AT3G02570:1;AT3G02600:1
napus,Bna_A,Bna_C,N6,8,BnaA06g000300.3DH.1,BnaA06g000430.3DH.1,0.2,AT1G55640:1;AT1G55630:1;AT1G55620:1;AT1G55590:1;AT1G55580:1;AT1G55550:1;AT1G55370:1;AT1G55350:1
napus,Bna_A,Bna_C,N6,5,BnaA06g001310.3DH.1,BnaA06g001390.3DH.1,0.45,AT1G53450:1;AT1G53430:1;AT1G53400:1;AT1G53390:1;AT1G53380:1
napus,Bna_A,Bna_C,N6,15,BnaA06g003320.3DH.1,BnaA06g003580.3DH.1,1.01,AT1G50360:1;AT1G50320:1;AT1G50310:1;AT1G50300:1;AT1G50240:1;AT1G50200:1;AT1G50120:1;AT1G50110:1;AT1G50060:1;AT1G50050:1;AT1G50030:1;AT1G50020:1;AT1G50010:1;AT1G50000:1;AT1G49980:1
napus,Bna_A,Bna_C,N6,20,BnaA06g023910.3DH.1,BnaA06g024570.3DH.1,0.5,AT3G43920:3;AT3G45440:3;AT3G45780:3;AT3G46060:3;AT3G46080:3;AT3G46090:3;AT3G46400:3;AT3G46450:3;AT3G46490:3;AT3G46500:3;AT3G46520:3;AT3G46630:3;AT3G46670:3;AT3G46890:3;AT3G47070:3;AT3G47080:3;AT3G47180:3;AT3G47340:3;AT3G47360:3;AT3G47480:3
napus,Bna_A,Bna_C,N8,7,BnaA08g006320.3DH.1,BnaA08g006430.3DH.1,2.45,AT1G43020:3;AT1G43040:3;AT1G43130:3;AT1G43190:3;AT1G43630:3;AT1G43650:3;AT1G43670:3
napus,Bna_A,Bna_C,N8,6,BnaA08g007840.3DH.1,BnaA08g008190.3DH.1,3.48,AT4G13270:3;AT4G13350:3;AT4G13360:3;AT4G13370:3;AT4G13430:3;AT4G13450:3
napus,Bna_A,Bna_C,N8,29,BnaA08g028050.3DH.1,BnaA08g028420.3DH.1,0.12,AT1G26730:3;AT1G26780:3;AT1G26790:3;AT1G26796:3;AT1G26797:3;AT1G26798:3;AT1G26799:3;AT1G26800:3;AT1G26830:3;AT1G26840:3;AT1G26850:3;AT1G26870:3;AT1G26880:3;AT1G26920:3;AT1G26930:3;AT1G26940:3;AT1G26945:3;AT1G26960:3;AT1G26970:3;AT1G27000:3;AT1G27030:3;AT1G27060:3;AT1G27090:3;AT1G27100:3;AT1G27110:3;AT1G27180:3;AT1G27200:3;AT1G27210:3;AT1G24180:3
napus,Bna_A,Bna_C,N8,8,BnaA08g036230.3DH.1,BnaA08g036410.3DH.1,0.02,AT1G07860:3;AT1G07745:3;AT1G07640:3;AT1G07630:3;AT1G07620:3;AT1G07615:3;AT1G07560:3;AT1G07550:3
napus,Bna_A,Bna_C,N8,5,BnaA08g038480.3DH.1,BnaA08g038530.3DH.1,0.26,AT1G02610:3;AT1G02530:3;AT1G02420:3;AT1G02410:3;AT1G02400:3
napus,Bna_A,Bna_C,N9,14,BnaA09g000050.3DH.1,BnaA09g000270.3DH.1,0.66,AT4G00026:1;AT4G00030:1;AT4G00050:1;AT4G00080:1;AT4G00090:1;AT4G00110:1;AT4G00150:1;AT4G00180:1;AT4G00200:1;AT4G00210:1;AT4G00220:1;AT4G00230:1;AT4G00231:1;AT4G00310:1
napus,Bna_A,Bna_C,N9,5,BnaA09g017890.3DH.1,BnaA09g017990.3DH.1,2.57,AT1G60870:1;AT1G60860:1;AT1G60850:1;AT1G60790:1;AT1G60783:1
napus,Bna_A,Bna_C,N9,12,BnaA09g020040.3DH.1,BnaA09g020290.3DH.1,4.09,AT1G55040:1;AT1G54930:1;AT1G54920:1;AT1G54890:1;AT1G54710:1;AT1G54630:1;AT1G54610:1;AT1G54570:1;AT1G54540:1;AT1G54530:1;AT1G54490:1;AT5G42220:3
napus,Bna_A,Bna_C,N9,19,BnaA09g025340.3DH.1,BnaA09g025620.3DH.1,0.4,AT3G25590:3;AT3G25600:3;AT3G25660:3;AT3G25680:3;AT3G25770:3;AT3G25780:3;AT3G25790:3;AT3G25800:3;AT3G25805:3;AT3G25840:3;AT3G25860:3;AT3G25882:3;AT3G25920:3;AT3G25980:3;AT3G26000:3;AT3G26020:3;AT3G26040:3;AT3G26090:3;AT3G26100:3
napus,Bna_A,Bna_C,N9,7,BnaA09g027590.3DH.1,BnaA09g027820.3DH.1,1.69,AT4G09100:1;AT4G09150:1;AT4G09580:1;AT4G09650:1;AT4G09680:1;AT4G09720:1;AT4G09750:1
napus,Bna_A,Bna_C,N9,9,BnaA09g030380.3DH.1,BnaA09g031220.3DH.1,0.27,AT4G08390:1;AT4G08290:1;AT1G35510:1;AT1G35460:1;AT1G35430:1;AT1G35420:1;AT1G35330:1;AT1G35160:1;AT1G35140:1
napus,Bna_A,Bna_C,N9,6,BnaA09g051550.3DH.1,BnaA09g051600.3DH.1,2.64,AT3G59940:1;AT3G59950:1;AT3G59960:1;AT3G59970:1;AT3G59980:1;AT3G59990:1
napus,Bna_A,Bna_C,N9,39,BnaA09g068540.3DH.1,BnaA09g069110.3DH.1,0.92,AT1G02380:2;AT1G02340:2;AT1G02335:2;AT1G02280:2;AT1G02270:2;AT1G02260:2;AT1G02250:2;AT1G02230:2;AT1G01050:2;AT1G02220:2;AT1G01070:2;AT1G01090:2;AT1G01100:2;AT1G01120:2;AT1G01140:2;AT1G01160:2;AT1G01190:2;AT1G01210:2;AT1G01220:2;AT1G01225:2;AT1G01230:2;AT1G01240:2;AT1G01250:2;AT1G01280:2;AT1G01290:2;AT1G01310:2;AT1G01370:2;AT1G01380:2;AT1G01450:2;AT1G01490:2;AT1G01500:2;AT1G01540:2;AT1G01580:2;AT1G01590:2;AT1G01600:2;AT1G01610:2;AT1G01620:2;AT1G01630:2;AT1G01650:2
napus,Bna_A,Bna_C,Scaffold00891,5,BnaS00891g110.3DH.1,BnaS00891g220.3DH.1,9.56,AT3G01329:2;AT3G01320:2;AT3G01310:2;AT3G01280:2;AT3G01270:2
napus,Bna_A,Bna_C,Scaffold01069,8,BnaS01069g040.3DH.1,BnaS01069g150.3DH.1,0.52,AT3G01380:2;AT3G01360:2;AT3G01350:2;AT3G01340:2;AT3G01330:2;AT3G01311:2;AT3G01300:2;AT3G01290:2
napus,Bna_C,Bna_A,N11,6,BnaC01g033130.3DH.1,BnaC01g033470.3DH.1,0.0,AT3G46060:2;AT3G46090:2;AT3G46160:2;AT3G46350:2;AT3G46400:2;AT3G46440:2
napus,Bna_C,Bna_A,N11,6,BnaC01g056860.3DH.1,BnaC01g056920.3DH.1,1.27,AT3G13570:2;AT3G13540:2;AT3G13530:2;AT3G13480:2;AT3G13460:2;AT3G13440:2
napus,Bna_C,Bna_A,N11,40,BnaC01g062370.3DH.1,BnaC01g063020.3DH.1,0.8,AT3G06410:2;AT3G06400:2;AT3G06360:2;AT3G06350:2;AT3G06330:2;AT3G06270:2;AT3G06260:2;AT3G06190:2;AT3G06120:2;AT3G06070:2;AT3G06035:2;AT3G06010:2;AT3G05990:2;AT3G05980:2;AT3G05975:2;AT3G05960:2;AT3G05950:2;AT3G05930:2;AT3G05920:2;AT3G05900:2;AT3G05860:2;AT3G05858:2;AT3G05840:2;AT3G05820:2;AT3G05800:2;AT3G05790:2;AT3G05780:2;AT3G05741:2;AT3G05727:2;AT3G05725:2;AT3G05710:2;AT3G05690:2;AT3G05640:2;AT3G05630:2;AT3G05610:2;AT3G05590:2;AT3G05580:2;AT3G05560:2;AT3G05545:2;AT3G05490:2
napus,Bna_C,Bna_A,N12,11,BnaC02g061910.3DH.1,BnaC02g062100.3DH.1,0.57,AT5G66900:3;AT5G66910:3;AT5G66920:3;AT5G66930:3;AT5G67060:3;AT5G67070:3;AT5G67300:3;AT5G67360:3;AT5G67370:3;AT5G67380:3;AT5G67385:3
napus,Bna_C,Bna_A,N13,9,BnaC03g033170.3DH.1,BnaC03g033380.3DH.1,0.77,AT2G26180:3;AT2G24690:3;AT2G24650:3;AT2G24645:3;AT2G24450:3;AT2G24210:3;AT2G24150:3;AT2G23970:3;AT2G23810:3
napus,Bna_C,Bna_A,N13,5,BnaC03g067340.3DH.1,BnaC03g067520.3DH.1,0.01,AT5G62200:1;AT5G62190:1;AT5G62160:1;AT5G62150:1;AT5G62110:1
napus,Bna_C,Bna_A,N13,5,BnaC03g088250.3DH.1,BnaC03g088480.3DH.1,0.09,AT4G19980:3;AT4G19940:3;AT4G19930:3;AT4G19925:3;AT4G19865:3
napus,Bna_C,Bna_A,N13,35,BnaC03g089630.3DH.1,BnaC03g090290.3DH.1,0.3,AT4G20900:3;AT4G21690:3;AT4G21680:3;AT4G21670:3;AT4G21660:3;AT4G21620:3;AT4G21610:3;AT4G21600:3;AT4G21590:3;AT4G21570:3;AT4G21560:3;AT4G21540:3;AT4G21470:3;AT4G21450:3;AT4G21430:3;AT4G21410:3;AT4G21330:3;AT4G21215:3;AT4G21200:3;AT4G21192:3;AT4G21160:3;AT4G21150:3;AT4G21120:3;AT4G21110:3;AT4G21105:3;AT4G21100:3;AT4G21090:3;AT4G21070:3;AT4G21040:3;AT4G21020:3;AT4G21000:3;AT4G20970:3;AT4G20960:3;AT4G20940:3;AT4G20930:3
napus,Bna_C,Bna_A,N14,14,BnaC04g026680.3DH.1,BnaC04g027630.3DH.1,0.52,AT1G56560:3;AT1G56580:3;AT1G57610:3;AT1G57720:3;AT1G58050:3;AT1G58070:3;AT1G58080:3;AT1G58170:3;AT1G58200:3;AT1G58360:3;AT1G60200:3;AT1G60190:3;AT1G60170:3;AT1G59990:3
napus,Bna_C,Bna_A,N14,17,BnaC04g028180.3DH.1,BnaC04g029310.3DH.1,0.12,AT1G59600:3;AT1G59590:3;AT1G59540:3;AT1G58520:3;AT1G60350:3;AT1G60490:3;AT1G60620:3;AT1G60640:3;AT1G60660:3;AT1G60800:3;AT1G60960:3;AT1G60995:3;AT1G61000:3;AT1G61010:3;AT1G61040:3;AT1G61050:3;AT1G61065:3
napus,Bna_C,Bna_A,N14,6,BnaC04g030170.3DH.1,BnaC04g030520.3DH.1,0.8,AT1G61770:3;AT1G61790:3;AT1G61795:3;AT1G61820:3;AT1G61870:3;AT1G61890:3
napus,Bna_C,Bna_A,N14,5,BnaC04g031790.3DH.1,BnaC04g031980.3DH.1,0.0,AT1G62360:3;AT1G62710:3;AT1G62760:3;AT1G62770:3;AT1G62790:3
napus,Bna_C,Bna_A,N14,19,BnaC04g032190.3DH.1,BnaC04g032800.3DH.1,0.26,AT1G62981:3;AT1G62990:3;AT1G63000:3;AT1G63140:3;AT1G63160:3;AT1G63190:3;AT1G63430:3;AT1G63440:3;AT1G63450:3;AT1G63500:3;AT1G63540:3;AT1G63570:3;AT1G63730:3;AT1G63770:3;AT1G63840:3;AT1G63870:3;AT1G63940:3;AT1G63950:3;AT1G63970:3
napus,Bna_C,Bna_A,N14,6,BnaC04g074940.3DH.1,BnaC04g074990.3DH.1,0.07,AT2G47160:1;AT2G47170:1;AT2G47180:1;AT2G47190:1;AT2G47200:1;AT2G47210:1
napus,Bna_C,Bna_A,N14,7,BnaC04g075240.3DH.1,BnaC04g075320.3DH.1,1.22,AT2G47770:1;AT2G47790:1;AT2G47880:1;AT2G47900:1;AT2G47910:1;AT2G47940:1;AT2G47950:1
napus,Bna_C,Bna_A,N16,16,BnaC06g010710.3DH.1,BnaC06g011550.3DH.1,0.69,AT1G55350:2;AT1G55370:2;AT1G55475:2;AT1G55550:2;AT1G55580:2;AT1G55590:2;AT1G55620:2;AT1G55630:2;AT1G55640:2;AT1G55830:2;AT1G55840:2;AT1G55870:2;AT1G55880:2;AT1G56060:2;AT1G56100:2;AT1G56120:2
napus,Bna_C,Bna_A,N16,5,BnaC06g017780.3DH.1,BnaC06g017950.3DH.1,0.32,AT1G55160:1;AT1G55190:1;AT1G55240:1;AT1G55265:1;AT1G55310:1
napus,Bna_C,Bna_A,N16,11,BnaC06g018030.3DH.1,BnaC06g018210.3DH.1,1.61,AT1G55450:1;AT1G55460:1;AT1G55480:1;AT1G55490:1;AT1G55520:1;AT1G55530:1;AT1G55535:1;AT1G55650:1;AT1G55680:1;AT1G55730:1;AT1G55790:1
napus,Bna_C,Bna_A,N16,7,BnaC06g018280.3DH.1,BnaC06g018460.3DH.1,0.84,AT1G55890:1;AT1G55920:1;AT1G55980:1;AT1G56030:1;AT1G56050:1;AT4G15233:3;AT4G15230:3
napus,Bna_C,Bna_A,N16,6,BnaC06g039040.3DH.1,BnaC06g039160.3DH.1,0.01,AT1G70140:3;AT1G70130:3;AT1G70110:3;AT1G70030:3;AT1G69970:3;AT1G69920:3
napus,Bna_C,Bna_A,N16,14,BnaC06g054120.3DH.1,BnaC06g054310.3DH.1,3.62,AT1G77210:1;AT1G77220:1;AT1G77260:1;AT1G77280:1;AT1G77290:1;AT1G77300:1;AT1G77310:1;AT1G77320:1;AT1G77330:1;AT1G77380:1;AT1G77390:1;AT1G77400:1;AT1G77480:1;AT1G77490:1
napus,Bna_C,Bna_A,N17,12,BnaC07g009910.3DH.1,BnaC07g010390.3DH.1,1.78,AT2G15400:1;AT2G15390:1;AT2G15290:1;AT2G15280:1;AT2G15270:1;AT2G15240:1;AT2G15230:1;AT2G15090:1;AT2G15000:1;AT2G14860:1;AT2G14850:1;AT2G14835:1
napus,Bna_C,Bna_A,N17,6,BnaC07g011720.3DH.1,BnaC07g012270.3DH.1,2.73,AT2G05760:1;AT2G05620:1;AT2G05590:1;AT2G05170:1;AT2G05120:1;AT2G04900:1
napus,Bna_C,Bna_A,N17,14,BnaC07g068040.3DH.1,BnaC07g068240.3DH.1,0.26,AT4G37930:2;AT4G39955:2;AT4G39950:2;AT4G39940:2;AT4G39920:2;AT4G39890:2;AT4G39880:2;AT4G39870:2;AT4G39860:2;AT4G39850:2;AT4G39830:2;AT4G39810:2;AT4G39795:2;AT4G39780:2
napus,Bna_C,Bna_A,N18,7,BnaC08g004150.3DH.1,BnaC08g004370.3DH.1,0.33,AT1G49600:3;AT1G49660:3;AT1G49670:3;AT1G49740:3;AT1G49750:3;AT1G49780:3;AT1G49800:3
napus,Bna_C,Bna_A,N18,21,BnaC08g018890.3DH.1,BnaC08g019480.3DH.1,0.87,AT4G16050:3;AT4G16130:3;AT4G16143:3;AT4G16146:3;AT4G16150:3;AT4G16160:3;AT4G16210:3;AT4G16250:3;AT4G16265:3;AT4G16310:3;AT4G16360:3;AT4G16370:3;AT4G16380:3;AT4G16390:3;AT4G16400:3;AT4G16420:3;AT4G16440:3;AT4G16442:3;AT4G16444:3;AT4G16447:3;AT4G16470:3
napus,Bna_C,Bna_A,N18,8,BnaC08g068910.3DH.1,BnaC08g069030.3DH.1,3.68,AT1G01960:2;AT1G02010:2;AT1G02040:2;AT1G02065:2;AT1G02070:2;AT1G02080:2;AT1G02130:2;AT1G02205:2
napus,Bna_C,Bna_A,N19,6,BnaC09g008240.3DH.1,BnaC09g008290.3DH.1,0.53,AT5G61350:2;AT5G61380:2;AT5G61390:2;AT5G61400:2;AT5G61412:2;AT5G61420:2
napus,Bna_C,Bna_A,N19,9,BnaC09g024900.3DH.1,BnaC09g025180.3DH.1,3.02,AT1G55040:2;AT1G54930:2;AT1G54920:2;AT1G54890:2;AT1G54710:2;AT1G54630:2;AT1G54610:2;AT1G54570:2;AT1G54540:2
napus,Bna_C,Bna_A,N19,7,BnaC09g032000.3DH.1,BnaC09g032110.3DH.1,0.2,AT2G03200:3;AT2G03210:3;AT2G03240:3;AT2G03250:3;AT2G03260:3;AT2G03270:3;AT2G03280:3
napus,Bna_C,Bna_A,N19,5,BnaC09g042960.3DH.1,BnaC09g043490.3DH.1,0.02,AT5G50780:1;AT5G50670:1;AT5G50660:1;AT5G51070:1;AT5G51110:1
napus,Bna_C,Bna_A,N19,6,BnaC09g061010.3DH.1,BnaC09g061090.3DH.1,3.29,AT5G19855:1;AT5G19850:1;AT5G19820:1;AT5G19790:1;AT5G19780:1;AT5G19770:1
napus,Bna_C,Bna_A,N19,14,BnaC09g076290.3DH.1,BnaC09g076530.3DH.1,2.71,AT5G05010:1;AT5G05000:1;AT5G04950:1;AT5G04940:1;AT5G04930:1;AT5G04920:1;AT5G04910:1;AT5G04895:1;AT5G04890:1;AT5G04885:1;AT5G04870:1;AT5G04860:1;AT5G04850:1;AT5G04660:1
napus,Bna_C,Bna_A,N19,51,BnaC09g076660.3DH.1,BnaC09g077290.3DH.1,1.56,AT5G02420:1;AT5G02410:1;AT5G02400:1;AT5G02390:1;AT5G02380:1;AT5G02370:1;AT5G02320:1;AT5G02310:1;AT5G02290:1;AT5G02280:1;AT5G02270:1;AT5G02260:1;AT5G02250:1;AT5G02240:1;AT5G02230:1;AT5G02220:1;AT5G02200:1;AT5G02180:1;AT5G02160:1;AT5G02140:1;AT5G02130:1;AT5G02110:1;AT5G02100:1;AT5G02080:1;AT5G02070:1;AT5G02030:1;AT5G02020:1;AT5G02010:1;AT5G01030:1;AT5G01060:1;AT5G01075:1;AT5G01100:1;AT5G01120:1;AT5G01160:1;AT5G01170:1;AT5G01180:1;AT5G01220:1;AT5G01225:1;AT5G01230:1;AT5G01240:1;AT5G01250:1;AT5G01300:1;AT5G01310:1;AT5G01330:1;AT5G01380:1;AT5G01490:1;AT5G01550:1;AT5G01590:1;AT5G01610:1;AT5G01660:1;AT5G01700:1
napus,Bna_C,Bna_A,Scaffold00305b,19,BnaS0305bg030.3DH.1,BnaS0305bg260.3DH.1,0.7,AT2G36810:1;AT2G36800:1;AT2G36770:1;AT2G36720:1;AT2G36690:1;AT2G36640:1;AT2G36550:1;AT2G36530:1;AT2G36500:1;AT2G36480:1;AT2G36460:1;AT2G36450:1;AT2G36430:1;AT2G36420:1;AT2G36410:1;AT2G36400:1;AT2G36380:1;AT2G36370:1;AT2G36340:1
napus,Bna_C,Bna_A,Scaffold01001,7,BnaS01001g010.3DH.1,BnaS01001g150.3DH.1,1.0,AT3G01540:1;AT3G01790:1;AT3G02030:1;AT3G02050:1;AT3G02060:1;AT3G02065:1;AT3G02070:1
napus,Bna_C,Bna_A,Scaffold01003,16,BnaS01003g010.3DH.1,BnaS01003g180.3DH.1,0.26,AT3G01660:1;AT3G01670:1;AT3G01680:1;AT3G01690:1;AT3G01700:1;AT3G01760:1;AT3G01770:1;AT3G01840:1;AT3G01870:1;AT3G01900:1;AT3G01910:1;AT3G01940:1;AT3G01950:1;AT3G01960:1;AT3G01970:1;AT3G02040:1
juncea,Bju_A,Bju_B,A01,6,BjuA01g000100.3DH.1,BjuA01g000160.3DH.1,0.6,AT4G38460:2;AT4G38470:2;AT4G38495:2;AT4G38670:2;AT4G38700:2;AT4G38770:2
juncea,Bju_A,Bju_B,A01,7,BjuA01g000360.3DH.1,BjuA01g000480.3DH.1,0.0,AT4G39130:2;AT4G39150:2;AT4G39250:2;AT4G39300:2;AT4G39320:2;AT4G39340:2;AT4G39350:2
juncea,Bju_A,Bju_B,A01,7,BjuA01g000530.3DH.2,BjuA01g000710.3DH.1,0.74,AT4G39420:2;AT4G39520:2;AT4G39540:2;AT4G39550:2;AT4G39590:2;AT4G39620:2;AT4G39630:2
juncea,Bju_A,Bju_B,A01,8,BjuA01g011560.3DH.1,BjuA01g011720.3DH.1,2.85,AT4G19180:1;AT4G19190:1;AT4G19230:1;AT4G19350:1;AT4G19370:1;AT4G19380:1;AT4G19390:1;AT4G19400:1
juncea,Bju_A,Bju_B,A01,7,BjuA01g012100.3DH.1,BjuA01g012200.3DH.2,0.24,AT4G19850:1;AT4G19860:1;AT4G19890:1;AT4G19970:1;AT4G19980:1;AT4G19985:1;AT4G19990:1
juncea,Bju_A,Bju_B,A01,6,BjuA01g012230.3DH.1,BjuA01g012310.3DH.1,1.21,AT4G20030:1;AT4G20050:1;AT4G20090:1;AT4G20110:1;AT4G20140:1;AT4G20160:1
juncea,Bju_A,Bju_B,A01,12,BjuA01g012470.3DH.1,BjuA01g012670.3DH.1,0.82,AT4G20420:1;AT4G20430:1;AT4G20440:1;AT4G20740:1;AT4G20760:1;AT4G20770:1;AT4G20790:1;AT4G20800:1;AT4G20820:1;AT4G20830:1;AT4G20850:1;AT4G20870:1
juncea,Bju_A,Bju_B,A01,5,BjuA01g022820.3DH.1,BjuA01g022930.3DH.1,0.77,AT4G15910:1;AT4G15850:1;AT4G15810:1;AT4G15790:1;AT4G15780:1
juncea,Bju_A,Bju_B,A01,6,BjuA01g023660.3DH.1,BjuA01g023890.3DH.1,0.1,AT4G15510:1;AT4G15500:1;AT4G15490:1;AT4G15450:1;AT4G15430:1;AT4G15420:1
juncea,Bju_A,Bju_B,A01,26,BjuA01g024990.3DH.1,BjuA01g026150.3DH.1,0.48,AT3G44730:2;AT3G44750:2;AT3G44820:2;AT3G44880:2;AT3G44890:2;AT3G44900:2;AT3G44940:2;AT3G44990:2;AT3G45020:2;AT3G45040:2;AT3G45050:2;AT3G45060:2;AT3G45190:2;AT3G45260:2;AT3G45600:2;AT3G45650:2;AT3G45730:2;AT3G45770:2;AT3G45850:2;AT3G46290:2;AT3G46330:2;AT3G46350:2;AT3G46510:2;AT3G46540:2;AT3G46580:2;AT3G46600:2
juncea,Bju_A,Bju_B,A01,10,BjuA01g026210.3DH.1,BjuA01g026490.3DH.1,0.03,AT3G46690:2;AT3G46710:2;AT3G46730:2;AT3G46760:2;AT3G46780:2;AT3G46790:2;AT3G46880:2;AT3G47040:2;AT3G47360:2;AT3G47400:2
juncea,Bju_A,Bju_B,A01,7,BjuA01g026650.3DH.1,BjuA01g026840.3DH.1,0.18,AT3G47740:2;AT3G47780:2;AT3G47830:2;AT3G47910:2;AT3G47940:2;AT3G47980:2;AT3G48080:2
juncea,Bju_A,Bju_B,A01,7,BjuA01g027050.3DH.1,BjuA01g027390.3DH.1,0.74,AT3G48195:2;AT3G48300:2;AT3G48500:1;AT3G48510:1;AT3G48540:1;AT3G48560:1;AT3G48610:2
juncea,Bju_A,Bju_B,A01,19,BjuA01g028590.3DH.1,BjuA01g029130.3DH.1,0.2,AT3G50080:3;AT3G50100:3;AT3G50230:3;AT3G50270:3;AT3G50280:3;AT3G50310:3;AT3G50330:3;AT3G50340:3;AT3G50360:3;AT3G50380:3;AT3G50400:3;AT3G50430:3;AT3G50510:3;AT3G50520:3;AT3G50530:3;AT3G50560:3;AT3G50610:3;AT3G50660:3;AT3G50810:3
juncea,Bju_A,Bju_B,A01,5,BjuA01g029310.3DH.1,BjuA01g029410.3DH.1,1.02,AT3G51060:3;AT3G51070:3;AT3G51080:3;AT3G51090:3;AT3G51140:3
juncea,Bju_A,Bju_B,A01,12,BjuA01g029530.3DH.1,BjuA01g029720.3DH.1,2.64,AT3G51370:3;AT3G51390:3;AT3G51430:3;AT3G51440:3;AT3G51460:3;AT3G51470:3;AT3G51490:3;AT3G51500:3;AT3G51520:3;AT3G51590:3;AT3G51610:3;AT3G51620:3
juncea,Bju_A,Bju_B,A01,8,BjuA01g031670.3DH.1,BjuA01g032060.3DH.1,0.61,AT1G60420:1;AT1G60280:1;AT1G60200:1;AT1G60190:1;AT1G60170:1;AT1G60160:1;AT1G60070:1;AT1G60030:1
juncea,Bju_A,Bju_B,A01,5,BjuA01g033430.3DH.2,BjuA01g033510.3DH.1,4.44,AT1G60990:1;AT1G60995:1;AT1G61010:1;AT1G61040:1;AT1G61065:1
juncea,Bju_A,Bju_B,A01,6,BjuA01g033580.3DH.1,BjuA01g033680.3DH.1,6.31,AT1G61130:1;AT1G61140:1;AT1G61150:1;AT1G61170:1;AT1G61210:1;AT1G61215:1
juncea,Bju_A,Bju_B,A01,13,BjuA01g033980.3DH.1,BjuA01g034350.3DH.1,1.24,AT1G61560:1;AT1G61566:1;AT1G61580:1;AT1G61600:1;AT1G61610:1;AT1G61620:1;AT1G61630:1;AT1G61640:1;AT1G61667:1;AT1G61670:1;AT1G61690:1;AT1G61700:1;AT1G61720:1
juncea,Bju_A,Bju_B,A01,16,BjuA01g035070.3DH.1,BjuA01g035540.3DH.1,3.39,AT3G23900:2;AT3G23840:2;AT3G23810:2;AT3G23805:2;AT3G23750:2;AT3G23710:2;AT3G23690:2;AT3G23670:2;AT3G23640:2;AT3G23630:2;AT3G23620:2;AT3G23610:2;AT3G23600:2;AT3G23590:2;AT3G23560:2;AT3G23540:2
juncea,Bju_A,Bju_B,A01,5,BjuA01g038960.3DH.1,BjuA01g039030.3DH.1,3.23,AT3G19900:2;AT3G19895:2;AT3G19870:2;AT3G19850:2;AT3G19830:2
juncea,Bju_A,Bju_B,A01,7,BjuA01g039070.3DH.1,BjuA01g039170.3DH.1,0.36,AT3G19740:2;AT3G19720:2;AT3G19700:2;AT3G19660:2;AT3G19650:2;AT3G19615:2;AT3G19590:2
juncea,Bju_A,Bju_B,A01,10,BjuA01g040350.3DH.1,BjuA01g040530.3DH.1,2.14,AT3G18200:2;AT3G18180:2;AT3G18165:2;AT3G18160:2;AT3G18130:2;AT3G18090:2;AT3G18080:2;AT3G18035:2;AT3G18030:2;AT3G17950:2
juncea,Bju_A,Bju_B,A01,5,BjuA01g041830.3DH.1,BjuA01g041870.3DH.1,0.27,AT3G16710:2;AT3G16700:2;AT3G16690:2;AT3G16660:2;AT3G16650:2
juncea,Bju_A,Bju_B,A01,6,BjuA01g044380.3DH.1,BjuA01g044450.3DH.1,2.07,AT3G12610:2;AT3G12590:2;AT3G12580:2;AT3G12570:2;AT3G12530:2;AT3G12510:2
juncea,Bju_A,Bju_B,A01,10,BjuA01g045660.3DH.1,BjuA01g045930.3DH.1,4.48,AT3G10740:2;AT3G10720:2;AT3G10710:2;AT3G10650:2;AT3G10630:2;AT3G10600:2;AT3G10595:2;AT3G10580:2;AT3G10550:2;AT3G10540:2
juncea,Bju_A,Bju_B,A01,30,BjuA01g046510.3DH.1,BjuA01g046970.3DH.1,0.71,AT3G09380:3;AT3G09300:3;AT3G09290:3;AT3G09270:3;AT3G09260:3;AT3G09250:3;AT3G09240:3;AT3G09230:3;AT3G09210:3;AT3G09090:3;AT3G09085:3;AT3G09080:3;AT3G09070:3;AT3G09050:3;AT3G09032:3;AT3G09020:3;AT3G09010:3;AT3G09000:3;AT3G08980:3;AT3G08870:3;AT3G08790:3;AT3G08760:3;AT3G08720:3;AT3G08710:3;AT3G08690:3;AT3G08680:3;AT3G08650:3;AT3G08640:3;AT3G08550:3;AT3G08510:3
juncea,Bju_A,Bju_B,A01,5,BjuA01g047210.3DH.1,BjuA01g047280.3DH.1,2.29,AT3G07750:3;AT3G07670:3;AT3G07660:3;AT3G07620:3;AT3G07590:3
juncea,Bju_A,Bju_B,A01,5,BjuA01g047770.3DH.1,BjuA01g047820.3DH.1,5.58,AT3G06760:1;AT3G06740:1;AT3G06730:1;AT3G06680:2;AT3G06660:1
juncea,Bju_A,Bju_B,A01,41,BjuA01g047930.3DH.1,BjuA01g048680.3DH.1,1.07,AT3G06580:3;AT3G06550:3;AT3G06540:3;AT3G06510:3;AT3G06490:3;AT3G06470:3;AT3G06440:3;AT3G06410:3;AT3G06400:3;AT3G06360:3;AT3G06350:3;AT3G06330:3;AT3G06270:3;AT3G06260:3;AT3G06190:3;AT3G06120:3;AT3G06070:3;AT3G06035:3;AT3G06010:3;AT3G05990:3;AT3G05980:3;AT3G05975:3;AT3G05960:3;AT3G05950:3;AT3G05930:3;AT3G05920:3;AT3G05900:3;AT3G05858:3;AT3G05840:3;AT3G05820:3;AT3G05800:3;AT3G05790:3;AT3G05400:3;AT3G05040:3;AT3G04860:2;AT3G04790:2;AT3G04780:2;AT3G04730:2;AT3G04660:2;AT3G04640:2;AT3G04620:2
juncea,Bju_A,Bju_B,A01,16,BjuA01g049000.3DH.1,BjuA01g049280.3DH.2,0.76,AT3G04050:2;AT3G04030:2;AT3G03990:2;AT3G03980:2;AT3G03970:2;AT3G03960:2;AT3G03950:2;AT3G03940:2;AT3G03920:2;AT3G03910:2;AT3G03860:2;AT3G03810:2;AT3G03773:2;AT3G03760:3;AT3G03740:2;AT3G03720:2
juncea,Bju_A,Bju_B,A01,19,BjuA01g049350.3DH.1,BjuA01g049570.3DH.1,0.19,AT3G03660:2;AT3G03640:2;AT3G03630:2;AT3G03620:2;AT3G03610:2;AT3G03550:3;AT3G03530:2;AT3G03500:2;AT3G03460:2;AT3G03440:2;AT3G03430:2;AT3G03420:2;AT3G03380:2;AT3G03341:2;AT3G03260:2;AT3G03250:2;AT3G03230:2;AT3G03220:2;AT3G03200:2
juncea,Bju_A,Bju_B,A01,7,BjuA01g049950.3DH.1,BjuA01g050060.3DH.1,2.72,AT3G02710:1;AT3G02700:1;AT3G02690:1;AT3G02660:1;AT3G02650:1;AT3G02630:1;AT3G02590:1
juncea,Bju_A,Bju_B,A01,6,BjuA01g050110.3DH.1,BjuA01g050220.3DH.1,0.95,AT3G02550:1;AT3G02510:1;AT3G02480:1;AT3G02470:1;AT3G02440:1;AT3G02430:1
juncea,Bju_A,Bju_B,A01,5,BjuA01g050250.3DH.1,BjuA01g050300.3DH.1,0.66,AT3G02380:1;AT3G02350:1;AT3G02340:1;AT3G02330:1;AT3G02320:1
juncea,Bju_A,Bju_B,A01,5,BjuA01g050810.3DH.1,BjuA01g050850.3DH.1,0.03,AT3G01435:2;AT3G01440:2;AT3G01460:2;AT3G01470:2;AT3G01500:3
juncea,Bju_A,Bju_B,A02,18,BjuA02g000060.3DH.1,BjuA02g000370.3DH.1,0.22,AT5G01900:2;AT5G01890:2;AT5G01880:2;AT5G01850:2;AT5G01840:2;AT5G01820:2;AT5G01810:2;AT5G01750:2;AT5G01740:2;AT5G01710:2;AT5G01470:2;AT5G01430:2;AT5G01420:2;AT5G01400:2;AT5G01370:2;AT5G01360:2;AT5G01320:2;AT5G01280:2
juncea,Bju_A,Bju_B,A02,9,BjuA02g000880.3DH.1,BjuA02g000980.3DH.1,1.54,AT5G03050:3;AT5G03070:3;AT5G03080:3;AT5G03110:3;AT5G03120:3;AT5G03170:3;AT5G03180:3;AT5G03200:3;AT5G03260:3
juncea,Bju_A,Bju_B,A02,7,BjuA02g001110.3DH.1,BjuA02g001210.3DH.1,1.95,AT5G03450:3;AT5G03460:3;AT5G03470:3;AT5G03530:3;AT5G03540:3;AT5G03580:3;AT5G03610:3
juncea,Bju_A,Bju_B,A02,10,BjuA02g001330.3DH.1,BjuA02g001510.3DH.1,1.74,AT5G03900:3;AT5G03905:3;AT5G03940:3;AT5G03960:3;AT5G04080:3;AT5G04120:3;AT5G04180:3;AT5G04190:3;AT5G04200:3;AT5G04230:3
juncea,Bju_A,Bju_B,A02,5,BjuA02g001860.3DH.1,BjuA02g001900.3DH.1,0.01,AT5G05220:3;AT5G05240:3;AT5G05260:3;AT5G05290:3;AT5G05330:3
juncea,Bju_A,Bju_B,A02,5,BjuA02g002150.3DH.1,BjuA02g002200.3DH.1,9.27,AT5G06120:3;AT5G06130:3;AT5G06160:3;AT5G06210:3;AT5G06230:3
juncea,Bju_A,Bju_B,A02,21,BjuA02g002230.3DH.1,BjuA02g002550.3DH.1,0.03,AT5G06360:3;AT5G06380:3;AT5G06480:3;AT5G06490:3;AT5G06500:3;AT5G06530:3;AT5G06560:3;AT5G06620:3;AT5G06650:3;AT5G06670:3;AT5G06680:3;AT5G06750:3;AT5G06770:3;AT5G06810:3;AT5G06900:3;AT5G06905:3;AT5G06960:3;AT5G06990:3;AT5G07020:3;AT5G07070:3;AT5G07100:3
juncea,Bju_A,Bju_B,A02,13,BjuA02g002580.3DH.1,BjuA02g002780.3DH.1,0.53,AT5G07225:3;AT5G07320:3;AT5G07350:3;AT5G07400:3;AT5G07440:3;AT5G07480:3;AT5G07530:3;AT5G07560:3;AT5G07580:3;AT5G07630:3;AT5G07660:3;AT5G07670:3;AT5G07680:3
juncea,Bju_A,Bju_B,A02,5,BjuA02g002820.3DH.1,BjuA02g002860.3DH.1,5.61,AT5G07870:2;AT5G07910:2;AT5G07920:2;AT5G07930:2;AT5G07940:2
juncea,Bju_A,Bju_B,A02,5,BjuA02g003330.3DH.1,BjuA02g003400.3DH.1,0.06,AT5G09440:2;AT5G09450:2;AT5G09490:2;AT5G09500:2;AT5G09530:2
juncea,Bju_A,Bju_B,A02,8,BjuA02g004060.3DH.1,BjuA02g004160.3DH.1,3.1,AT5G10780:2;AT5G10790:2;AT5G10810:2;AT5G10820:2;AT5G10830:2;AT5G10860:2;AT5G10870:2;AT5G10900:2
juncea,Bju_A,Bju_B,A02,6,BjuA02g017540.3DH.1,BjuA02g017680.3DH.1,2.09,AT5G51780:2;AT5G51690:2;AT5G51670:2;AT5G51660:2;AT5G51640:2;AT5G51550:2
juncea,Bju_A,Bju_B,A02,11,BjuA02g017900.3DH.1,BjuA02g018070.3DH.1,2.23,AT5G51140:2;AT5G51130:2;AT5G51120:2;AT5G51040:2;AT5G50990:2;AT5G50900:2;AT5G50850:2;AT5G50840:2;AT5G50830:2;AT5G50710:3;AT5G50700:3
juncea,Bju_A,Bju_B,A02,5,BjuA02g020400.3DH.3,BjuA02g020510.3DH.1,0.0,AT1G68150:3;AT1G68170:3;AT1G68180:3;AT1G68238:1;AT1G68240:1
juncea,Bju_A,Bju_B,A02,11,BjuA02g024100.3DH.1,BjuA02g024240.3DH.1,0.02,AT1G72970:1;AT1G72980:1;AT1G73000:1;AT1G73040:1;AT1G73050:3;AT1G73090:1;AT1G73130:1;AT1G73140:1;AT1G73150:1;AT1G73170:1;AT1G73180:1
juncea,Bju_A,Bju_B,A02,7,BjuA02g024310.3DH.1,BjuA02g024440.3DH.1,0.2,AT1G73230:3;AT1G73260:3;AT1G73380:1;AT1G73450:1;AT1G73470:1;AT1G73500:1;AT1G73530:1
juncea,Bju_A,Bju_B,A02,5,BjuA02g025200.3DH.1,BjuA02g025260.3DH.1,2.6,AT1G74630:1;AT1G74640:1;AT1G74690:1;AT1G74700:1;AT1G74730:3
juncea,Bju_A,Bju_B,A02,5,BjuA02g027050.3DH.1,BjuA02g027110.3DH.1,0.14,AT1G77360:1;AT1G77410:1;AT1G77420:1;AT1G77450:1;AT1G77470:1
juncea,Bju_A,Bju_B,A02,6,BjuA02g027200.3DH.1,BjuA02g027500.3DH.1,4.93,AT1G77600:1;AT1G77630:1;AT1G77680:1;AT1G77690:1;AT1G77730:1;AT1G77740:1
juncea,Bju_A,Bju_B,A02,8,BjuA02g028720.3DH.1,BjuA02g028830.3DH.1,6.37,AT1G79550:1;AT1G79590:1;AT1G79600:1;AT1G79620:1;AT1G79630:1;AT1G79670:1;AT1G80930:3;AT1G80920:3
juncea,Bju_A,Bju_B,A02,56,BjuA02g029770.3DH.1,BjuA02g030990.3DH.1,0.27,AT1G79960:2;AT1G79940:2;AT1G79910:2;AT4G00220:2;AT4G00240:2;AT4G00290:2;AT4G00300:2;AT4G00305:3;AT4G00360:3;AT4G00370:3;AT4G00520:3;AT4G00540:3;AT4G00560:3;AT4G00660:3;AT4G00700:3;AT4G00750:3;AT4G00755:3;AT4G00770:3;AT4G01240:3;AT4G01210:3;AT4G01200:3;AT4G01150:3;AT4G01110:3;AT4G01023:3;AT4G01060:3;AT4G01070:3;AT4G00970:3;AT4G00910:3;AT4G00895:3;AT4G00890:3;AT4G01430:3;AT4G01450:3;AT4G01470:3;AT4G01500:3;AT4G01550:3;AT4G01590:3;AT4G01730:3;AT4G02120:3;AT4G02130:3;AT4G02150:3;AT4G02210:3;AT4G02250:3;AT4G02260:3;AT4G02270:3;AT4G02290:3;AT4G02350:3;AT4G02370:3;AT4G02390:3;AT4G02400:3;AT4G02420:3;AT4G02425:3;AT4G02460:3;AT4G02510:3;AT4G02530:3;AT4G02550:3;AT4G02560:3
juncea,Bju_A,Bju_B,A02,43,BjuA02g031020.3DH.1,BjuA02g032410.3DH.1,0.37,AT4G02620:3;AT4G02670:3;AT4G02715:3;AT4G02725:3;AT4G02730:3;AT4G02830:3;AT4G02850:3;AT4G02860:3;AT4G02880:3;AT4G02920:3;AT4G03050:3;AT4G03080:3;AT4G03090:3;AT4G03110:3;AT4G03115:3;AT4G03120:3;AT4G03180:3;AT4G03190:3;AT4G03220:3;AT4G05150:3;AT4G05120:3;AT4G04890:3;AT4G04885:3;AT4G04780:3;AT4G04770:3;AT4G04750:3;AT4G04720:3;AT4G04640:3;AT4G04580:2;AT4G12250:3;AT4G12110:2;AT4G12080:2;AT4G12070:2;AT4G11970:2;AT4G11820:2;AT4G11800:2;AT4G11790:2;AT4G11780:2;AT4G11740:2;AT4G11640:1;AT4G11450:3;AT4G11440:3;AT4G11420:3
juncea,Bju_A,Bju_B,A02,106,BjuA02g032540.3DH.1,BjuA02g037020.3DH.1,0.38,AT4G11230:3;AT4G11210:3;AT4G11160:3;AT4G11150:3;AT4G11100:3;AT4G11070:3;AT4G11030:3;AT4G11010:3;AT4G10910:3;AT4G10810:3;AT4G10770:3;AT4G10730:3;AT4G10550:3;AT4G10520:3;AT4G10450:3;AT4G10440:3;AT4G10430:3;AT4G10390:3;AT4G10380:3;AT4G10360:3;AT4G10330:3;AT4G10310:3;AT4G10150:2;AT4G10140:2;AT4G10120:2;AT4G10080:2;AT4G10060:1;AT4G10030:3;AT4G10000:3;AT4G09970:3;AT5G42170:1;AT5G42450:2;AT5G42570:3;AT5G42610:3;AT5G42630:3;AT5G42650:3;AT5G42655:3;AT5G42700:3;AT5G42750:3;AT5G42790:3;AT5G42830:3;AT5G42960:3;AT5G42970:3;AT5G43000:3;AT5G43010:3;AT5G43060:3;AT5G43130:3;AT5G43210:3;AT5G43230:3;AT5G43300:3;AT5G43310:3;AT5G43320:3;AT5G43340:3;AT5G43360:3;AT5G43370:3;AT5G43500:3;AT5G43600:3;AT5G43710:3;AT5G43720:3;AT5G43745:3;AT5G43750:3;AT5G43760:3;AT5G43840:3;AT5G43850:3;AT5G43860:3;AT5G43870:3;AT5G43890:3;AT5G43950:3;AT5G43990:3;AT5G44005:3;AT5G44020:3;AT5G44030:3;AT5G44070:3;AT5G44120:3;AT5G44160:3;AT5G44190:3;AT5G44210:3;AT5G44290:3;AT5G44300:3;AT5G44310:3;AT5G44320:3;AT5G44340:3;AT5G44350:3;AT5G44370:3;AT5G44460:3;AT5G44480:3;AT5G44540:3;AT5G44550:3;AT5G44610:3;AT5G44630:3;AT5G44635:3;AT5G44660:3;AT5G44680:3;AT5G44690:3;AT5G44700:3;AT5G44710:3;AT5G44790:3;AT5G45020:3;AT5G45100:3;AT5G45110:3;AT5G45190:3;AT5G45230:1;AT5G45240:1;AT5G45275:1;AT5G45280:1;AT5G45300:2
juncea,Bju_A,Bju_B,A02,9,BjuA02g037530.3DH.1,BjuA02g037850.3DH.1,1.8,AT5G45890:2;AT5G45900:2;AT5G45930:2;AT5G45940:2;AT5G45950:2;AT5G45960:2;AT5G45970:2;AT5G45980:2;AT5G46030:2
juncea,Bju_A,Bju_B,A02,7,BjuA02g037980.3DH.1,BjuA02g038130.3DH.1,0.5,AT5G46100:2;AT5G46110:2;AT5G46140:2;AT5G46170:2;AT5G46200:2;AT5G46220:2;AT5G46280:2
juncea,Bju_A,Bju_B,A02,9,BjuA02g038490.3DH.1,BjuA02g038790.3DH.1,0.36,AT5G46550:2;AT5G46590:2;AT5G46600:2;AT5G46620:2;AT5G46680:2;AT5G46740:2;AT5G46770:2;AT5G46795:2;AT5G46810:2
juncea,Bju_A,Bju_B,A02,6,BjuA02g039680.3DH.1,BjuA02g039760.3DH.1,2.78,AT5G47390:2;AT5G47420:2;AT5G47450:2;AT5G47460:2;AT5G47470:2;AT5G47500:2
juncea,Bju_A,Bju_B,A02,13,BjuA02g040100.3DH.1,BjuA02g040430.3DH.1,7.3,AT2G01110:2;AT2G01120:2;AT2G01140:2;AT2G01170:2;AT2G01240:2;AT2G01260:2;AT2G01270:2;AT2G01275:2;AT2G01290:2;AT2G01320:2;AT2G01350:2;AT2G01400:2;AT2G01420:2
juncea,Bju_A,Bju_B,A02,13,BjuA02g040720.3DH.1,BjuA02g041070.3DH.1,0.6,AT2G01630:2;AT2G01640:2;AT2G01670:2;AT2G01710:2;AT2G01730:2;AT2G01760:2;AT2G01770:2;AT2G01810:2;AT2G01820:2;AT2G01850:2;AT2G01880:2;AT2G01900:2;AT2G01910:2
juncea,Bju_A,Bju_B,A02,15,BjuA02g041280.3DH.1,BjuA02g041650.3DH.1,0.96,AT2G02170:2;AT2G02220:2;AT2G02230:2;AT2G02240:2;AT2G02250:2;AT2G02310:2;AT2G02360:2;AT2G02370:2;AT2G02400:2;AT2G02480:2;AT2G02500:2;AT2G02510:2;AT2G02540:2;AT2G02560:2;AT2G02570:2
juncea,Bju_A,Bju_B,A02,11,BjuA02g041710.3DH.1,BjuA02g041910.3DH.1,2.64,AT2G02780:2;AT2G02800:2;AT2G02810:2;AT2G02820:2;AT2G02850:2;AT2G02860:2;AT2G02880:2;AT2G02910:2;AT2G02980:2;AT2G02990:2;AT2G03090:2
juncea,Bju_A,Bju_B,A02,6,BjuA02g042050.3DH.1,BjuA02g042170.3DH.1,0.14,AT2G03290:2;AT2G03340:2;AT2G03350:2;AT2G03440:2;AT2G03450:2;AT2G03500:2
juncea,Bju_A,Bju_B,A02,5,BjuA02g042270.3DH.1,BjuA02g042400.3DH.1,9.47,AT2G03730:2;AT2G03750:2;AT2G03800:2;AT2G03830:2;AT2G03840:2
juncea,Bju_A,Bju_B,A02,6,BjuA02g045320.3DH.1,BjuA02g045400.3DH.1,2.66,AT3G30725:2;AT3G30775:2;AT3G30841:2;AT5G47830:2;AT5G47880:2;AT5G47910:2
juncea,Bju_A,Bju_B,A02,6,BjuA02g046560.3DH.1,BjuA02g046630.3DH.1,6.19,AT5G29560:2;AT5G28840:2;AT5G28770:2;AT5G28740:2;AT5G28680:2;AT5G28650:2
juncea,Bju_A,Bju_B,A02,9,BjuA02g047220.3DH.1,BjuA02g047320.3DH.1,9.82,AT5G27030:3;AT5G26990:3;AT5G26930:3;AT5G26920:3;AT5G26910:3;AT5G26860:3;AT5G26820:3;AT5G26805:3;AT5G26760:3
juncea,Bju_A,Bju_B,A02,7,BjuA02g047800.3DH.1,BjuA02g047920.3DH.1,5.44,AT5G25960:3;AT5G25950:3;AT5G25940:3;AT5G25930:3;AT5G25830:3;AT5G25800:3;AT5G25770:3
juncea,Bju_A,Bju_B,A02,7,BjuA02g049250.3DH.1,BjuA02g049320.3DH.1,0.08,AT5G23280:3;AT5G23230:2;AT5G23210:2;AT5G23200:2;AT5G23190:2;AT5G23160:2;AT5G23150:2
juncea,Bju_A,Bju_B,A03,6,BjuA03g001190.3DH.1,BjuA03g001260.3DH.1,1.45,AT5G03455:2;AT5G03520:2;AT5G03550:2;AT5G03555:2;AT5G03560:2;AT5G03570:2
juncea,Bju_A,Bju_B,A03,8,BjuA03g001700.3DH.1,BjuA03g001810.3DH.1,0.85,AT5G04440:2;AT5G04490:2;AT5G04520:2;AT5G04660:2;AT5G04670:2;AT5G04700:2;AT5G04730:2;AT5G04750:2
juncea,Bju_A,Bju_B,A03,5,BjuA03g003400.3DH.1,BjuA03g003470.3DH.1,0.67,AT5G07730:3;AT5G07790:3;AT5G07810:3;AT5G07820:3;AT5G07890:3
juncea,Bju_A,Bju_B,A03,5,BjuA03g003500.3DH.1,BjuA03g003570.3DH.1,0.95,AT5G08020:3;AT5G08050:3;AT5G08070:3;AT5G08130:3;AT5G08139:3
juncea,Bju_A,Bju_B,A03,6,BjuA03g003750.3DH.2,BjuA03g003810.3DH.1,1.68,AT5G08340:3;AT5G08350:3;AT5G08370:3;AT5G08380:3;AT5G08390:3;AT5G08410:3
juncea,Bju_A,Bju_B,A03,9,BjuA03g003900.3DH.1,BjuA03g004020.3DH.1,2.3,AT5G08540:3;AT5G08550:3;AT5G08560:3;AT5G08565:3;AT5G08570:3;AT5G08580:3;AT5G08590:3;AT5G08630:3;AT5G08650:3
juncea,Bju_A,Bju_B,A03,6,BjuA03g004240.3DH.1,BjuA03g004310.3DH.1,0.24,AT5G09770:3;AT5G09805:3;AT5G09820:3;AT5G09850:3;AT5G09870:3;AT5G09876:3
juncea,Bju_A,Bju_B,A03,7,BjuA03g008740.3DH.1,BjuA03g008860.3DH.1,6.75,AT5G18250:3;AT5G18280:3;AT5G18320:3;AT5G18390:3;AT5G18400:3;AT5G18410:3;AT5G18420:3
juncea,Bju_A,Bju_B,A03,21,BjuA03g015810.3DH.1,BjuA03g016200.3DH.1,0.33,AT5G52120:3;AT5G52110:3;AT5G52100:3;AT5G52060:3;AT5G52050:3;AT5G52040:3;AT5G52020:3;AT5G52010:3;AT5G51980:3;AT5G51970:3;AT5G51950:3;AT5G51870:3;AT5G51860:3;AT5G51840:3;AT5G51830:3;AT5G51770:3;AT5G51760:3;AT5G51600:3;AT5G51570:3;AT5G51545:3;AT5G51540:3
juncea,Bju_A,Bju_B,A03,8,BjuA03g016260.3DH.1,BjuA03g016390.3DH.1,1.72,AT5G51451:3;AT5G51440:3;AT5G51410:3;AT5G51380:3;AT5G51300:3;AT5G51290:3;AT5G51160:3;AT5G51150:3
juncea,Bju_A,Bju_B,A03,14,BjuA03g016440.3DH.1,BjuA03g016630.3DH.1,1.23,AT5G51110:3;AT5G51105:3;AT5G51100:3;AT5G51070:3;AT5G51060:3;AT5G51030:3;AT5G51020:3;AT5G51010:3;AT5G50970:3;AT5G50930:3;AT5G50920:3;AT5G50915:3;AT5G50870:3;AT5G50860:3
juncea,Bju_A,Bju_B,A03,6,BjuA03g017870.3DH.1,BjuA03g017950.3DH.1,1.3,AT2G31750:3;AT2G31800:3;AT2G31840:3;AT2G31880:3;AT2G31890:3;AT2G31900:3
juncea,Bju_A,Bju_B,A03,13,BjuA03g025140.3DH.1,BjuA03g025420.3DH.1,0.49,AT2G45120:3;AT2G45130:3;AT2G45150:3;AT2G45160:3;AT2G45170:3;AT2G45180:3;AT2G45190:3;AT2G45200:3;AT2G45210:3;AT2G45260:3;AT2G45310:3;AT2G45320:3;AT2G45640:3
juncea,Bju_A,Bju_B,A03,5,BjuA03g025920.3DH.1,BjuA03g025980.3DH.1,0.01,AT2G46800:3;AT2G46850:3;AT2G46940:3;AT2G46970:3;AT2G47050:3
juncea,Bju_A,Bju_B,A03,6,BjuA03g026290.3DH.1,BjuA03g026360.3DH.1,2.41,AT2G47730:3;AT2G47760:3;AT2G47810:3;AT2G47820:3;AT2G47830:3;AT2G47850:3
juncea,Bju_A,Bju_B,A03,12,BjuA03g026600.3DH.1,BjuA03g026820.3DH.1,0.94,AT2G28605:3;AT2G28590:3;AT2G28550:3;AT2G28520:3;AT2G28500:3;AT2G28480:3;AT2G28470:3;AT2G28390:3;AT2G28160:3;AT2G28105:3;AT2G28085:3;AT2G28000:3
juncea,Bju_A,Bju_B,A03,49,BjuA03g028280.3DH.1,BjuA03g029170.3DH.1,2.5,AT5G50750:1;AT4G08150:2;AT4G08180:2;AT4G08210:2;AT4G08230:2;AT4G08240:2;AT4G08350:2;AT4G08455:2;AT4G08460:2;AT4G08500:2;AT4G08510:2;AT4G08555:2;AT4G08670:2;AT4G08685:2;AT4G08690:2;AT4G08810:2;AT4G08850:2;AT4G08900:2;AT4G08950:2;AT4G08960:2;AT4G08980:2;AT4G09010:2;AT4G09020:2;AT4G09030:2;AT4G09060:2;AT4G09130:2;AT4G09140:2;AT4G09160:2;AT4G09170:2;AT4G09190:2;AT4G09340:2;AT4G09460:2;AT4G09510:2;AT4G09530:2;AT4G09560:2;AT4G09570:2;AT4G09600:2;AT4G09620:2;AT4G09650:2;AT4G09670:2;AT4G09720:2;AT4G09730:2;AT4G09800:2;AT4G09810:2;AT4G09830:2;AT4G09960:2;AT4G10030:2;AT4G10040:2;AT4G10050:2
juncea,Bju_A,Bju_B,A03,31,BjuA03g030390.3DH.1,BjuA03g030820.3DH.1,2.55,AT4G04640:2;AT4G04670:2;AT4G04745:2;AT4G04750:2;AT4G04830:2;AT4G04890:2;AT4G04910:2;AT4G04940:2;AT4G04950:2;AT4G05010:2;AT4G05030:2;AT4G05050:2;AT4G05330:2;AT4G05410:2;AT4G05460:2;AT4G03610:2;AT4G03565:2;AT4G03560:2;AT4G03520:2;AT4G03430:2;AT4G03420:2;AT4G03410:2;AT4G03390:2;AT4G03340:2;AT4G03290:2;AT4G03280:2;AT4G03260:2;AT4G03240:2;AT4G03210:2;AT4G03200:2;AT4G03190:2
juncea,Bju_A,Bju_B,A03,22,BjuA03g031480.3DH.1,BjuA03g031810.3DH.1,0.93,AT4G02150:2;AT4G02130:2;AT4G02100:2;AT4G02080:2;AT4G02070:2;AT4G02060:2;AT4G02050:2;AT4G02040:2;AT4G02010:2;AT4G01995:2;AT4G01990:2;AT4G01940:2;AT4G01900:2;AT4G01897:2;AT4G01895:2;AT4G01890:2;AT4G01880:2;AT4G01870:2;AT4G01850:2;AT4G01800:2;AT4G01790:2;AT4G01670:2
juncea,Bju_A,Bju_B,A03,25,BjuA03g031930.3DH.1,BjuA03g032250.3DH.1,2.41,AT4G00810:2;AT4G00820:2;AT4G00830:2;AT4G00840:2;AT4G00860:2;AT4G00910:2;AT4G01000:2;AT4G01010:2;AT4G01026:2;AT4G01040:2;AT4G01060:2;AT4G01070:2;AT4G01090:2;AT4G01100:2;AT4G01150:2;AT4G01160:2;AT4G01210:2;AT4G01220:2;AT4G01270:2;AT4G01290:2;AT4G01310:2;AT4G01320:2;AT4G01370:2;AT4G00770:2;AT4G00752:2
juncea,Bju_A,Bju_B,A03,8,BjuA03g032300.3DH.1,BjuA03g032370.3DH.1,1.4,AT4G00700:2;AT4G00670:2;AT4G00660:2;AT4G00585:2;AT4G00570:2;AT4G00525:2;AT4G00520:2;AT4G00500:2
juncea,Bju_A,Bju_B,A03,15,BjuA03g032440.3DH.1,BjuA03g032610.3DH.1,0.93,AT4G00355:2;AT4G00305:2;AT4G00170:2;AT4G00120:2;AT4G00050:2;AT3G02000:1;AT3G01990:1;AT3G01980:1;AT3G01860:1;AT3G01820:1;AT3G01810:1;AT3G01800:1;AT3G01790:1;AT3G01780:1;AT3G01750:1
juncea,Bju_A,Bju_B,A03,53,BjuA03g032990.3DH.1,BjuA03g033680.3DH.1,1.61,AT3G01090:2;AT3G01050:1;AT3G01040:1;AT3G01030:1;AT3G01015:1;AT3G02080:3;AT3G02130:3;AT3G02140:3;AT3G02150:3;AT3G02160:3;AT3G02170:3;AT3G02180:3;AT3G02200:3;AT3G02230:3;AT3G02250:3;AT3G02280:3;AT3G02350:3;AT3G02380:3;AT3G02400:3;AT3G02460:3;AT3G02470:3;AT3G02480:3;AT3G02490:3;AT3G02500:3;AT3G02520:3;AT3G02540:3;AT3G02550:3;AT3G02580:3;AT3G02590:3;AT3G02600:3;AT3G02630:3;AT3G02650:3;AT3G02660:3;AT3G02750:3;AT3G02760:3;AT3G02770:3;AT3G02780:3;AT3G02800:3;AT3G02810:3;AT3G02830:3;AT3G02840:3;AT3G02850:3;AT3G02870:3;AT3G02970:3;AT3G02990:3;AT3G03090:3;AT3G03150:3;AT3G03160:3;AT3G03170:3;AT3G03350:1;AT3G03560:1;AT3G03570:1;AT3G03670:2
juncea,Bju_A,Bju_B,A03,5,BjuA03g033930.3DH.1,BjuA03g033980.3DH.1,2.52,AT3G04310:1;AT3G04360:1;AT3G04380:1;AT3G04460:1;AT3G04480:1
juncea,Bju_A,Bju_B,A03,6,BjuA03g034120.3DH.1,BjuA03g034240.3DH.1,1.48,AT3G04650:1;AT3G04680:1;AT3G04710:1;AT3G04720:1;AT3G04820:1;AT3G04850:1
juncea,Bju_A,Bju_B,A03,5,BjuA03g035240.3DH.1,BjuA03g035450.3DH.1,0.05,AT3G06580:2;AT3G66652:2;AT3G66656:2;AT3G06770:1;AT3G06780:2
juncea,Bju_A,Bju_B,A03,9,BjuA03g035750.3DH.1,BjuA03g035890.3DH.1,0.3,AT3G07320:2;AT3G07330:2;AT3G07370:2;AT3G07420:2;AT3G07425:2;AT3G07450:2;AT3G07470:2;AT3G07510:2;AT3G07540:2
juncea,Bju_A,Bju_B,A03,15,BjuA03g036680.3DH.2,BjuA03g036960.3DH.1,0.71,AT3G09150:2;AT3G09070:2;AT3G09060:2;AT3G09040:2;AT3G08960:2;AT3G08950:2;AT3G08930:2;AT3G08900:2;AT3G08890:2;AT3G08860:2;AT3G08840:2;AT3G08770:2;AT3G08710:2;AT3G08670:2;AT3G08660:2
juncea,Bju_A,Bju_B,A03,7,BjuA03g036990.3DH.1,BjuA03g037060.3DH.1,1.7,AT3G08600:2;AT3G10310:3;AT3G10330:3;AT3G10360:3;AT3G10380:3;AT3G10390:3;AT3G10405:3
juncea,Bju_A,Bju_B,A03,5,BjuA03g037180.3DH.1,BjuA03g037220.3DH.1,9.67,AT3G10640:3;AT3G10650:3;AT3G10660:3;AT3G10670:3;AT3G10690:3
juncea,Bju_A,Bju_B,A03,6,BjuA03g037320.3DH.1,BjuA03g037460.3DH.1,0.75,AT3G10815:3;AT3G10820:3;AT3G10890:3;AT3G10986:3;AT3G11070:3;AT3G11110:3
juncea,Bju_A,Bju_B,A03,7,BjuA03g037760.3DH.1,BjuA03g037850.3DH.1,5.92,AT3G11590:3;AT3G11620:3;AT3G11720:3;AT3G11730:3;AT3G11740:3;AT3G11800:3;AT3G11820:3
juncea,Bju_A,Bju_B,A03,36,BjuA03g038990.3DH.1,BjuA03g039550.3DH.1,0.41,AT3G13590:2;AT3G13610:3;AT3G13620:3;AT3G13640:3;AT3G13650:3;AT3G13660:3;AT3G13670:3;AT3G13672:3;AT3G13690:3;AT3G13760:3;AT3G13772:3;AT3G13800:3;AT3G13810:3;AT3G13860:3;AT3G13870:3;AT3G13882:3;AT3G13910:3;AT3G13920:3;AT3G13960:3;AT3G14010:3;AT3G14110:3;AT3G14150:3;AT3G14172:3;AT3G14180:3;AT3G14190:3;AT3G14200:3;AT3G14230:3;AT3G14240:3;AT3G14250:3;AT3G14260:3;AT3G14270:3;AT3G14310:3;AT3G14395:3;AT3G14415:3;AT3G14420:3;AT3G14440:3
juncea,Bju_A,Bju_B,A03,5,BjuA03g039740.3DH.1,BjuA03g039800.3DH.1,0.08,AT3G14870:3;AT3G14890:3;AT3G14930:3;AT3G14960:3;AT3G14990:3
juncea,Bju_A,Bju_B,A03,5,BjuA03g040200.3DH.1,BjuA03g040290.3DH.1,0.01,AT3G15720:3;AT3G15810:3;AT3G15840:3;AT3G15850:3;AT3G15870:3
juncea,Bju_A,Bju_B,A03,5,BjuA03g041310.3DH.1,BjuA03g041350.3DH.1,0.17,AT3G18260:3;AT3G18280:3;AT3G18295:3;AT3G18300:3;AT3G18390:3
juncea,Bju_A,Bju_B,A03,6,BjuA03g041650.3DH.1,BjuA03g041760.3DH.1,3.87,AT3G19000:3;AT3G19020:3;AT3G19080:3;AT3G19090:3;AT3G19120:3;AT3G19150:3
juncea,Bju_A,Bju_B,A03,7,BjuA03g041930.3DH.1,BjuA03g042090.3DH.1,0.0,AT3G19480:3;AT3G19595:3;AT3G19610:3;AT3G19620:3;AT3G19630:3;AT3G19690:3;AT3G19710:3
juncea,Bju_A,Bju_B,A03,5,BjuA03g042290.3DH.1,BjuA03g042360.3DH.1,0.59,AT3G20150:3;AT3G20170:3;AT3G20240:3;AT3G20250:3;AT3G20260:3
juncea,Bju_A,Bju_B,A03,7,BjuA03g043030.3DH.1,BjuA03g043150.3DH.1,0.01,AT3G21410:3;AT3G21490:3;AT3G21580:3;AT3G21600:3;AT3G21610:3;AT3G21620:3;AT3G21650:3
juncea,Bju_A,Bju_B,A03,14,BjuA03g043290.3DH.1,BjuA03g043530.3DH.1,1.51,AT3G21970:3;AT3G22110:3;AT3G22160:3;AT3G22190:3;AT3G22260:3;AT3G22270:3;AT3G22275:3;AT3G22290:3;AT3G22300:3;AT3G22320:3;AT3G22370:3;AT3G22420:3;AT3G22480:3;AT3G22490:3
juncea,Bju_A,Bju_B,A03,6,BjuA03g044380.3DH.1,BjuA03g044460.3DH.1,0.83,AT3G24360:2;AT3G24450:2;AT3G24480:2;AT3G24490:2;AT3G24503:2;AT3G24515:2
juncea,Bju_A,Bju_B,A03,7,BjuA03g044570.3DH.1,BjuA03g044650.3DH.1,0.13,AT3G24620:2;AT3G24650:2;AT3G24660:2;AT3G24715:2;AT3G24730:2;AT3G24770:2;AT3G24810:2
juncea,Bju_A,Bju_B,A03,10,BjuA03g044800.3DH.1,BjuA03g044930.3DH.1,0.03,AT3G25140:2;AT3G25160:2;AT3G25180:2;AT3G25190:2;AT3G25220:2;AT3G25230:2;AT3G25240:2;AT3G25260:2;AT3G25460:2;AT3G25480:2
juncea,Bju_A,Bju_B,A03,8,BjuA03g048310.3DH.1,BjuA03g048470.3DH.1,0.35,AT3G49930:2;AT3G49990:2;AT3G50060:2;AT3G50110:2;AT3G50130:2;AT3G50140:2;AT3G50170:2;AT3G50390:2
juncea,Bju_A,Bju_B,A03,5,BjuA03g048560.3DH.1,BjuA03g048630.3DH.1,0.11,AT3G50620:2;AT3G50630:2;AT3G50740:2;AT3G50750:2;AT3G50770:2
juncea,Bju_A,Bju_B,A03,7,BjuA03g049310.3DH.1,BjuA03g049420.3DH.1,0.12,AT3G51895:3;AT3G51910:3;AT3G51950:3;AT3G52000:3;AT3G52080:3;AT3G52100:3;AT3G52130:3
juncea,Bju_A,Bju_B,A03,8,BjuA03g049470.3DH.1,BjuA03g049570.3DH.1,2.58,AT3G52250:3;AT3G52260:3;AT3G52270:3;AT3G52280:3;AT3G52300:3;AT3G52320:3;AT3G52380:3;AT3G52400:3
juncea,Bju_A,Bju_B,A03,11,BjuA03g049930.3DH.1,BjuA03g050210.3DH.1,3.57,AT4G15610:2;AT4G15630:2;AT4G15650:2;AT4G15720:2;AT4G15760:2;AT4G15800:2;AT4G15820:2;AT4G15840:2;AT4G15880:2;AT4G15890:2;AT4G15920:2
juncea,Bju_A,Bju_B,A03,10,BjuA03g053680.3DH.2,BjuA03g053930.3DH.1,4.41,AT4G21323:3;AT4G21326:3;AT4G21430:3;AT4G21445:3;AT4G21540:3;AT4G21650:3;AT4G21670:3;AT4G21680:3;AT4G21705:3;AT4G21710:2
juncea,Bju_A,Bju_B,A03,10,BjuA03g065420.3DH.1,BjuA03g065620.3DH.1,0.92,AT4G35470:3;AT4G35490:3;AT4G35500:3;AT4G35510:3;AT4G35520:3;AT4G35530:3;AT4G35560:3;AT4G35620:3;AT4G35660:3;AT4G35670:3
juncea,Bju_A,Bju_B,A03,9,BjuA03g065760.3DH.1,BjuA03g065890.3DH.1,0.4,AT4G35905:3;AT4G35920:3;AT4G35930:3;AT4G35940:3;AT4G35985:3;AT4G36020:3;AT4G36030:3;AT4G36060:3;AT4G36070:3
juncea,Bju_A,Bju_B,A03,7,BjuA03g069970.3DH.1,BjuA03g070440.3DH.1,0.08,AT1G62305:1;AT1G62290:1;AT1G62250:1;AT1G62210:1;AT1G62180:3;AT1G62050:3;AT1G61950:3
juncea,Bju_A,Bju_B,A04,20,BjuA04g000030.3DH.1,BjuA04g000360.3DH.1,2.62,AT3G63530:1;AT3G63520:1;AT3G63490:1;AT3G63400:1;AT3G63340:1;AT3G63310:1;AT3G63300:1;AT3G63280:1;AT3G63270:1;AT3G63250:2;AT3G63230:2;AT3G63210:2;AT3G63200:2;AT3G63190:2;AT3G63180:2;AT3G63170:2;AT3G63150:2;AT3G63140:2;AT3G63110:2;AT3G63095:2
juncea,Bju_A,Bju_B,A04,7,BjuA04g000760.3DH.1,BjuA04g000850.3DH.1,4.17,AT3G62550:2;AT3G62290:2;AT3G62270:2;AT3G62260:2;AT3G62250:2;AT3G62230:2;AT3G62220:2
juncea,Bju_A,Bju_B,A04,11,BjuA04g000910.3DH.1,BjuA04g001110.3DH.1,0.02,AT3G62060:2;AT3G62040:2;AT3G62030:2;AT3G61980:2;AT3G61950:2;AT3G61940:2;AT3G61930:2;AT3G61890:2;AT3G61880:2;AT3G61850:2;AT3G61830:2
juncea,Bju_A,Bju_B,A04,10,BjuA04g001320.3DH.1,BjuA04g001430.3DH.1,0.15,AT3G61440:2;AT3G61430:2;AT3G61410:2;AT3G61380:2;AT3G61370:2;AT3G61360:2;AT3G61320:2;AT3G61310:2;AT3G61300:2;AT3G61290:2
juncea,Bju_A,Bju_B,A04,5,BjuA04g001770.3DH.1,BjuA04g001820.3DH.1,0.0,AT3G60680:2;AT3G60670:2;AT3G60650:2;AT3G60630:2;AT3G60590:2
juncea,Bju_A,Bju_B,A04,12,BjuA04g001910.3DH.1,BjuA04g002100.3DH.1,0.65,AT3G60470:2;AT3G60450:2;AT3G60420:2;AT3G60370:2;AT3G60360:2;AT3G60350:2;AT3G60330:2;AT3G60320:2;AT3G60310:2;AT3G60300:2;AT3G60290:2;AT3G60280:2
juncea,Bju_A,Bju_B,A04,17,BjuA04g002140.3DH.1,BjuA04g002610.3DH.1,1.51,AT3G60240:2;AT3G60190:2;AT3G60150:2;AT3G60140:2;AT3G60110:2;AT3G60100:2;AT3G60070:2;AT3G60050:2;AT3G59950:2;AT3G59820:2;AT3G59810:2;AT3G59800:2;AT3G59760:2;AT3G59610:2;AT3G59600:2;AT3G59530:2;AT3G59520:2
juncea,Bju_A,Bju_B,A04,8,BjuA04g002680.3DH.1,BjuA04g002860.3DH.1,0.09,AT3G59360:2;AT3G59340:2;AT3G59220:2;AT3G59150:2;AT3G59010:2;AT3G58860:2;AT3G58850:2;AT3G58760:2
juncea,Bju_A,Bju_B,A04,5,BjuA04g003160.3DH.1,BjuA04g003260.3DH.1,0.18,AT3G58300:2;AT3G58260:2;AT3G58190:2;AT3G58150:2;AT3G58090:2
juncea,Bju_A,Bju_B,A04,7,BjuA04g003730.3DH.1,BjuA04g003990.3DH.1,1.59,AT3G57360:2;AT3G57300:2;AT3G57290:2;AT3G57260:2;AT3G57220:2;AT3G57070:2;AT3G57060:2
juncea,Bju_A,Bju_B,A04,7,BjuA04g004220.3DH.1,BjuA04g004340.3DH.1,0.03,AT3G56910:2;AT3G56891:2;AT3G56880:2;AT3G56860:2;AT3G56850:2;AT3G56770:2;AT3G56760:2
juncea,Bju_A,Bju_B,A04,9,BjuA04g004380.3DH.1,BjuA04g004520.3DH.1,0.01,AT3G56690:2;AT3G56680:2;AT3G56660:2;AT3G56650:2;AT3G56610:2;AT3G56580:2;AT3G56550:2;AT3G56530:2;AT3G56500:2
juncea,Bju_A,Bju_B,A04,12,BjuA04g004800.3DH.1,BjuA04g005070.3DH.1,0.19,AT3G56080:2;AT3G56070:2;AT3G56050:2;AT3G56010:2;AT3G55970:2;AT3G55850:2;AT3G55770:2;AT3G55740:2;AT3G55720:2;AT3G55646:2;AT3G55610:2;AT3G55570:2
juncea,Bju_A,Bju_B,A04,5,BjuA04g005100.3DH.1,BjuA04g005160.3DH.1,0.01,AT3G55515:2;AT3G55510:2;AT3G55500:2;AT3G55470:2;AT3G55460:2
juncea,Bju_A,Bju_B,A04,20,BjuA04g005240.3DH.1,BjuA04g005790.3DH.1,0.56,AT3G55420:2;AT3G55400:2;AT3G55390:2;AT3G55370:2;AT3G55340:2;AT3G55330:2;AT3G55320:2;AT3G55290:2;AT3G55270:2;AT3G55260:2;AT3G55250:2;AT3G55240:2;AT3G55230:2;AT3G55190:2;AT3G55150:2;AT3G55140:2;AT3G55130:2;AT3G55090:2;AT3G55050:2;AT3G54840:2
juncea,Bju_A,Bju_B,A04,11,BjuA04g005820.3DH.1,BjuA04g006060.3DH.1,0.86,AT3G54790:2;AT3G54760:2;AT3G54750:2;AT3G54720:2;AT3G54710:2;AT3G54700:2;AT3G54660:2;AT3G54650:2;AT3G54620:2;AT3G54610:2;AT3G54540:2
juncea,Bju_A,Bju_B,A04,10,BjuA04g006160.3DH.1,BjuA04g006320.3DH.1,3.18,AT3G54480:2;AT3G54460:2;AT3G54400:2;AT3G54340:2;AT3G54300:2;AT3G54290:2;AT3G54280:2;AT3G54260:2;AT3G54250:2;AT3G54240:2
juncea,Bju_A,Bju_B,A04,6,BjuA04g006390.3DH.1,BjuA04g006490.3DH.1,2.06,AT3G54180:2;AT3G54150:2;AT3G54140:2;AT3G54130:2;AT3G54050:2;AT3G54030:2
juncea,Bju_A,Bju_B,A04,7,BjuA04g006570.3DH.1,BjuA04g006670.3DH.1,1.09,AT3G53940:2;AT3G53930:2;AT3G53920:2;AT3G53830:2;AT3G53820:2;AT3G53780:2;AT3G53770:2
juncea,Bju_A,Bju_B,A04,8,BjuA04g007000.3DH.1,BjuA04g007220.3DH.1,0.36,AT3G53150:2;AT3G53140:2;AT3G53100:2;AT3G53090:2;AT3G53040:2;AT3G53010:2;AT3G52970:2;AT3G52960:2
juncea,Bju_A,Bju_B,A04,37,BjuA04g007540.3DH.1,BjuA04g008290.3DH.1,0.31,AT3G52560:2;AT3G52520:2;AT3G52500:2;AT3G52490:2;AT3G52470:2;AT3G52450:2;AT3G52430:2;AT3G52400:2;AT3G52390:2;AT3G52380:2;AT3G52370:2;AT3G52360:2;AT3G52340:2;AT3G52310:2;AT3G52290:2;AT3G52240:2;AT3G52220:2;AT3G52200:2;AT3G52190:2;AT3G52180:2;AT3G52170:2;AT3G52160:2;AT3G52150:2;AT3G52140:2;AT3G52115:2;AT3G52110:2;AT3G52090:2;AT3G52080:2;AT3G52070:2;AT3G52060:2;AT3G51960:2;AT3G51930:2;AT3G51920:2;AT3G51910:2;AT3G51890:2;AT4G14465:1;AT4G14450:1
juncea,Bju_A,Bju_B,A04,8,BjuA04g009620.3DH.1,BjuA04g009830.3DH.1,6.87,AT4G13450:1;AT4G13430:1;AT4G13410:1;AT4G13400:1;AT4G13360:1;AT4G13350:1;AT4G13250:1;AT4G13210:1
juncea,Bju_A,Bju_B,A04,17,BjuA04g009890.3DH.1,BjuA04g010910.3DH.1,2.52,AT4G13160:1;AT4G13150:1;AT4G13110:1;AT4G13050:1;AT4G12910:1;AT4G12870:1;AT4G12840:1;AT4G12830:1;AT4G12790:1;AT4G12740:1;AT4G12650:1;AT5G35220:1;AT5G35430:1;AT5G35520:1;AT5G35560:1;AT5G35570:1;AT5G35580:1
juncea,Bju_A,Bju_B,A04,35,BjuA04g011860.3DH.1,BjuA04g012640.3DH.1,0.64,AT5G37478:1;AT5G37480:1;AT5G37510:1;AT5G37530:1;AT5G37540:1;AT5G37550:1;AT5G37570:1;AT5G37590:1;AT5G37600:1;AT5G37630:1;AT5G37660:1;AT5G37670:1;AT5G37680:1;AT5G37690:1;AT5G37710:1;AT5G37720:1;AT5G37730:1;AT5G37740:1;AT5G37790:1;AT5G37810:1;AT5G37840:1;AT5G37850:1;AT5G37860:1;AT5G37890:1;AT5G38130:1;AT5G38150:1;AT5G38195:1;AT5G38200:1;AT5G38210:1;AT5G38250:1;AT5G38300:1;AT5G38310:1;AT5G38320:1;AT5G38380:1;AT5G38410:1
juncea,Bju_A,Bju_B,A04,19,BjuA04g014040.3DH.1,BjuA04g014820.3DH.1,1.62,AT5G39710:1;AT5G39785:1;AT5G39790:1;AT5G39830:1;AT5G39840:1;AT5G39850:1;AT5G39865:1;AT5G39870:1;AT5G39890:1;AT5G39910:1;AT5G39940:1;AT5G39960:1;AT5G40000:1;AT5G40020:1;AT5G40140:1;AT5G40150:1;AT5G40160:1;AT5G40200:1;AT5G40210:1
juncea,Bju_A,Bju_B,A04,19,BjuA04g014910.3DH.1,BjuA04g015380.3DH.1,0.85,AT5G40260:1;AT5G40270:1;AT5G40280:1;AT5G40300:1;AT5G40320:1;AT5G40330:1;AT5G40370:1;AT5G40390:1;AT5G40400:1;AT5G40420:1;AT5G40440:1;AT5G40460:1;AT5G40470:1;AT5G40490:1;AT5G40510:1;AT5G40540:1;AT5G40595:1;AT5G40600:1;AT5G40630:1
juncea,Bju_A,Bju_B,A04,6,BjuA04g016120.3DH.1,BjuA04g016170.3DH.1,0.49,AT5G41270:1;AT5G41280:1;AT5G41310:1;AT5G41315:1;AT5G41320:1;AT5G41330:1
juncea,Bju_A,Bju_B,A04,6,BjuA04g016440.3DH.1,BjuA04g016680.3DH.1,2.53,AT5G41590:1;AT5G41610:1;AT5G41620:1;AT5G41670:1;AT5G41730:1;AT5G41760:1
juncea,Bju_A,Bju_B,A04,7,BjuA04g018330.3DH.1,BjuA04g018440.3DH.1,1.46,AT2G21930:2;AT2G21940:2;AT2G21950:2;AT2G21960:2;AT2G22090:2;AT2G22100:2;AT2G22120:2
juncea,Bju_A,Bju_B,A04,6,BjuA04g018990.3DH.1,BjuA04g019090.3DH.1,2.46,AT2G22640:2;AT2G22660:2;AT2G22670:2;AT2G22680:2;AT2G22730:2;AT2G22740:2
juncea,Bju_A,Bju_B,A04,10,BjuA04g019180.3DH.1,BjuA04g019460.3DH.1,0.34,AT2G22780:2;AT2G22800:2;AT2G22810:2;AT2G22830:2;AT2G22860:2;AT2G22870:2;AT2G22980:2;AT2G23030:2;AT2G23050:2;AT2G23060:2
juncea,Bju_A,Bju_B,A04,6,BjuA04g019600.3DH.1,BjuA04g019680.3DH.1,5.88,AT2G23300:2;AT2G23310:2;AT2G23320:2;AT2G23340:2;AT2G23350:2;AT2G23380:2
juncea,Bju_A,Bju_B,A04,5,BjuA04g019810.3DH.1,BjuA04g019890.3DH.1,0.15,AT2G23620:2;AT2G23630:2;AT2G23670:2;AT2G23690:2;AT2G23700:2
juncea,Bju_A,Bju_B,A04,5,BjuA04g020040.3DH.1,BjuA04g020100.3DH.1,0.28,AT2G23890:2;AT2G23900:2;AT2G23910:2;AT2G23945:2;AT2G23950:2
juncea,Bju_A,Bju_B,A04,8,BjuA04g020290.3DH.2,BjuA04g020440.3DH.1,4.56,AT2G24230:2;AT2G24250:2;AT2G24270:2;AT2G24280:2;AT2G24300:2;AT2G24310:2;AT2G24330:2;AT2G24350:2
juncea,Bju_A,Bju_B,A04,14,BjuA04g020760.3DH.1,BjuA04g021380.3DH.1,2.1,AT2G24680:2;AT2G24720:2;AT2G24790:2;AT2G24860:2;AT2G24940:2;AT2G24960:2;AT2G25010:2;AT2G25070:2;AT2G25090:2;AT2G25100:2;AT2G25110:2;AT2G25180:2;AT2G25190:2;AT2G25220:2
juncea,Bju_A,Bju_B,A04,90,BjuA04g021590.3DH.2,BjuA04g023280.3DH.1,2.35,AT2G25590:2;AT2G25605:2;AT2G25625:2;AT2G25640:2;AT2G25660:2;AT2G25737:2;AT2G25810:2;AT2G25820:2;AT2G25830:2;AT2G25840:2;AT2G25870:2;AT2G25890:2;AT2G25910:2;AT2G25950:2;AT2G26100:2;AT2G26140:2;AT2G26180:2;AT2G26190:2;AT2G26200:2;AT2G26210:2;AT2G26250:2;AT2G26270:2;AT2G26280:2;AT2G26310:2;AT2G26360:2;AT2G26570:2;AT2G26700:2;AT2G26870:2;AT2G26910:2;AT2G26980:2;AT2G27020:2;AT2G27030:2;AT2G27040:2;AT2G27080:2;AT2G27100:2;AT2G27140:2;AT2G27150:2;AT2G27170:2;AT2G27180:2;AT2G27200:2;AT2G27210:2;AT2G27220:2;AT2G27230:2;AT2G27240:2;AT2G27250:2;AT2G27260:2;AT2G27270:2;AT2G27285:2;AT2G27290:2;AT2G27310:2;AT2G27350:2;AT2G27370:2;AT2G27450:2;AT2G27460:2;AT2G27510:2;AT2G27550:2;AT2G27590:2;AT2G27610:2;AT2G27710:2;AT2G27730:2;AT2G27740:2;AT2G27760:2;AT2G27770:2;AT2G27775:2;AT2G27810:2;AT2G27820:2;AT2G27840:2;AT2G27860:2;AT2G27900:2;AT2G27920:2;AT2G27930:2;AT2G27970:2;AT2G27980:2;AT2G28000:2;AT2G28070:2;AT2G28080:2;AT2G28100:2;AT2G28110:2;AT2G28120:2;AT2G28160:2;AT2G28180:2;AT2G28190:2;AT2G28200:2;AT2G28305:2;AT2G28310:2;AT2G28315:2;AT2G28360:2;AT2G28370:2;AT2G28380:2;AT2G28400:2
juncea,Bju_A,Bju_B,A04,5,BjuA04g032250.3DH.1,BjuA04g032300.3DH.1,0.0,AT2G39360:2;AT2G39380:2;AT2G39390:2;AT2G39400:2;AT2G39410:2
juncea,Bju_A,Bju_B,A05,5,BjuA05g001750.3DH.1,BjuA05g001790.3DH.1,0.55,AT2G46200:1;AT2G46170:1;AT2G46160:1;AT2G46150:1;AT2G46140:1
juncea,Bju_A,Bju_B,A05,11,BjuA05g016740.3DH.1,BjuA05g017090.3DH.1,3.1,AT5G35910:1;AT4G13330:1;AT4G13450:3;AT4G13510:3;AT4G13530:3;AT4G13850:3;AT4G14080:3;AT4G14100:3;AT4G14280:3;AT4G14570:3;AT4G14780:3
juncea,Bju_A,Bju_B,A05,11,BjuA05g018480.3DH.1,BjuA05g018850.3DH.1,0.01,AT1G53650:2;AT1G53640:2;AT1G53635:2;AT1G53620:2;AT1G53600:2;AT1G53590:2;AT1G53510:2;AT1G53500:2;AT1G53430:2;AT1G53390:2;AT1G53330:2
juncea,Bju_A,Bju_B,A05,5,BjuA05g019040.3DH.1,BjuA05g019120.3DH.1,1.06,AT1G53165:2;AT1G53140:2;AT1G53120:2;AT1G53090:2;AT1G53035:2
juncea,Bju_A,Bju_B,A05,14,BjuA05g019310.3DH.1,BjuA05g019550.3DH.1,1.73,AT1G52720:2;AT1G52680:2;AT1G52580:2;AT1G52565:2;AT1G52540:2;AT1G52530:2;AT1G52520:2;AT1G52510:2;AT1G52500:2;AT1G52470:2;AT1G52420:2;AT1G52410:2;AT1G52400:2;AT1G52380:2
juncea,Bju_A,Bju_B,A05,10,BjuA05g019830.3DH.1,BjuA05g020110.3DH.1,0.04,AT1G51920:2;AT1G51890:2;AT1G51860:2;AT1G51820:2;AT1G51800:2;AT1G51790:2;AT1G51770:2;AT1G51760:2;AT1G51745:2;AT1G51740:2
juncea,Bju_A,Bju_B,A05,20,BjuA05g020490.3DH.1,BjuA05g021090.3DH.1,0.18,AT1G51220:2;AT1G51190:2;AT1G51130:2;AT1G51070:2;AT1G51060:2;AT1G50960:2;AT1G50950:2;AT1G50930:2;AT1G50910:2;AT1G50900:2;AT1G50890:2;AT1G50840:2;AT1G50710:2;AT1G50680:2;AT1G50620:2;AT1G50600:2;AT1G50520:2;AT1G50510:2;AT1G50480:2;AT1G50440:2
juncea,Bju_A,Bju_B,A05,5,BjuA05g021290.3DH.1,BjuA05g021440.3DH.1,0.03,AT1G50030:2;AT1G50000:2;AT1G49990:2;AT1G49850:2;AT1G49770:2
juncea,Bju_A,Bju_B,A05,15,BjuA05g021640.3DH.1,BjuA05g021980.3DH.1,0.02,AT1G49350:3;AT1G49290:3;AT1G49190:3;AT1G49170:3;AT1G49140:3;AT1G49130:3;AT1G49050:3;AT1G49030:3;AT1G48930:3;AT1G48900:3;AT1G48850:3;AT1G48840:3;AT1G48760:3;AT1G48750:3;AT1G48640:3
juncea,Bju_A,Bju_B,A05,10,BjuA05g022200.3DH.1,BjuA05g023050.3DH.1,0.04,AT1G48260:3;AT1G48160:3;AT1G48130:3;AT1G48020:3;AT1G47990:3;AT1G47670:1;AT1G47330:1;AT1G47056:1;AT1G46480:1;AT1G44224:2
juncea,Bju_A,Bju_B,A05,19,BjuA05g023480.3DH.1,BjuA05g025720.3DH.1,1.17,AT1G43700:1;AT1G35910:2;AT1G35780:2;AT1G35720:2;AT1G35670:2;AT1G35620:2;AT1G35580:2;AT1G35530:2;AT1G35470:2;AT1G35460:2;AT1G35210:2;AT1G35190:2;AT1G35180:2;AT1G35160:2;AT1G34780:2;AT1G34640:2;AT1G34630:2;AT1G34190:2;AT1G34130:2
juncea,Bju_A,Bju_B,A05,7,BjuA05g034540.3DH.1,BjuA05g034640.3DH.1,4.78,AT3G18150:1;AT3G18140:1;AT3G18110:1;AT3G18100:1;AT3G18060:1;AT3G18050:1;AT3G18040:1
juncea,Bju_A,Bju_B,A05,6,BjuA05g034750.3DH.1,BjuA05g034800.3DH.1,3.29,AT3G18020:1;AT3G18010:1;AT3G18000:1;AT3G17980:1;AT3G17970:1;AT3G17940:1
juncea,Bju_A,Bju_B,A05,5,BjuA05g041110.3DH.1,BjuA05g041200.3DH.1,2.31,AT3G10620:1;AT3G10610:1;AT3G10572:1;AT3G10570:1;AT3G10540:1
juncea,Bju_A,Bju_B,A05,5,BjuA05g043000.3DH.1,BjuA05g043040.3DH.1,1.66,AT3G07800:1;AT3G07790:1;AT3G07780:1;AT3G07770:1;AT3G07760:1
juncea,Bju_A,Bju_B,A05,7,BjuA05g043690.3DH.1,BjuA05g043800.3DH.1,3.72,AT3G07090:2;AT3G07060:2;AT3G07050:2;AT3G07010:2;AT3G06980:2;AT3G06930:2;AT3G06890:2
juncea,Bju_A,Bju_B,A05,7,BjuA05g043890.3DH.1,BjuA05g043990.3DH.1,3.85,AT3G06670:2;AT3G66658:3;AT3G66654:3;AT3G06620:2;AT3G06610:2;AT3G06600:2;AT3G06590:2
juncea,Bju_A,Bju_B,A05,8,BjuA05g045470.3DH.1,BjuA05g045570.3DH.1,1.37,AT3G04100:2;AT3G04090:2;AT3G04080:2;AT3G04070:2;AT3G04060:2;AT3G04030:1;AT3G04020:2;AT3G04000:1
juncea,Bju_A,Bju_B,A05,16,BjuA05g045730.3DH.1,BjuA05g045920.3DH.1,0.62,AT3G03800:2;AT3G03790:2;AT3G03780:2;AT3G03770:1;AT3G03750:1;AT3G03710:1;AT3G03700:1;AT3G03650:1;AT3G03620:1;AT3G03600:1;AT3G03590:1;AT3G03580:1;AT3G03520:1;AT3G03510:1;AT3G03480:1;AT3G03450:1
juncea,Bju_A,Bju_B,A05,7,BjuA05g045980.3DH.1,BjuA05g046070.3DH.1,0.32,AT3G03330:1;AT3G03320:1;AT3G03305:1;AT3G03300:1;AT3G03290:1;AT3G03280:1;AT3G03270:1
juncea,Bju_A,Bju_B,A05,7,BjuA05g046370.3DH.1,BjuA05g046450.3DH.1,0.45,AT3G02875:2;AT3G02870:2;AT3G02850:2;AT3G02840:2;AT3G02820:2;AT3G02810:2;AT3G02790:2
juncea,Bju_A,Bju_B,A05,5,BjuA05g046510.3DH.1,BjuA05g046610.3DH.1,0.96,AT3G02720:2;AT3G02680:2;AT3G02610:2;AT3G02450:2;AT3G02410:2
juncea,Bju_A,Bju_B,A05,9,BjuA05g046740.3DH.1,BjuA05g046850.3DH.1,0.03,AT3G02220:2;AT3G02210:2;AT3G02200:2;AT3G02170:2;AT3G02160:2;AT3G02150:2;AT3G02140:2;AT3G02125:2;AT3G02100:2
juncea,Bju_A,Bju_B,A06,7,BjuA06g000170.3DH.1,BjuA06g000290.3DH.1,0.49,AT1G55830:2;AT1G53930:2;AT1G53903:2;AT1G53900:1;AT1G53870:1;AT1G53860:1;AT1G53840:2
juncea,Bju_A,Bju_B,A06,10,BjuA06g001130.3DH.1,BjuA06g001240.3DH.1,0.16,AT1G52770:1;AT1G52760:1;AT1G52750:1;AT1G52740:1;AT1G52730:1;AT1G52695:1;AT1G52660:1;AT1G52640:1;AT1G52630:1;AT1G52620:1
juncea,Bju_A,Bju_B,A06,9,BjuA06g001430.3DH.1,BjuA06g001540.3DH.1,2.05,AT1G52260:1;AT1G52230:1;AT1G52220:1;AT1G52200:1;AT1G52190:1;AT1G52160:1;AT1G52155:1;AT1G52150:1;AT1G52060:1
juncea,Bju_A,Bju_B,A06,18,BjuA06g003620.3DH.2,BjuA06g004050.3DH.1,1.35,AT1G48980:1;AT1G48930:1;AT1G48910:1;AT1G48870:1;AT1G48780:1;AT1G48650:1;AT1G48635:1;AT1G48630:1;AT1G48620:1;AT1G48610:1;AT1G48600:1;AT1G48580:1;AT1G48570:1;AT1G48560:1;AT1G48550:1;AT1G48540:1;AT1G48470:1;AT1G48420:1
juncea,Bju_A,Bju_B,A06,10,BjuA06g004670.3DH.2,BjuA06g004810.3DH.1,1.49,AT1G07990:1;AT1G08030:1;AT1G08035:1;AT1G08040:1;AT1G08050:1;AT1G08065:1;AT1G08070:1;AT1G08080:1;AT1G08110:1;AT1G08125:1
juncea,Bju_A,Bju_B,A06,9,BjuA06g005750.3DH.1,BjuA06g005910.3DH.1,0.51,AT1G09320:1;AT1G09340:1;AT1G09360:1;AT1G09370:1;AT1G09380:1;AT1G09390:1;AT1G09410:1;AT1G09440:1;AT1G09470:1
juncea,Bju_A,Bju_B,A06,6,BjuA06g006340.3DH.1,BjuA06g006400.3DH.1,2.83,AT1G09850:1;AT1G09860:1;AT1G09870:1;AT1G09890:1;AT1G09900:1;AT1G09910:1
juncea,Bju_A,Bju_B,A06,7,BjuA06g006740.3DH.1,BjuA06g006940.3DH.1,0.53,AT1G10300:1;AT1G10330:1;AT1G10370:1;AT1G10380:1;AT1G10410:1;AT1G10417:1;AT1G10450:1
juncea,Bju_A,Bju_B,A06,5,BjuA06g007030.3DH.1,BjuA06g007120.3DH.1,1.02,AT1G10522:1;AT1G10560:1;AT1G10570:1;AT1G10580:1;AT1G10600:1
juncea,Bju_A,Bju_B,A06,5,BjuA06g007220.3DH.1,BjuA06g007280.3DH.1,0.48,AT1G10680:1;AT1G10690:1;AT1G10700:1;AT1G10790:1;AT1G10800:1
juncea,Bju_A,Bju_B,A06,5,BjuA06g007650.3DH.1,BjuA06g007750.3DH.1,0.31,AT1G11260:1;AT1G11320:1;AT1G11340:1;AT1G11350:1;AT1G11380:1
juncea,Bju_A,Bju_B,A06,5,BjuA06g009670.3DH.1,BjuA06g009720.3DH.1,0.06,AT1G11920:1;AT1G11925:1;AT1G11960:1;AT1G11990:1;AT1G12010:1
juncea,Bju_A,Bju_B,A06,6,BjuA06g019250.3DH.1,BjuA06g019440.3DH.1,2.21,AT3G48570:2;AT3G48550:2;AT3G48530:2;AT3G48490:2;AT3G48440:2;AT3G48425:2
juncea,Bju_A,Bju_B,A06,10,BjuA06g022020.3DH.1,BjuA06g022380.3DH.1,0.12,AT3G45260:1;AT3G45230:1;AT3G45190:1;AT3G45090:1;AT3G45060:1;AT3G45020:1;AT3G45010:1;AT3G44990:1;AT3G44930:1;AT3G44716:2
juncea,Bju_A,Bju_B,A06,9,BjuA06g023700.3DH.1,BjuA06g024480.3DH.1,0.86,AT3G43610:1;AT3G43810:1;AT3G43920:1;AT3G45440:1;AT3G45780:1;AT3G46450:1;AT3G46490:1;AT3G46500:1;AT3G46890:1
juncea,Bju_A,Bju_B,A06,7,BjuA06g025140.3DH.1,BjuA06g025360.3DH.1,0.97,AT3G48170:1;AT3G48180:1;AT3G48210:1;AT3G48260:1;AT3G48270:1;AT3G48330:1;AT3G48390:1
juncea,Bju_A,Bju_B,A06,5,BjuA06g025500.3DH.1,BjuA06g025730.3DH.1,3.42,AT3G48580:1;AT3G48690:1;AT3G48710:1;AT3G48820:1;AT3G48850:1
juncea,Bju_A,Bju_B,A06,11,BjuA06g031450.3DH.1,BjuA06g031620.3DH.1,0.01,AT2G18690:3;AT2G18570:3;AT2G18540:3;AT2G18500:3;AT2G18460:3;AT2G18450:3;AT2G18400:3;AT2G18390:3;AT2G18360:3;AT2G18330:3;AT2G18328:1
juncea,Bju_A,Bju_B,A06,5,BjuA06g032080.3DH.1,BjuA06g032150.3DH.1,0.34,AT2G17695:1;AT2G17640:1;AT2G17630:1;AT2G17620:1;AT2G17580:1
juncea,Bju_A,Bju_B,A06,5,BjuA06g038340.3DH.1,BjuA06g038430.3DH.1,2.98,AT5G47820:1;AT3G30842:1;AT3G30841:1;AT3G30775:1;AT3G30725:1
juncea,Bju_A,Bju_B,A06,6,BjuA06g044280.3DH.1,BjuA06g044410.3DH.1,3.03,AT5G46920:1;AT5G46900:1;AT5G46870:1;AT5G46860:1;AT5G46850:1;AT5G46840:1
juncea,Bju_A,Bju_B,A06,8,BjuA06g045030.3DH.1,BjuA06g045140.3DH.2,1.59,AT5G45860:1;AT5G45840:1;AT5G45820:1;AT5G45810:1;AT5G45800:1;AT5G45790:1;AT5G45780:1;AT5G45775:1
juncea,Bju_A,Bju_B,A06,14,BjuA06g045180.3DH.1,BjuA06g045370.3DH.1,1.01,AT5G45700:1;AT5G45690:1;AT5G45660:1;AT5G45620:1;AT5G45610:1;AT5G45600:1;AT5G45590:1;AT5G45580:1;AT5G45540:1;AT5G45530:1;AT5G45520:1;AT5G45510:1;AT5G45500:1;AT5G45420:1
juncea,Bju_A,Bju_B,A06,16,BjuA06g045440.3DH.1,BjuA06g045680.3DH.1,1.23,AT5G45320:1;AT5G45290:1;AT5G45190:1;AT5G45170:1;AT5G45160:1;AT5G45140:1;AT5G45113:1;AT5G45110:1;AT5G44990:1;AT5G44860:1;AT5G44840:1;AT5G44820:1;AT5G44785:1;AT5G44780:1;AT5G44750:1;AT5G44740:1
juncea,Bju_A,Bju_B,A06,20,BjuA06g047550.3DH.1,BjuA06g047880.3DH.1,0.42,AT4G39000:3;AT4G38960:3;AT4G38940:3;AT4G38900:3;AT4G38850:3;AT4G38830:3;AT4G38810:3;AT4G38760:3;AT4G38740:3;AT4G38630:3;AT4G38620:3;AT4G38600:3;AT4G38590:3;AT4G38580:3;AT4G38540:3;AT4G38530:3;AT4G38520:3;AT4G38500:3;AT4G38420:3;AT4G38390:3
juncea,Bju_A,Bju_B,A07,5,BjuA07g002560.3DH.1,BjuA07g002690.3DH.1,1.02,AT2G18500:1;AT2G18470:1;AT2G18410:1;AT2G18400:1;AT2G18390:1
juncea,Bju_A,Bju_B,A07,6,BjuA07g002910.3DH.1,BjuA07g003190.3DH.1,0.45,AT2G18170:2;AT2G18150:2;AT2G18120:2;AT2G18060:1;AT2G18040:1;AT2G18000:1
juncea,Bju_A,Bju_B,A07,7,BjuA07g004700.3DH.1,BjuA07g004840.3DH.1,0.99,AT2G16650:2;AT2G16630:2;AT2G16595:2;AT2G16570:2;AT2G16405:2;AT2G16280:2;AT2G16270:2
juncea,Bju_A,Bju_B,A07,6,BjuA07g005070.3DH.1,BjuA07g005160.3DH.1,0.54,AT2G16090:1;AT2G16070:1;AT2G16060:1;AT2G16050:1;AT2G15980:1;AT2G15970:1
juncea,Bju_A,Bju_B,A07,7,BjuA07g005630.3DH.1,BjuA07g005800.3DH.1,1.22,AT2G15630:1;AT2G15620:2;AT2G15570:1;AT2G15560:1;AT2G15480:3;AT2G15430:3;AT2G15370:3
juncea,Bju_A,Bju_B,A07,6,BjuA07g005920.3DH.1,BjuA07g006630.3DH.1,1.38,AT2G15230:3;AT2G15090:3;AT2G15000:3;AT2G06520:1;AT2G06510:1;AT2G06200:1
juncea,Bju_A,Bju_B,A07,16,BjuA07g007720.3DH.1,BjuA07g008140.3DH.1,0.54,AT2G04160:2;AT2G04100:2;AT2G04040:2;AT2G04039:2;AT3G25520:1;AT3G25440:1;AT3G25430:1;AT3G25420:1;AT3G25410:1;AT3G25400:1;AT3G25250:1;AT3G25210:1;AT3G25170:1;AT3G25150:1;AT3G25130:1;AT3G25120:1
juncea,Bju_A,Bju_B,A07,5,BjuA07g008250.3DH.1,BjuA07g008360.3DH.1,1.98,AT3G25050:1;AT3G25030:1;AT3G24860:1;AT3G24840:1;AT3G24820:1
juncea,Bju_A,Bju_B,A07,8,BjuA07g008640.3DH.1,BjuA07g008950.3DH.1,1.38,AT3G24760:1;AT3G24750:1;AT3G24740:1;AT3G24670:1;AT3G24630:1;AT3G24600:1;AT3G24590:1;AT3G24560:1
juncea,Bju_A,Bju_B,A07,8,BjuA07g009270.3DH.1,BjuA07g009520.3DH.1,1.72,AT3G24300:1;AT3G23920:1;AT3G23930:1;AT3G23950:1;AT3G24010:3;AT3G24030:1;AT3G24080:1;AT3G24110:2
juncea,Bju_A,Bju_B,A07,8,BjuA07g009630.3DH.1,BjuA07g010290.3DH.1,5.73,AT3G24170:1;AT3G24190:2;AT3G24200:1;AT3G24220:1;AT3G24230:1;AT3G24240:1;AT3G23910:1;AT3G23900:1
juncea,Bju_A,Bju_B,A07,5,BjuA07g010410.3DH.1,BjuA07g010470.3DH.1,0.34,AT3G23800:1;AT3G23760:1;AT3G23740:1;AT3G23730:1;AT3G23700:1
juncea,Bju_A,Bju_B,A07,8,BjuA07g011240.3DH.1,BjuA07g011410.3DH.1,1.45,AT1G31690:3;AT1G31660:3;AT1G31410:3;AT1G31335:3;AT1G31320:3;AT1G31310:3;AT1G31300:3;AT1G31160:3
juncea,Bju_A,Bju_B,A07,8,BjuA07g011540.3DH.1,BjuA07g011750.3DH.1,0.01,AT1G30825:3;AT1G30760:3;AT1G30750:3;AT1G30720:3;AT1G30710:3;AT1G30700:3;AT1G30690:3;AT1G30650:3
juncea,Bju_A,Bju_B,A07,11,BjuA07g012200.3DH.1,BjuA07g012620.3DH.1,0.03,AT1G29940:3;AT1G29930:3;AT1G29860:3;AT1G29780:3;AT1G29740:3;AT1G29690:3;AT1G29670:3;AT1G29660:3;AT1G29630:3;AT1G29570:3;AT1G29540:3
juncea,Bju_A,Bju_B,A07,35,BjuA07g012720.3DH.1,BjuA07g013310.3DH.1,0.15,AT1G29400:3;AT1G29370:3;AT1G29270:3;AT1G29240:3;AT1G29195:3;AT1G29170:3;AT1G29160:3;AT1G29140:3;AT1G29120:3;AT1G29100:3;AT1G29090:3;AT1G29080:3;AT1G29050:3;AT1G29041:3;AT1G29040:3;AT1G29000:3;AT1G28670:3;AT1G28640:3;AT1G28630:3;AT1G28580:3;AT1G28570:3;AT1G28550:3;AT1G28510:3;AT1G28490:3;AT1G28480:3;AT1G28470:3;AT1G28440:3;AT1G28420:3;AT1G28370:3;AT1G28360:3;AT1G28350:3;AT1G28310:3;AT1G28300:3;AT1G28290:3;AT1G28280:3
juncea,Bju_A,Bju_B,A07,9,BjuA07g013800.3DH.1,BjuA07g013910.3DH.1,1.65,AT1G27385:3;AT1G27380:3;AT1G27370:3;AT1G27360:3;AT1G27340:3;AT1G27330:3;AT1G27320:3;AT1G27310:3;AT1G27300:3
juncea,Bju_A,Bju_B,A07,11,BjuA07g013950.3DH.1,BjuA07g014130.3DH.1,0.2,AT1G24280:3;AT1G24290:3;AT1G24300:3;AT1G24320:3;AT1G24340:3;AT1G24350:3;AT1G24400:3;AT1G24470:3;AT1G24480:3;AT1G24485:3;AT1G24490:3
juncea,Bju_A,Bju_B,A07,6,BjuA07g014210.3DH.1,BjuA07g014270.3DH.1,0.02,AT1G24570:3;AT1G24590:3;AT1G24600:3;AT1G24625:3;AT1G24650:3;AT1G24735:3
juncea,Bju_A,Bju_B,A07,7,BjuA07g014460.3DH.1,BjuA07g014550.3DH.1,0.06,AT1G25340:3;AT1G25370:3;AT1G25390:3;AT1G25400:3;AT1G25420:3;AT1G25422:3;AT1G25425:3
juncea,Bju_A,Bju_B,A07,8,BjuA07g014640.3DH.1,BjuA07g014870.3DH.1,0.42,AT1G26130:3;AT1G26170:3;AT1G26210:3;AT1G26230:3;AT1G26450:3;AT1G26460:3;AT1G26470:3;AT1G26580:3
juncea,Bju_A,Bju_B,A07,14,BjuA07g014940.3DH.1,BjuA07g015230.3DH.1,0.97,AT1G26665:3;AT1G26670:3;AT1G26680:3;AT1G26740:3;AT1G26750:3;AT1G26800:3;AT1G26810:3;AT1G26820:3;AT1G26850:3;AT1G26945:3;AT1G27030:3;AT1G27040:3;AT1G27050:3;AT1G27080:3
juncea,Bju_A,Bju_B,A07,16,BjuA07g015290.3DH.1,BjuA07g015590.3DH.1,0.31,AT1G27130:3;AT1G27150:3;AT1G27170:3;AT1G24180:2;AT1G24170:2;AT1G24070:2;AT1G24050:2;AT1G24020:2;AT1G23970:2;AT1G23950:2;AT1G23840:2;AT1G23780:2;AT1G23750:2;AT1G23730:2;AT1G23600:2;AT1G23550:2
juncea,Bju_A,Bju_B,A07,25,BjuA07g015710.3DH.1,BjuA07g016100.3DH.1,0.5,AT1G23240:2;AT1G23230:2;AT1G23205:2;AT1G23170:2;AT1G23130:2;AT1G23110:2;AT1G23090:2;AT1G23060:2;AT1G23040:2;AT1G23030:2;AT1G22990:2;AT1G22920:2;AT1G22910:2;AT1G22880:2;AT1G22850:2;AT1G22840:2;AT1G22810:2;AT1G22800:2;AT1G22730:2;AT1G22710:2;AT1G22700:2;AT1G22660:2;AT1G22640:2;AT1G22600:2;AT1G22590:2
juncea,Bju_A,Bju_B,A07,18,BjuA07g016670.3DH.1,BjuA07g017100.3DH.1,0.01,AT1G21722:2;AT1G21695:2;AT1G21660:2;AT1G21528:2;AT1G21520:2;AT1G21500:2;AT1G21450:2;AT1G21360:2;AT1G21340:2;AT1G21326:2;AT1G21310:2;AT1G21270:2;AT1G21210:2;AT1G21090:2;AT1G21010:2;AT1G20990:2;AT1G20960:2;AT1G20930:2
juncea,Bju_A,Bju_B,A07,10,BjuA07g017320.3DH.1,BjuA07g017500.3DH.1,0.33,AT1G20630:2;AT1G20575:2;AT1G20500:2;AT1G20470:2;AT1G20450:2;AT1G20430:2;AT1G20410:2;AT1G20370:2;AT1G20310:2;AT1G20290:2
juncea,Bju_A,Bju_B,A07,5,BjuA07g017590.3DH.1,BjuA07g017680.3DH.1,0.0,AT1G20160:2;AT1G20150:2;AT1G20140:2;AT1G20135:2;AT1G20120:2
juncea,Bju_A,Bju_B,A07,11,BjuA07g019450.3DH.1,BjuA07g019640.3DH.1,0.99,AT2G26670:1;AT2G26690:1;AT2G26695:1;AT2G26710:1;AT2G26770:1;AT2G26790:1;AT2G26800:1;AT2G26930:1;AT2G26940:1;AT2G26960:1;AT2G26990:1
juncea,Bju_A,Bju_B,A07,6,BjuA07g019850.3DH.1,BjuA07g019920.3DH.1,0.03,AT2G27300:1;AT2G27385:1;AT2G27420:1;AT2G27430:1;AT2G27470:1;AT2G27500:1
juncea,Bju_A,Bju_B,A07,5,BjuA07g020110.3DH.1,BjuA07g020200.3DH.1,7.65,AT2G27800:1;AT2G27830:1;AT2G27880:1;AT2G27940:1;AT2G27950:1
juncea,Bju_A,Bju_B,A07,7,BjuA07g020640.3DH.1,BjuA07g020710.3DH.1,1.59,AT2G28430:1;AT2G28440:1;AT2G28450:1;AT2G28470:1;AT2G28480:1;AT2G28490:1;AT2G28500:1
juncea,Bju_A,Bju_B,A07,19,BjuA07g021640.3DH.1,BjuA07g021940.3DH.1,0.2,AT5G39660:2;AT5G39670:2;AT5G39680:2;AT5G39720:2;AT5G39820:2;AT5G39900:2;AT5G39970:2;AT5G39980:2;AT5G39990:2;AT5G40230:2;AT5G40240:2;AT5G40250:2;AT5G40340:2;AT5G40380:2;AT5G40410:2;AT5G40420:2;AT5G40450:2;AT5G40480:2;AT5G40590:2
juncea,Bju_A,Bju_B,A07,6,BjuA07g022410.3DH.1,BjuA07g022490.3DH.1,1.59,AT5G41790:2;AT5G41810:2;AT5G41850:2;AT5G41860:2;AT5G41870:2;AT5G41890:2
juncea,Bju_A,Bju_B,A07,274,BjuA07g022610.3DH.1,BjuA07g026660.3DH.1,1.22,AT5G42070:2;AT5G42100:2;AT3G52810:3;AT3G52850:3;AT3G52870:3;AT3G52890:3;AT3G52900:3;AT3G52905:3;AT3G52910:3;AT3G52920:3;AT3G52930:3;AT3G52940:3;AT3G52950:3;AT3G52990:3;AT3G53020:3;AT3G53110:3;AT3G53120:3;AT3G53130:3;AT3G53180:3;AT3G53190:3;AT3G53200:3;AT3G53220:3;AT3G53230:3;AT3G53240:3;AT3G53260:3;AT3G53270:3;AT3G53280:3;AT3G53310:3;AT3G53320:3;AT3G53410:3;AT3G53430:3;AT3G53440:3;AT3G53450:3;AT3G53460:3;AT3G53480:3;AT3G53490:3;AT3G53500:3;AT3G53530:3;AT3G53540:3;AT3G53560:3;AT3G53570:3;AT3G53580:3;AT3G53600:3;AT3G53610:3;AT3G53670:3;AT3G53720:3;AT3G53740:3;AT3G53750:3;AT3G53850:3;AT3G53900:3;AT3G53950:3;AT3G53960:3;AT3G53970:3;AT3G53990:3;AT3G54000:3;AT3G54010:3;AT3G54040:3;AT3G54060:3;AT3G54080:3;AT3G54110:3;AT3G54120:3;AT3G54170:3;AT3G54200:3;AT3G54210:3;AT3G54300:3;AT3G54320:3;AT3G54350:3;AT3G54360:3;AT3G54380:3;AT3G54470:3;AT3G54500:3;AT3G54560:3;AT3G54580:3;AT3G54600:3;AT3G54620:3;AT3G54680:3;AT3G54690:3;AT3G54800:3;AT3G54810:3;AT3G54820:3;AT3G54826:3;AT3G54890:3;AT3G54900:3;AT3G54920:3;AT3G54930:3;AT3G54950:3;AT3G55000:3;AT3G55010:3;AT3G55030:3;AT3G55060:3;AT3G55110:3;AT3G55120:3;AT3G55380:3;AT3G55410:3;AT3G55430:3;AT3G55440:3;AT3G55550:3;AT3G55560:3;AT3G55620:3;AT3G55690:3;AT3G55700:3;AT3G55720:3;AT3G55730:3;AT3G55800:3;AT3G55880:3;AT3G55890:3;AT3G55960:3;AT3G55990:3;AT3G56090:3;AT3G56100:3;AT3G56110:3;AT3G56140:3;AT3G56180:3;AT3G56190:3;AT3G56220:3;AT3G56230:3;AT3G56240:3;AT3G56250:3;AT3G56260:3;AT3G56290:3;AT3G56400:3;AT3G56410:3;AT3G56420:3;AT3G56460:3;AT3G56480:3;AT3G56490:3;AT3G56520:3;AT3G56620:3;AT3G56630:3;AT3G56700:3;AT3G56710:3;AT3G56750:3;AT3G56810:3;AT3G56850:3;AT3G56910:3;AT3G56930:3;AT3G56940:3;AT3G56950:3;AT3G56960:3;AT3G56970:3;AT3G56990:3;AT3G57020:3;AT3G57040:3;AT3G57050:3;AT3G57120:3;AT3G57130:3;AT3G57140:3;AT3G57150:3;AT3G57240:3;AT3G57280:3;AT3G57320:3;AT3G57330:3;AT3G57390:3;AT3G57400:3;AT3G57450:3;AT3G57480:3;AT3G57500:3;AT3G57510:3;AT3G57520:3;AT3G57530:3;AT3G57550:3;AT3G57610:3;AT3G57650:3;AT3G57660:3;AT3G57670:3;AT3G57730:3;AT3G57750:3;AT3G57760:3;AT3G57870:3;AT3G57880:3;AT3G57890:3;AT3G57920:3;AT3G57930:3;AT3G57960:3;AT3G58030:3;AT3G58040:3;AT3G58060:3;AT3G58070:3;AT3G58100:3;AT3G58110:3;AT3G58120:3;AT3G58130:3;AT3G58140:3;AT3G58160:3;AT3G58170:3;AT3G58180:3;AT3G58230:3;AT3G58270:3;AT3G58340:3;AT3G58360:3;AT3G58410:3;AT3G58440:3;AT3G58450:3;AT3G58490:3;AT3G58500:3;AT3G58510:3;AT3G58550:3;AT3G58560:3;AT3G58570:3;AT3G58580:3;AT3G58610:3;AT3G58630:3;AT3G58640:3;AT3G58650:3;AT3G58660:3;AT3G58720:3;AT3G58730:3;AT3G58750:3;AT3G58780:3;AT3G58790:3;AT3G58830:3;AT3G58840:3;AT3G59020:3;AT3G59030:3;AT3G59050:3;AT3G59080:3;AT3G59100:3;AT3G59110:3;AT3G59190:3;AT3G59200:3;AT3G59210:3;AT3G59250:3;AT3G59270:3;AT3G59280:3;AT3G59300:3;AT3G59320:3;AT3G59350:3;AT3G59390:3;AT3G59400:3;AT3G59440:3;AT3G59470:3;AT3G59480:3;AT3G59500:3;AT3G59510:3;AT3G59540:3;AT3G59580:3;AT3G59650:3;AT3G59660:3;AT3G59670:3;AT3G59700:3;AT3G59710:3;AT3G59770:3;AT3G59780:3;AT3G59790:3;AT3G59830:3;AT3G59840:3;AT3G59900:3;AT3G59920:3;AT3G59960:3;AT3G59970:3;AT3G59990:3;AT3G60090:3;AT3G60120:3;AT3G60130:3;AT3G60160:3;AT3G60200:3;AT3G60220:3;AT3G60245:3;AT3G60250:3;AT3G60340:3;AT3G60380:3;AT3G60420:3;AT3G60440:3;AT3G60460:3;AT3G60470:3;AT3G60490:3;AT3G60500:3;AT3G60510:3;AT3G60520:3;AT3G60530:3;AT3G60550:3;AT3G60570:3;AT3G60580:3;AT3G60600:3
juncea,Bju_A,Bju_B,A07,5,BjuA07g026770.3DH.1,BjuA07g026820.3DH.1,8.21,AT3G61050:2;AT3G61070:2;AT3G61080:2;AT3G61140:2;AT3G61150:2
juncea,Bju_A,Bju_B,A07,74,BjuA07g026850.3DH.1,BjuA07g027730.3DH.1,1.7,AT3G61240:3;AT3G61250:3;AT3G61270:3;AT3G61310:3;AT3G61350:3;AT3G61390:3;AT3G61415:3;AT3G61460:3;AT3G61520:3;AT3G61540:3;AT3G61560:3;AT3G61570:3;AT3G61580:3;AT3G61590:3;AT3G61600:3;AT3G61610:3;AT3G61620:3;AT3G61630:3;AT3G61680:3;AT3G61690:3;AT3G61700:3;AT3G61710:3;AT3G61730:3;AT3G61740:3;AT3G61750:3;AT3G61760:3;AT3G61770:3;AT3G61780:3;AT3G61790:3;AT3G61800:3;AT3G61810:3;AT3G61820:3;AT3G61840:3;AT3G61910:3;AT3G61960:3;AT3G61970:3;AT3G62090:3;AT3G62100:3;AT3G62110:3;AT3G62120:3;AT3G62130:3;AT3G62140:3;AT3G62150:3;AT3G62170:3;AT3G62180:3;AT3G62240:3;AT3G62250:3;AT3G62280:3;AT3G62300:3;AT3G62370:3;AT3G62410:3;AT3G62420:3;AT3G62600:3;AT3G62630:3;AT3G62650:3;AT3G62660:3;AT3G62690:3;AT3G62710:3;AT3G62770:3;AT3G62790:3;AT3G62830:3;AT3G62840:3;AT3G62870:3;AT3G62890:3;AT3G62900:3;AT3G62930:3;AT3G62960:3;AT3G62980:3;AT3G63000:3;AT3G63010:3;AT3G63070:3;AT3G63080:3;AT3G63095:3;AT3G63460:3
juncea,Bju_A,Bju_B,A07,11,BjuA07g027860.3DH.1,BjuA07g028000.3DH.1,4.79,AT1G79870:2;AT1G79940:3;AT1G79950:3;AT1G79970:2;AT1G79990:2;AT1G80000:2;AT1G80010:2;AT1G80040:2;AT1G80070:2;AT1G80080:2;AT1G80100:2
juncea,Bju_A,Bju_B,A07,7,BjuA07g028470.3DH.1,BjuA07g028530.3DH.1,6.58,AT1G80940:1;AT1G80950:1;AT1G79720:2;AT1G79690:2;AT1G79680:2;AT1G79650:2;AT1G79640:2
juncea,Bju_A,Bju_B,A07,8,BjuA07g028560.3DH.1,BjuA07g028640.3DH.1,4.52,AT1G79570:2;AT1G79560:2;AT1G79530:1;AT1G79510:1;AT1G79500:1;AT1G79490:1;AT1G79450:2;AT1G79440:2
juncea,Bju_A,Bju_B,A07,7,BjuA07g028850.3DH.1,BjuA07g028960.3DH.1,1.81,AT1G79010:2;AT1G78995:2;AT1G78990:2;AT1G78960:2;AT1G78915:2;AT1G78895:2;AT1G78850:2
juncea,Bju_A,Bju_B,A07,7,BjuA07g029650.3DH.1,BjuA07g029780.3DH.1,0.19,AT1G77000:2;AT1G76990:2;AT1G76980:2;AT1G76970:2;AT1G76952:2;AT1G76950:2;AT1G76940:2
juncea,Bju_A,Bju_B,A07,5,BjuA07g030680.3DH.1,BjuA07g030750.3DH.1,1.17,AT1G74820:1;AT1G74780:2;AT1G74750:2;AT1G74720:2;AT1G74680:2
juncea,Bju_A,Bju_B,A07,5,BjuA07g030920.3DH.1,BjuA07g030960.3DH.1,0.61,AT1G74420:2;AT1G74400:2;AT1G74380:2;AT1G74370:2;AT1G74310:2
juncea,Bju_A,Bju_B,A07,17,BjuA07g031170.3DH.1,BjuA07g031410.3DH.1,1.66,AT1G73820:3;AT1G73805:3;AT1G73760:3;AT1G73730:3;AT1G73700:3;AT1G73680:3;AT1G73670:3;AT1G73655:3;AT1G73600:2;AT1G73530:3;AT1G73500:3;AT1G73480:3;AT1G73460:3;AT1G73370:2;AT1G73360:2;AT1G73350:2;AT1G73320:1
juncea,Bju_A,Bju_B,A07,31,BjuA07g031500.3DH.1,BjuA07g031970.3DH.1,0.16,AT1G73210:3;AT1G73190:3;AT1G73160:3;AT1G73150:3;AT1G73100:3;AT1G73080:2;AT1G73030:2;AT1G72990:2;AT1G72960:3;AT1G72890:3;AT1G72880:3;AT1G72840:1;AT1G72790:3;AT1G72670:2;AT1G72620:3;AT1G72610:3;AT1G72540:3;AT1G72490:3;AT1G72470:3;AT1G72460:3;AT1G72430:3;AT1G72360:2;AT1G72320:3;AT1G72210:3;AT1G72200:3;AT1G72180:2;AT1G72170:2;AT1G72160:3;AT1G72150:3;AT1G72130:3;AT1G72125:3
juncea,Bju_A,Bju_B,A07,5,BjuA07g032070.3DH.1,BjuA07g032130.3DH.1,2.01,AT1G71865:3;AT1G71840:3;AT1G71830:3;AT1G71820:3;AT1G71780:3
juncea,Bju_A,Bju_B,A07,5,BjuA07g032180.3DH.1,BjuA07g032240.3DH.1,0.02,AT1G71695:3;AT1G71691:3;AT1G71530:3;AT1G71490:3;AT1G71480:3
juncea,Bju_A,Bju_B,A07,5,BjuA07g032720.3DH.1,BjuA07g032800.3DH.1,1.9,AT1G70200:3;AT1G70190:3;AT1G70180:3;AT1G70170:3;AT1G70060:3
juncea,Bju_A,Bju_B,A07,5,BjuA07g033060.3DH.1,BjuA07g033120.3DH.1,0.01,AT1G69570:3;AT1G69560:3;AT1G69526:3;AT1G69510:3;AT1G69490:3
juncea,Bju_A,Bju_B,A07,5,BjuA07g033430.3DH.1,BjuA07g033480.3DH.1,2.75,AT1G68725:1;AT1G68710:2;AT1G68690:2;AT1G68680:2;AT1G68660:2
juncea,Bju_A,Bju_B,A07,5,BjuA07g039370.3DH.1,BjuA07g039410.3DH.1,0.62,AT1G71720:1;AT1G71730:1;AT1G71740:1;AT1G71750:1;AT1G71760:1
juncea,Bju_A,Bju_B,A07,8,BjuA07g040390.3DH.1,BjuA07g040540.3DH.1,2.21,AT1G72880:2;AT1G72950:2;AT1G72960:2;AT1G73010:3;AT1G73020:3;AT1G73060:1;AT1G73100:2;AT1G73110:2
juncea,Bju_A,Bju_B,A07,7,BjuA07g040990.3DH.1,BjuA07g041080.3DH.1,0.42,AT1G73700:2;AT1G73710:2;AT1G73720:2;AT1G73740:2;AT1G73750:2;AT1G73760:2;AT1G73790:2
juncea,Bju_A,Bju_B,A07,6,BjuA07g041270.3DH.1,BjuA07g041400.3DH.1,3.66,AT1G73990:2;AT1G74000:2;AT1G74030:2;AT1G74055:2;AT1G74060:2;AT1G74090:2
juncea,Bju_A,Bju_B,A07,5,BjuA07g044290.3DH.1,BjuA07g044350.3DH.1,1.57,AT1G77380:2;AT1G77390:2;AT1G77480:2;AT1G77490:2;AT1G77500:2
juncea,Bju_A,Bju_B,A07,41,BjuA07g045480.3DH.1,BjuA07g045980.3DH.1,0.78,AT1G78940:1;AT1G78955:1;AT1G78960:1;AT1G78980:1;AT1G78990:1;AT1G79000:1;AT1G79010:1;AT1G79020:1;AT1G79030:2;AT1G79060:1;AT1G79070:1;AT1G79080:1;AT1G79090:1;AT1G79110:1;AT1G79120:1;AT1G79130:1;AT1G79150:1;AT1G79160:1;AT1G79180:1;AT1G79190:1;AT1G79200:1;AT1G79220:1;AT1G79230:1;AT1G79270:1;AT1G79280:1;AT1G79320:1;AT1G79330:1;AT1G79340:1;AT1G79350:1;AT1G79360:1;AT1G79380:1;AT1G79390:1;AT1G79400:1;AT1G79410:1;AT1G79420:1;AT1G79430:1;AT1G79440:1;AT1G79460:1;AT1G79470:1;AT1G79480:3;AT1G79520:3
juncea,Bju_A,Bju_B,A07,21,BjuA07g046250.3DH.1,BjuA07g046540.3DH.1,1.82,AT1G80820:2;AT1G80780:3;AT1G80770:3;AT1G80760:3;AT1G80730:3;AT1G80720:1;AT1G80710:1;AT1G80690:1;AT1G80670:3;AT1G80660:3;AT1G80640:2;AT1G80630:2;AT1G80620:2;AT1G80600:2;AT1G80560:2;AT1G80550:2;AT1G80540:2;AT1G80530:3;AT1G80520:3;AT1G80510:3;AT1G80500:2
juncea,Bju_A,Bju_B,A07,15,BjuA07g046680.3DH.1,BjuA07g046920.3DH.1,0.34,AT1G80340:3;AT1G80320:3;AT1G80310:3;AT1G80300:3;AT1G80240:3;AT1G80130:3;AT1G80120:3;AT1G80110:3;AT1G80090:3;AT1G80050:3;AT1G80030:3;AT1G79950:1;AT1G79915:1;AT1G79900:3;AT1G79870:3
juncea,Bju_A,Bju_B,A08,21,BjuA08g001670.3DH.1,BjuA08g002030.3DH.1,0.4,AT1G53610:3;AT1G53580:3;AT1G53470:3;AT1G53460:3;AT1G53380:3;AT1G53345:3;AT1G53330:3;AT1G53320:3;AT1G53310:3;AT1G53300:3;AT1G53280:3;AT1G53270:3;AT1G53250:3;AT1G53240:3;AT1G53230:3;AT1G53210:3;AT1G53180:3;AT1G53170:3;AT1G53100:3;AT1G53050:3;AT1G53040:3
juncea,Bju_A,Bju_B,A08,24,BjuA08g002140.3DH.1,BjuA08g002620.3DH.1,0.31,AT1G52810:3;AT1G52770:3;AT1G52700:3;AT1G52690:3;AT1G52680:3;AT1G52660:3;AT1G52600:3;AT1G52590:3;AT1G52570:3;AT1G52490:3;AT1G52342:3;AT1G52340:3;AT1G52310:3;AT1G52300:3;AT1G52290:3;AT1G52280:3;AT1G52260:3;AT1G52240:3;AT1G52230:3;AT1G52191:3;AT1G52160:3;AT1G52150:3;AT1G52140:3;AT1G52080:3
juncea,Bju_A,Bju_B,A08,5,BjuA08g002810.3DH.1,BjuA08g002900.3DH.1,1.1,AT1G51700:3;AT1G51660:3;AT1G51650:3;AT1G51600:3;AT1G51580:3
juncea,Bju_A,Bju_B,A08,8,BjuA08g002990.3DH.1,BjuA08g003200.3DH.1,2.22,AT1G51090:3;AT1G51160:3;AT1G51200:3;AT1G51210:3;AT1G51310:3;AT1G51260:2;AT1G51310:1;AT1G51340:1
juncea,Bju_A,Bju_B,A08,31,BjuA08g003510.3DH.1,BjuA08g004480.3DH.1,1.2,AT1G50380:3;AT1G50300:3;AT1G50280:3;AT1G50200:3;AT1G50180:3;AT1G50170:3;AT1G50140:3;AT1G50120:3;AT1G50110:3;AT1G50090:3;AT1G50020:3;AT1G50010:3;AT1G49970:3;AT1G49960:3;AT1G49950:3;AT1G49910:3;AT1G49890:3;AT1G49880:3;AT1G49870:3;AT1G49850:3;AT1G49840:3;AT1G49710:3;AT1G49580:2;AT1G49570:2;AT1G49500:2;AT1G49480:2;AT1G49475:2;AT1G49470:2;AT1G49450:2;AT1G49405:2;AT1G49380:2
juncea,Bju_A,Bju_B,A08,11,BjuA08g004670.3DH.1,BjuA08g005050.3DH.1,0.66,AT1G49190:2;AT1G49180:2;AT1G49000:2;AT1G48990:2;AT1G48970:2;AT1G48950:2;AT1G48900:2;AT1G48850:2;AT1G48750:2;AT1G48745:2;AT1G48610:2
juncea,Bju_A,Bju_B,A08,7,BjuA08g005140.3DH.1,BjuA08g005260.3DH.1,1.18,AT1G48480:2;AT1G48460:2;AT1G48440:2;AT1G48430:2;AT1G48380:2;AT1G48360:2;AT1G48350:2
juncea,Bju_A,Bju_B,A08,5,BjuA08g005710.3DH.1,BjuA08g005890.3DH.1,1.15,AT1G47870:1;AT1G47750:1;AT1G47740:1;AT1G47720:1;AT1G47640:2
juncea,Bju_A,Bju_B,A08,9,BjuA08g006930.3DH.1,BjuA08g007110.3DH.1,1.72,AT1G44100:3;AT1G44090:1;AT1G43020:1;AT1G43040:1;AT1G43130:1;AT1G43190:1;AT1G43630:1;AT1G43650:1;AT1G43670:1
juncea,Bju_A,Bju_B,A08,21,BjuA08g009030.3DH.1,BjuA08g010000.3DH.1,2.05,AT4G12800:2;AT4G12860:2;AT4G12900:2;AT4G12970:2;AT4G12980:2;AT4G13010:2;AT4G13030:2;AT4G13040:2;AT4G13070:2;AT4G13160:2;AT4G13210:2;AT4G13230:2;AT4G13250:2;AT4G13270:2;AT4G13345:2;AT4G13350:2;AT4G13360:2;AT4G13370:2;AT4G13430:2;AT4G13450:2;AT4G13560:2
juncea,Bju_A,Bju_B,A08,17,BjuA08g010130.3DH.1,BjuA08g010400.3DH.1,0.8,AT4G13780:2;AT1G30970:2;AT1G30960:2;AT1G30950:2;AT1G30900:2;AT1G30890:2;AT1G30880:2;AT1G30860:2;AT1G30810:2;AT1G30800:2;AT1G30570:2;AT1G30560:2;AT4G14410:2;AT4G14420:2;AT4G14440:2;AT4G14455:2;AT4G14480:2
juncea,Bju_A,Bju_B,A08,6,BjuA08g012610.3DH.1,BjuA08g012730.3DH.1,1.23,AT1G34780:3;AT1G34770:3;AT1G34580:3;AT1G34570:3;AT1G34550:3;AT1G34420:3
juncea,Bju_A,Bju_B,A08,21,BjuA08g012760.3DH.1,BjuA08g013460.3DH.1,1.8,AT1G34350:3;AT1G34300:3;AT1G34270:3;AT1G34220:3;AT1G34190:3;AT1G34060:3;AT1G34000:3;AT1G33990:3;AT1G33980:3;AT1G33410:3;AT1G33270:3;AT1G33240:3;AT1G33230:3;AT1G33170:3;AT1G33110:3;AT1G33050:3;AT1G33030:3;AT1G32361:3;AT1G32460:3;AT1G32470:3;AT1G32510:3
juncea,Bju_A,Bju_B,A08,11,BjuA08g014870.3DH.1,BjuA08g015020.3DH.1,0.14,AT1G31720:2;AT1G31710:2;AT1G31690:2;AT1G31600:2;AT1G31500:2;AT1G31490:2;AT1G31480:2;AT1G31440:2;AT1G31430:2;AT1G31360:2;AT1G31350:2
juncea,Bju_A,Bju_B,A08,7,BjuA08g015070.3DH.1,BjuA08g015300.3DH.2,1.1,AT1G31260:2;AT1G31170:2;AT1G31120:2;AT1G31070:2;AT1G31050:2;AT1G31040:2;AT4G16740:3
juncea,Bju_A,Bju_B,A08,46,BjuA08g016850.3DH.1,BjuA08g017770.3DH.1,0.28,AT4G19150:3;AT4G19170:3;AT4G19185:3;AT4G19191:3;AT4G19210:3;AT4G19360:3;AT4G19410:3;AT4G19420:3;AT4G19450:3;AT4G19500:3;AT4G19510:3;AT4G19520:3;AT4G19540:3;AT4G19550:3;AT4G19570:3;AT4G19600:3;AT4G19645:3;AT4G19810:3;AT4G19830:3;AT4G19840:3;AT4G19870:3;AT4G19900:3;AT4G19920:3;AT4G19940:3;AT4G19960:3;AT4G20040:3;AT4G20060:3;AT4G20130:3;AT4G20150:3;AT4G20170:3;AT4G20190:3;AT4G20270:3;AT4G20280:3;AT4G20300:3;AT4G20360:3;AT4G20380:3;AT4G20390:3;AT4G20420:3;AT4G20450:3;AT4G20460:3;AT4G20780:3;AT4G20840:3;AT4G20880:3;AT4G20890:3;AT4G20900:3;AT4G21690:2
juncea,Bju_A,Bju_B,A08,6,BjuA08g017830.3DH.1,BjuA08g017910.3DH.1,0.34,AT4G21610:2;AT4G21590:2;AT4G21570:2;AT4G21534:2;AT4G21470:2;AT4G21450:2
juncea,Bju_A,Bju_B,A08,11,BjuA08g025040.3DH.1,BjuA08g025190.3DH.1,1.76,AT4G35870:2;AT4G35830:2;AT4G35810:2;AT4G35800:2;AT4G35785:2;AT4G35780:2;AT4G35760:2;AT4G35750:2;AT4G35740:2;AT4G35733:2;AT4G35730:2
juncea,Bju_A,Bju_B,A08,5,BjuA08g025900.3DH.1,BjuA08g025960.3DH.2,0.3,AT4G37220:3;AT4G37210:3;AT4G37130:3;AT4G37090:3;AT4G37080:3
juncea,Bju_A,Bju_B,A08,6,BjuA08g027060.3DH.1,BjuA08g027130.3DH.1,11.35,AT4G39230:1;AT4G39220:1;AT4G39190:1;AT4G39180:1;AT4G39170:1;AT4G39160:1
juncea,Bju_A,Bju_B,A08,6,BjuA08g027640.3DH.1,BjuA08g027720.3DH.1,1.49,AT4G14200:2;AT4G14220:2;AT4G14225:2;AT4G14230:2;AT4G14300:2;AT4G14310:2
juncea,Bju_A,Bju_B,A08,5,BjuA08g028480.3DH.1,BjuA08g028550.3DH.1,1.17,AT1G29350:2;AT1G29330:2;AT1G29320:2;AT1G29300:2;AT1G29290:2
juncea,Bju_A,Bju_B,A08,6,BjuA08g029040.3DH.1,BjuA08g029150.3DH.1,3.74,AT1G28210:2;AT1G28200:2;AT1G28170:2;AT1G28120:2;AT1G28110:2;AT1G28070:2
juncea,Bju_A,Bju_B,A08,5,BjuA08g029480.3DH.1,BjuA08g029530.3DH.1,2.85,AT1G27510:2;AT1G27470:2;AT1G27461:2;AT1G27460:2;AT1G27450:2
juncea,Bju_A,Bju_B,A08,7,BjuA08g030430.3DH.1,BjuA08g030540.3DH.1,0.45,AT1G26090:2;AT1G26100:2;AT1G26120:2;AT1G26140:2;AT1G26180:2;AT1G26200:2;AT1G26220:2
juncea,Bju_A,Bju_B,A08,111,BjuA08g031070.3DH.1,BjuA08g032830.3DH.1,0.65,AT1G24190:3;AT1G24160:3;AT1G24120:3;AT1G24000:3;AT1G23980:3;AT1G23870:3;AT1G23820:3;AT1G23800:3;AT1G23790:3;AT1G23580:3;AT1G23540:3;AT1G23530:3;AT1G23460:3;AT1G23410:3;AT1G23380:3;AT1G23360:3;AT1G23350:3;AT1G23340:3;AT1G23330:3;AT1G23310:3;AT1G23290:3;AT1G23260:3;AT1G23220:3;AT1G23190:3;AT1G23180:3;AT1G23160:3;AT1G23120:3;AT1G23080:3;AT1G22960:3;AT1G22950:3;AT1G22920:3;AT1G22760:3;AT1G22740:3;AT1G22630:3;AT1G22620:3;AT1G22570:3;AT1G22520:3;AT1G22490:3;AT1G22450:3;AT1G22410:3;AT1G22360:3;AT1G22280:3;AT1G22220:3;AT1G22130:3;AT1G22110:3;AT1G22100:3;AT1G22070:3;AT1G22065:3;AT1G22060:3;AT1G22030:3;AT1G22020:3;AT1G22015:3;AT1G21980:3;AT1G21970:3;AT1G21920:3;AT1G21910:3;AT1G21900:3;AT1G21880:3;AT1G21870:3;AT1G21830:3;AT1G21810:3;AT1G21750:3;AT1G21720:3;AT1G21700:3;AT1G21690:3;AT1G21650:3;AT1G21630:3;AT1G21600:3;AT1G21590:3;AT1G21580:3;AT1G21520:3;AT1G21480:3;AT1G21460:3;AT1G21410:3;AT1G21400:3;AT1G21280:3;AT1G21250:3;AT1G21200:3;AT1G21160:3;AT1G21120:3;AT1G21080:3;AT1G21070:3;AT1G21065:3;AT1G21050:3;AT1G21010:3;AT1G21000:3;AT1G20950:3;AT1G20910:3;AT1G20900:3;AT1G20860:3;AT1G20850:3;AT1G20840:3;AT1G20823:3;AT1G20810:3;AT1G20800:3;AT1G20790:3;AT1G20780:3;AT1G20770:3;AT1G20760:3;AT1G20693:3;AT1G20670:3;AT1G20650:3;AT1G20640:3;AT1G20620:3;AT1G20610:3;AT1G20580:3;AT1G20520:3;AT1G20510:3;AT1G20480:3;AT1G20350:3;AT1G20340:3
juncea,Bju_A,Bju_B,A08,193,BjuA08g032900.3DH.2,BjuA08g035290.3DH.1,1.22,AT1G20220:2;AT1G20200:3;AT1G20190:3;AT1G20180:3;AT1G20110:3;AT1G20090:3;AT1G20080:3;AT1G20070:3;AT1G20020:3;AT1G19980:3;AT1G19970:3;AT1G19950:3;AT1G19920:3;AT1G19910:3;AT1G19900:3;AT1G19870:3;AT1G19860:3;AT1G19850:3;AT1G19840:3;AT1G19835:3;AT1G19770:3;AT1G19715:3;AT1G19700:3;AT1G19640:3;AT1G19630:3;AT1G19620:3;AT1G19610:3;AT1G19580:3;AT1G19570:3;AT1G19500:3;AT1G19485:3;AT1G19380:3;AT1G19360:3;AT1G19350:3;AT1G19330:3;AT1G19320:3;AT1G19300:3;AT1G19290:3;AT1G19270:3;AT1G19250:3;AT1G19220:3;AT1G19210:3;AT1G19190:3;AT1G19180:3;AT1G19170:3;AT1G19150:3;AT1G19140:3;AT1G19130:3;AT1G19110:3;AT1G19050:3;AT1G19020:3;AT1G19010:3;AT1G19000:3;AT1G18960:3;AT1G18950:3;AT1G18900:3;AT1G18880:3;AT1G18870:3;AT1G18860:3;AT1G18840:3;AT1G18835:3;AT1G18830:3;AT1G18810:3;AT1G18800:3;AT1G18790:3;AT1G18760:3;AT1G18750:3;AT1G18730:3;AT1G18720:3;AT1G18710:3;AT1G18670:3;AT1G18640:3;AT1G18630:3;AT1G18620:3;AT1G18610:3;AT1G18580:3;AT1G18570:3;AT1G18520:3;AT1G18480:3;AT1G18470:3;AT1G18460:3;AT1G18450:3;AT1G18360:3;AT1G18335:3;AT1G18300:3;AT1G18290:3;AT1G18280:3;AT1G18210:3;AT1G18200:3;AT1G18190:3;AT1G18150:3;AT1G18140:3;AT1G18090:3;AT1G18080:3;AT1G18070:3;AT1G18060:3;AT1G18040:3;AT1G17980:3;AT1G17970:3;AT1G17950:3;AT1G17930:3;AT1G17920:3;AT1G17890:3;AT1G17880:3;AT1G17860:3;AT1G17840:3;AT1G17830:3;AT1G17790:3;AT1G17780:3;AT1G17760:3;AT1G17745:3;AT1G17720:3;AT1G17710:3;AT1G17690:3;AT1G17640:3;AT1G17620:3;AT1G17550:3;AT1G17540:3;AT1G17530:3;AT1G17520:3;AT1G17470:3;AT1G17430:3;AT1G17420:3;AT1G17400:3;AT1G17380:3;AT1G17345:3;AT1G17280:3;AT1G17270:3;AT1G17260:3;AT1G17250:3;AT1G17220:3;AT1G17210:3;AT1G17190:3;AT1G17147:3;AT1G17110:3;AT1G17090:3;AT1G17080:3;AT1G17060:3;AT1G16960:3;AT1G16950:3;AT1G16920:3;AT1G16900:3;AT1G16890:3;AT1G16880:3;AT1G16870:3;AT1G16860:3;AT1G16790:3;AT1G16770:3;AT1G16760:3;AT1G16750:3;AT1G16740:3;AT1G16730:3;AT1G16710:3;AT1G16705:3;AT1G16670:3;AT1G16480:3;AT1G16390:3;AT1G16380:3;AT1G16330:3;AT1G16260:3;AT1G16250:3;AT1G16180:3;AT1G16040:3;AT1G16030:3;AT1G15970:3;AT1G15940:3;AT1G15880:3;AT1G15860:3;AT1G15820:3;AT1G15780:3;AT1G15700:3;AT1G15690:3;AT1G15570:3;AT1G15500:3;AT1G15440:3;AT1G15430:3;AT1G15420:3;AT1G15415:3;AT1G15385:3;AT1G15380:3;AT1G15360:3;AT1G15350:3;AT1G15340:3;AT1G15280:3;AT1G15270:3;AT1G15220:3;AT1G15210:3;AT1G15190:3;AT1G15170:3;AT1G15140:3;AT1G15120:3;AT1G15060:3;AT1G15010:3
juncea,Bju_A,Bju_B,A08,6,BjuA08g035950.3DH.1,BjuA08g036060.3DH.1,0.1,AT1G13280:2;AT1G13200:2;AT1G13180:2;AT1G13090:2;AT1G13080:2;AT1G13060:2
juncea,Bju_A,Bju_B,A08,5,BjuA08g036420.3DH.1,BjuA08g036460.3DH.1,1.23,AT1G12400:3;AT1G12420:3;AT1G12450:3;AT1G12470:2;AT1G12500:3
juncea,Bju_A,Bju_B,A08,5,BjuA08g037610.3DH.1,BjuA08g037650.3DH.1,3.88,AT1G10550:2;AT1G10520:2;AT1G10510:2;AT1G10500:2;AT1G10490:2
juncea,Bju_A,Bju_B,A08,5,BjuA08g038300.3DH.1,BjuA08g038360.3DH.2,0.06,AT1G09450:2;AT1G09430:2;AT1G09420:2;AT1G09415:2;AT1G09400:2
juncea,Bju_A,Bju_B,A08,10,BjuA08g041080.3DH.1,BjuA08g041270.3DH.1,0.23,AT1G03760:3;AT1G03630:2;AT1G03620:2;AT1G03610:2;AT1G03600:2;AT1G03590:2;AT1G03540:2;AT1G03530:2;AT1G03350:2;AT1G03330:2
juncea,Bju_A,Bju_B,A08,22,BjuA08g041350.3DH.1,BjuA08g041670.3DH.1,0.44,AT1G03140:3;AT1G03050:3;AT1G02970:3;AT1G02960:3;AT1G02930:3;AT1G02910:3;AT1G02900:3;AT1G02880:3;AT1G02810:3;AT1G02790:3;AT1G02680:3;AT1G02660:3;AT1G02630:3;AT1G02610:3;AT1G02560:3;AT1G02520:3;AT1G02420:3;AT1G02410:3;AT1G02400:3;AT1G02305:3;AT4G12270:1;AT4G12280:1
juncea,Bju_A,Bju_B,A09,30,BjuA09g000620.3DH.1,BjuA09g001070.3DH.1,0.97,AT4G01360:1;AT4G01330:1;AT4G01320:1;AT4G01310:1;AT4G01280:1;AT4G01270:1;AT4G01230:1;AT4G01210:1;AT4G01200:1;AT4G01190:1;AT4G01140:1;AT4G01120:1;AT4G01090:1;AT4G01080:1;AT4G01060:1;AT4G01050:1;AT4G01037:1;AT4G01000:1;AT4G00980:1;AT4G00940:1;AT4G00905:1;AT4G00900:1;AT4G00880:1;AT4G00860:1;AT4G00840:1;AT4G00830:1;AT4G00810:1;AT4G00800:1;AT4G00780:1;AT4G01400:1
juncea,Bju_A,Bju_B,A09,7,BjuA09g004540.3DH.1,BjuA09g004640.3DH.1,0.62,AT5G48480:3;AT5G48500:3;AT5G48540:3;AT5G48655:3;AT5G48700:3;AT5G48720:3;AT5G48760:3
juncea,Bju_A,Bju_B,A09,6,BjuA09g004970.3DH.1,BjuA09g005060.3DH.1,0.17,AT5G28610:3;AT5G28750:3;AT5G28830:3;AT5G28850:3;AT5G28910:3;AT5G29000:3
juncea,Bju_A,Bju_B,A09,15,BjuA09g011000.3DH.1,BjuA09g011310.3DH.1,4.71,AT5G65930:1;AT2G13290:3;AT2G13350:2;AT2G13360:2;AT2G13370:2;AT2G13540:2;AT2G13560:2;AT2G13570:2;AT2G13620:2;AT2G13680:2;AT2G14740:2;AT2G14750:2;AT2G14760:2;AT2G14820:2;AT2G14830:2
juncea,Bju_A,Bju_B,A09,17,BjuA09g012510.3DH.1,BjuA09g012850.3DH.1,0.23,AT2G18350:2;AT2G18370:2;AT2G18380:2;AT2G18465:2;AT2G18480:2;AT2G18510:2;AT2G18520:2;AT2G18550:2;AT2G18630:2;AT2G18640:2;AT2G18650:2;AT2G18680:2;AT2G18700:2;AT2G18730:2;AT2G18876:2;AT2G18890:2;AT2G18900:2
juncea,Bju_A,Bju_B,A09,5,BjuA09g012880.3DH.1,BjuA09g012930.3DH.1,2.99,AT2G18969:2;AT2G19000:2;AT2G19010:2;AT2G19080:2;AT2G19090:2
juncea,Bju_A,Bju_B,A09,6,BjuA09g012970.3DH.1,BjuA09g013040.3DH.1,3.68,AT2G19170:2;AT2G19260:2;AT2G19350:2;AT2G19400:2;AT2G19450:2;AT2G19470:2
juncea,Bju_A,Bju_B,A09,10,BjuA09g013260.3DH.1,BjuA09g013420.3DH.1,4.9,AT2G19790:2;AT2G19800:2;AT2G19830:2;AT2G19950:2;AT2G19980:2;AT2G20190:2;AT2G20250:2;AT2G20290:2;AT2G20310:2;AT2G20320:2
juncea,Bju_A,Bju_B,A09,8,BjuA09g013960.3DH.1,BjuA09g014150.3DH.1,2.18,AT1G62940:3;AT1G62980:1;AT1G62981:1;AT1G62990:3;AT1G63010:3;AT1G63020:3;AT1G63030:3;AT1G63060:1
juncea,Bju_A,Bju_B,A09,8,BjuA09g014220.3DH.1,BjuA09g014370.3DH.1,1.79,AT1G63160:1;AT1G63170:1;AT1G63180:1;AT1G63190:1;AT1G63220:2;AT1G63245:2;AT1G63295:3;AT1G63300:3
juncea,Bju_A,Bju_B,A09,5,BjuA09g015420.3DH.1,BjuA09g015510.3DH.1,1.15,AT1G64620:1;AT1G64600:1;AT1G64580:1;AT1G64570:1;AT1G64530:1
juncea,Bju_A,Bju_B,A09,5,BjuA09g015540.3DH.1,BjuA09g015590.3DH.1,0.85,AT1G64500:1;AT1G64490:1;AT1G64450:1;AT1G64440:1;AT1G64430:1
juncea,Bju_A,Bju_B,A09,5,BjuA09g015640.3DH.1,BjuA09g015730.3DH.1,1.0,AT1G64350:1;AT1G64330:1;AT1G64320:1;AT1G64310:1;AT1G64290:1
juncea,Bju_A,Bju_B,A09,10,BjuA09g017430.3DH.1,BjuA09g017600.3DH.1,0.55,AT1G62800:3;AT1G62790:3;AT1G62780:3;AT1G62770:3;AT1G62760:3;AT1G62750:3;AT1G62740:3;AT1G62700:2;AT1G62680:2;AT1G62640:2
juncea,Bju_A,Bju_B,A09,6,BjuA09g018060.3DH.1,BjuA09g018250.3DH.1,0.18,AT1G62262:2;AT1G62260:2;AT1G62225:2;AT1G62085:2;AT1G61930:2;AT1G61900:2
juncea,Bju_A,Bju_B,A09,6,BjuA09g018300.3DH.1,BjuA09g018380.3DH.1,2.6,AT1G61850:2;AT1G61795:2;AT1G61780:2;AT1G61740:2;AT1G61680:2;AT1G61660:2
juncea,Bju_A,Bju_B,A09,12,BjuA09g018460.3DH.1,BjuA09g018740.3DH.1,0.03,AT1G61490:2;AT1G61390:2;AT1G61370:2;AT1G61350:2;AT1G61260:2;AT1G61255:2;AT1G61240:2;AT1G61190:2;AT1G61180:2;AT1G61110:2;AT1G61105:2;AT1G61080:2
juncea,Bju_A,Bju_B,A09,17,BjuA09g018910.3DH.1,BjuA09g019480.3DH.1,2.01,AT1G60930:2;AT1G60920:2;AT1G60890:2;AT1G60870:2;AT1G60860:2;AT1G60850:2;AT1G60810:2;AT1G60790:2;AT1G60783:2;AT1G60760:2;AT1G60710:2;AT1G60690:2;AT1G60650:2;AT1G60550:2;AT1G60490:2;AT1G60470:2;AT1G60440:2
juncea,Bju_A,Bju_B,A09,5,BjuA09g021380.3DH.1,BjuA09g021440.3DH.1,0.04,AT1G55040:1;AT1G54940:1;AT1G54930:1;AT1G54920:1;AT1G54890:1
juncea,Bju_A,Bju_B,A09,9,BjuA09g021700.3DH.1,BjuA09g021830.3DH.1,3.33,AT5G42320:1;AT5G42340:1;AT5G42350:1;AT5G42370:1;AT5G42380:1;AT5G42390:1;AT5G42400:1;AT5G42410:1;AT5G42420:1
juncea,Bju_A,Bju_B,A09,198,BjuA09g023850.3DH.1,BjuA09g028010.3DH.1,0.64,AT5G44910:2;AT5G45000:2;AT5G45100:2;AT5G45120:2;AT5G45250:2;AT5G45310:3;AT5G45330:3;AT5G45340:3;AT5G45360:3;AT5G45370:3;AT5G45380:3;AT5G45400:3;AT5G45410:3;AT5G45430:3;AT5G45550:3;AT5G45560:3;AT5G45630:3;AT5G45650:3;AT5G45670:3;AT5G45680:3;AT5G45710:3;AT5G45720:3;AT5G45760:3;AT5G45830:3;AT5G46050:3;AT5G46070:3;AT5G46080:3;AT5G46130:3;AT5G46140:3;AT5G46150:3;AT5G46160:3;AT5G46180:3;AT5G46210:3;AT5G46230:3;AT5G46240:3;AT5G46250:3;AT5G46290:3;AT5G46330:3;AT5G46350:3;AT5G46370:3;AT5G46380:3;AT5G46390:3;AT5G46450:3;AT5G46530:3;AT5G46540:3;AT5G46630:3;AT5G46640:3;AT5G46650:3;AT5G46690:3;AT5G46700:3;AT5G46720:3;AT5G46730:3;AT5G46760:3;AT5G46795:3;AT5G46800:3;AT5G46830:3;AT5G46880:3;AT5G46890:3;AT5G46910:3;AT5G46930:3;AT5G47000:3;AT5G47010:3;AT5G47020:3;AT5G47030:3;AT5G47050:3;AT5G47060:3;AT5G47070:3;AT5G47100:3;AT5G47110:3;AT5G47120:3;AT5G47140:3;AT5G47180:3;AT5G47190:3;AT5G47200:3;AT5G47220:3;AT5G47230:3;AT5G47330:3;AT5G47370:3;AT5G47380:3;AT5G47390:3;AT5G47430:3;AT5G47480:3;AT5G47520:3;AT5G47540:3;AT5G47550:3;AT5G47560:3;AT5G47570:3;AT5G47620:3;AT5G47635:3;AT5G47640:3;AT5G47650:3;AT5G47670:3;AT5G47680:3;AT5G47720:3;AT5G47730:3;AT5G47760:3;AT2G01110:3;AT2G01150:3;AT2G01180:3;AT2G01190:3;AT2G01250:3;AT2G01300:3;AT2G01330:3;AT2G01340:3;AT2G01410:3;AT2G01450:3;AT2G01490:3;AT2G01505:3;AT2G01520:3;AT2G01540:3;AT2G01570:3;AT2G01580:3;AT2G01600:3;AT2G01610:3;AT2G01630:3;AT2G01690:3;AT2G01740:3;AT2G01913:3;AT2G01940:3;AT2G01970:3;AT2G01980:3;AT2G02010:3;AT2G02020:3;AT2G02040:3;AT2G02050:3;AT2G02060:3;AT2G02070:3;AT2G02080:3;AT2G02090:3;AT2G02100:3;AT2G02148:3;AT2G02180:3;AT2G02390:3;AT2G02450:3;AT2G02470:3;AT2G02515:3;AT2G02590:3;AT2G02720:3;AT2G02730:3;AT2G02750:3;AT2G02760:3;AT2G02790:3;AT2G02870:3;AT2G02950:3;AT2G03060:3;AT2G03070:3;AT2G03120:3;AT2G03150:3;AT2G03190:3;AT2G03200:3;AT2G03210:3;AT2G03240:3;AT2G03250:3;AT2G03270:3;AT2G03280:3;AT2G03310:3;AT2G03360:3;AT2G03410:3;AT2G03420:3;AT2G03430:3;AT2G03480:3;AT2G03510:3;AT2G03520:3;AT2G03590:3;AT2G03630:3;AT2G03667:3;AT2G03670:3;AT2G03680:3;AT2G03710:3;AT2G03720:3;AT2G03760:3;AT2G03780:3;AT2G03810:3;AT2G03830:3;AT2G03980:3;AT2G04030:3;AT2G04038:3;AT3G25590:3;AT3G25600:3;AT3G25660:3;AT3G25680:3;AT3G25770:3;AT3G25780:3;AT3G25790:3;AT3G25800:3;AT3G25805:3;AT3G25840:3;AT3G25860:3;AT3G25882:3;AT3G25920:3;AT3G25980:3;AT3G26000:3;AT3G26030:3;AT3G26040:2;AT3G26090:3;AT3G26100:3;AT3G26110:3;AT3G26125:3
juncea,Bju_A,Bju_B,A09,12,BjuA09g029070.3DH.1,BjuA09g029630.3DH.1,0.89,AT4G09040:1;AT4G09100:1;AT4G09150:1;AT4G09350:1;AT4G09580:1;AT4G09680:1;AT4G09750:1;AT4G09890:1;AT4G09900:1;AT4G09950:1;AT4G09960:1;AT4G09980:1
juncea,Bju_A,Bju_B,A09,9,BjuA09g030050.3DH.1,BjuA09g030280.3DH.1,0.29,AT4G10465:1;AT4G10490:1;AT4G10600:1;AT4G10610:1;AT4G10620:1;AT4G10650:1;AT4G10720:1;AT4G10750:1;AT4G10760:1
juncea,Bju_A,Bju_B,A09,8,BjuA09g030360.3DH.1,BjuA09g030480.3DH.1,1.6,AT4G10800:1;AT4G10850:1;AT4G10890:1;AT4G10925:1;AT4G10950:1;AT4G10955:1;AT4G10960:1;AT4G11000:1
juncea,Bju_A,Bju_B,A09,6,BjuA09g030540.3DH.1,BjuA09g030640.3DH.1,3.0,AT4G11040:1;AT4G11060:1;AT4G11090:1;AT4G11110:1;AT4G11120:1;AT4G11130:1
juncea,Bju_A,Bju_B,A09,11,BjuA09g030800.3DH.1,BjuA09g031030.3DH.1,0.31,AT4G11270:1;AT4G11280:1;AT4G11290:1;AT4G11300:1;AT4G11330:1;AT4G11350:1;AT4G11380:1;AT4G11400:1;AT4G11410:1;AT4G11470:1;AT4G11490:1
juncea,Bju_A,Bju_B,A09,6,BjuA09g031130.3DH.1,BjuA09g031270.3DH.1,2.42,AT4G11570:1;AT4G11655:1;AT4G11660:1;AT4G11670:1;AT4G11680:1;AT4G11690:1
juncea,Bju_A,Bju_B,A09,12,BjuA09g031500.3DH.1,BjuA09g031680.3DH.1,1.35,AT4G11810:1;AT4G11850:1;AT4G11860:1;AT4G11880:1;AT4G11890:1;AT4G11920:1;AT4G11950:1;AT4G11990:1;AT4G12000:1;AT4G12010:1;AT4G12030:1;AT4G12060:1
juncea,Bju_A,Bju_B,A09,7,BjuA09g031800.3DH.1,BjuA09g031950.3DH.1,0.01,AT4G12250:2;AT4G12370:2;AT4G12390:2;AT4G12410:1;AT4G12450:1;AT4G12490:1;AT4G12540:1
juncea,Bju_A,Bju_B,A09,10,BjuA09g033680.3DH.1,BjuA09g034330.3DH.1,0.22,AT1G35510:1;AT1G35430:1;AT1G35420:1;AT1G35330:1;AT1G35140:1;AT1G34790:1;AT1G34670:1;AT1G34570:1;AT1G34550:1;AT1G34430:1
juncea,Bju_A,Bju_B,A09,5,BjuA09g034580.3DH.1,BjuA09g034660.3DH.1,0.87,AT1G34245:1;AT1G34220:1;AT1G34200:1;AT1G34190:1;AT1G34150:1
juncea,Bju_A,Bju_B,A09,8,BjuA09g035760.3DH.1,BjuA09g035910.3DH.1,1.21,AT1G32940:1;AT1G32928:1;AT1G32860:1;AT1G32850:1;AT1G32790:1;AT1G32780:1;AT1G32770:1;AT1G28140:1
juncea,Bju_A,Bju_B,A09,5,BjuA09g040410.3DH.1,BjuA09g040540.3DH.1,0.81,AT1G32520:2;AT1G32530:2;AT1G32550:2;AT1G32560:2;AT1G32760:2
juncea,Bju_A,Bju_B,A09,8,BjuA09g055960.3DH.1,BjuA09g056110.3DH.2,0.64,AT3G60690:1;AT3G60720:1;AT3G60730:1;AT3G60750:1;AT3G60780:1;AT3G60790:1;AT3G60800:1;AT3G60810:1
juncea,Bju_A,Bju_B,A09,32,BjuA09g057930.3DH.1,BjuA09g058510.3DH.1,1.49,AT3G63190:1;AT3G63210:1;AT3G63250:1;AT3G63260:2;AT3G63350:2;AT3G63390:2;AT3G63420:1;AT3G63430:1;AT3G63440:1;AT2G26540:1;AT2G26500:1;AT2G26490:1;AT2G26470:1;AT2G26420:1;AT2G26350:1;AT2G26340:1;AT2G26330:1;AT2G26300:1;AT2G26260:1;AT2G26240:1;AT2G26070:1;AT2G26060:1;AT2G25940:1;AT2G25770:1;AT2G25760:1;AT2G25740:1;AT2G25690:1;AT2G25680:1;AT2G25670:1;AT2G25620:1;AT2G25580:1;AT2G25570:1
juncea,Bju_A,Bju_B,A09,22,BjuA09g058610.3DH.1,BjuA09g059090.3DH.1,0.57,AT2G25530:1;AT2G25460:1;AT2G25370:1;AT2G25310:1;AT2G25300:1;AT2G25290:1;AT2G25270:1;AT2G25250:1;AT2G25200:1;AT2G25170:1;AT2G25140:1;AT2G25130:1;AT2G25080:1;AT2G25060:1;AT2G25050:1;AT2G24970:1;AT2G24850:1;AT2G24830:1;AT2G24800:1;AT2G24762:1;AT2G24650:1;AT2G24630:1
juncea,Bju_A,Bju_B,A09,6,BjuA09g059440.3DH.1,BjuA09g059530.3DH.1,7.35,AT2G24180:1;AT2G24170:1;AT2G24150:1;AT2G24140:1;AT2G24130:1;AT2G24100:1
juncea,Bju_A,Bju_B,A09,14,BjuA09g059920.3DH.1,BjuA09g060140.3DH.1,0.07,AT2G23260:1;AT2G23200:1;AT2G23190:1;AT2G23180:1;AT2G23170:1;AT2G23150:1;AT2G23130:1;AT2G23120:1;AT2G23093:1;AT2G23090:1;AT2G22950:1;AT2G22942:1;AT2G22900:1;AT2G22880:1
juncea,Bju_A,Bju_B,A09,5,BjuA09g060790.3DH.1,BjuA09g060870.3DH.1,0.16,AT2G22070:1;AT2G22010:1;AT2G22000:1;AT2G21970:1;AT2G21910:1
juncea,Bju_A,Bju_B,A09,5,BjuA09g061240.3DH.1,BjuA09g061290.3DH.1,2.18,AT2G21385:1;AT2G21380:1;AT2G21370:1;AT2G21340:1;AT2G21320:1
juncea,Bju_A,Bju_B,A09,7,BjuA09g063180.3DH.1,BjuA09g063350.3DH.1,0.26,AT1G17700:2;AT1G17610:2;AT1G17590:2;AT1G17580:2;AT1G17500:2;AT1G17455:2;AT1G17440:2
juncea,Bju_A,Bju_B,A09,5,BjuA09g063510.3DH.1,BjuA09g063580.3DH.1,0.01,AT1G17180:2;AT1G17160:2;AT1G17150:2;AT1G17130:2;AT1G17120:2
juncea,Bju_A,Bju_B,A09,8,BjuA09g063630.3DH.1,BjuA09g063770.3DH.2,1.09,AT1G17020:2;AT1G17010:2;AT1G16940:2;AT1G16916:2;AT1G16850:2;AT1G16840:2;AT1G16810:2;AT1G16800:2
juncea,Bju_A,Bju_B,A09,23,BjuA09g063850.3DH.1,BjuA09g064150.3DH.1,1.49,AT1G16590:2;AT1G16570:2;AT1G16560:2;AT1G16530:2;AT1G16510:2;AT1G16500:2;AT1G16490:2;AT1G16445:2;AT1G16360:2;AT1G16310:2;AT1G16280:2;AT1G16270:2;AT1G16240:2;AT1G16190:2;AT1G16180:2;AT1G16160:2;AT1G16150:2;AT1G16110:2;AT1G16080:2;AT1G16022:2;AT1G16020:2;AT1G15950:2;AT1G15910:2
juncea,Bju_A,Bju_B,A09,5,BjuA09g064190.3DH.1,BjuA09g064270.3DH.1,0.05,AT1G15825:2;AT1G15830:2;AT1G15810:2;AT1G15800:2;AT1G15750:2
juncea,Bju_A,Bju_B,A09,7,BjuA09g064300.3DH.1,BjuA09g064370.3DH.1,0.39,AT1G15670:2;AT1G15580:2;AT1G15570:2;AT1G15550:2;AT1G15530:2;AT1G15520:2;AT1G15470:2
juncea,Bju_A,Bju_B,A09,15,BjuA09g064530.3DH.1,BjuA09g064710.3DH.1,0.55,AT1G15270:2;AT1G15260:2;AT1G15240:2;AT1G15200:2;AT1G15130:2;AT1G15110:2;AT1G15100:2;AT1G15080:2;AT1G15040:2;AT1G15030:2;AT1G15020:2;AT1G15000:2;AT1G14990:2;AT1G14980:2;AT1G14970:2
juncea,Bju_A,Bju_B,A09,18,BjuA09g065920.3DH.1,BjuA09g066310.3DH.1,2.17,AT1G13270:3;AT1G13260:3;AT1G13210:3;AT1G13195:3;AT1G13160:3;AT1G13130:3;AT1G13120:3;AT1G13110:3;AT1G13090:3;AT1G13030:3;AT1G13020:3;AT1G12980:3;AT1G12970:3;AT1G12950:3;AT1G12930:3;AT1G12910:3;AT1G12900:3;AT1G12890:3
juncea,Bju_A,Bju_B,A09,12,BjuA09g066390.3DH.1,BjuA09g066580.3DH.1,0.05,AT1G12740:3;AT1G12700:3;AT1G12680:3;AT1G12663:3;AT1G12660:3;AT1G12650:3;AT1G12580:2;AT1G12560:2;AT1G12550:2;AT1G12540:2;AT1G12520:2;AT1G12440:2
juncea,Bju_A,Bju_B,A09,8,BjuA09g067050.3DH.1,BjuA09g067140.3DH.1,2.71,AT1G11880:3;AT1G11870:3;AT1G11860:3;AT1G11850:3;AT1G11800:3;AT1G11780:3;AT1G11770:3;AT1G11765:3
juncea,Bju_A,Bju_B,A09,6,BjuA09g067190.3DH.1,BjuA09g067280.3DH.1,0.09,AT1G11650:3;AT1G11600:3;AT1G11580:3;AT1G11530:3;AT1G11510:3;AT1G11500:3
juncea,Bju_A,Bju_B,A09,7,BjuA09g067360.3DH.1,BjuA09g067520.3DH.1,0.32,AT1G11160:2;AT1G11130:2;AT1G11100:2;AT1G10710:2;AT1G10740:2;AT1G10750:2;AT1G10760:2
juncea,Bju_A,Bju_B,A09,7,BjuA09g067640.3DH.1,BjuA09g067740.3DH.1,0.87,AT1G10970:1;AT1G11000:1;AT1G11050:1;AT1G11060:1;AT1G11070:1;AT1G11125:2;AT1G11270:1
juncea,Bju_A,Bju_B,A09,6,BjuA09g067840.3DH.1,BjuA09g067970.3DH.1,0.0,AT1G10586:3;AT1G10530:3;AT1G10490:3;AT1G10480:3;AT1G10460:3;AT1G10430:3
juncea,Bju_A,Bju_B,A09,8,BjuA09g068910.3DH.1,BjuA09g068990.3DH.1,1.29,AT1G08410:3;AT1G08380:3;AT1G08340:3;AT1G08320:3;AT1G08290:3;AT1G08250:3;AT1G08220:3;AT1G08210:3
juncea,Bju_A,Bju_B,A09,17,BjuA09g069020.3DH.2,BjuA09g069260.3DH.1,3.02,AT1G08140:3;AT1G08135:3;AT1G08130:3;AT1G08090:3;AT1G08060:3;AT1G08010:3;AT1G07990:3;AT1G07985:3;AT1G07980:3;AT1G07930:3;AT1G07910:3;AT1G07900:3;AT1G07890:3;AT1G07880:3;AT1G07870:3;AT1G07830:3;AT1G07795:2
juncea,Bju_A,Bju_B,A09,12,BjuA09g071600.3DH.1,BjuA09g071760.3DH.1,3.65,AT1G03475:2;AT1G03540:3;AT1G03470:2;AT1G03260:2;AT1G03090:2;AT1G03080:2;AT1G03060:2;AT1G03055:2;AT1G03020:2;AT1G03010:2;AT1G03000:2;AT1G02990:2
juncea,Bju_A,Bju_B,A10,8,BjuA10g001160.3DH.1,BjuA10g001280.3DH.1,0.51,AT1G02280:1;AT1G02310:1;AT1G02335:1;AT1G02340:1;AT1G02360:1;AT1G02370:1;AT1G02380:1;AT1G02390:1
juncea,Bju_A,Bju_B,A10,5,BjuA10g001330.3DH.1,BjuA10g001400.3DH.1,0.28,AT1G02440:1;AT1G02450:1;AT1G02460:1;AT1G02470:1;AT1G02475:1
juncea,Bju_A,Bju_B,A10,5,BjuA10g001500.3DH.1,BjuA10g001580.3DH.1,0.07,AT1G02640:1;AT1G02690:1;AT1G02700:1;AT1G02730:1;AT1G02750:1
juncea,Bju_A,Bju_B,A10,9,BjuA10g001620.3DH.1,BjuA10g001780.3DH.1,0.19,AT1G02820:1;AT1G02850:1;AT1G02860:1;AT1G02870:1;AT1G02890:1;AT1G02930:1;AT1G02940:1;AT1G02950:1;AT1G02980:1
juncea,Bju_A,Bju_B,A10,19,BjuA10g001890.3DH.1,BjuA10g002320.3DH.1,0.37,AT1G03070:1;AT1G03100:1;AT1G03120:1;AT1G03150:2;AT1G03170:2;AT1G03210:2;AT1G03250:1;AT1G03280:2;AT1G03290:1;AT1G03320:2;AT1G03340:1;AT1G03360:1;AT1G03365:1;AT1G03380:1;AT1G03390:1;AT1G03410:1;AT1G03430:1;AT1G03440:2;AT1G03457:1
juncea,Bju_A,Bju_B,A10,5,BjuA10g008740.3DH.1,BjuA10g008860.3DH.1,1.37,AT5G49660:1;AT5G49740:1;AT5G49760:1;AT5G49830:2;AT5G49880:2
juncea,Bju_A,Bju_B,A10,5,BjuA10g009840.3DH.1,BjuA10g010060.3DH.1,0.02,AT5G50390:2;AT5G50660:2;AT5G50690:2;AT5G50800:1;AT5G50820:1
juncea,Bju_A,Bju_B,A10,12,BjuA10g010280.3DH.1,BjuA10g010660.3DH.1,2.24,AT5G51170:1;AT5G51180:1;AT5G51210:1;AT5G51220:1;AT5G51260:1;AT5G51270:1;AT5G51330:1;AT5G51340:1;AT5G51390:1;AT5G51400:1;AT5G51430:1;AT5G51460:1
juncea,Bju_A,Bju_B,A10,13,BjuA10g010990.3DH.1,BjuA10g011240.3DH.1,0.86,AT5G51680:1;AT5G51700:1;AT5G51740:1;AT5G51750:1;AT5G51780:1;AT5G51800:1;AT5G51810:1;AT5G51820:1;AT5G51850:1;AT5G51860:1;AT5G51880:1;AT5G51890:1;AT5G51960:1
juncea,Bju_A,Bju_B,A10,6,BjuA10g011510.3DH.1,BjuA10g011630.3DH.1,0.28,AT5G52360:1;AT5G52380:1;AT5G52420:1;AT5G52430:1;AT5G52450:1;AT5G52470:1
juncea,Bju_A,Bju_B,A10,5,BjuA10g028610.3DH.1,BjuA10g028660.3DH.1,1.32,AT5G11510:1;AT5G11480:1;AT5G11470:1;AT5G11460:1;AT5G11450:1
juncea,Bju_A,Bju_B,A10,5,BjuA10g033510.3DH.1,BjuA10g033570.3DH.1,1.04,AT5G05390:1;AT5G05380:1;AT5G05365:1;AT5G05360:1;AT5G05350:1
juncea,Bju_A,Bju_B,A10,11,BjuA10g034120.3DH.1,BjuA10g034250.3DH.1,0.84,AT5G04820:1;AT5G04810:1;AT5G04800:1;AT5G04720:1;AT5G04710:1;AT5G04640:1;AT5G04630:1;AT5G04620:1;AT5G04610:1;AT5G04600:1;AT5G04560:1
juncea,Bju_A,Bju_B,A10,19,BjuA10g036220.3DH.1,BjuA10g036470.3DH.1,0.37,AT5G02010:2;AT5G01030:3;AT5G01060:3;AT5G01075:3;AT5G01100:3;AT5G01120:3;AT5G01150:3;AT5G01160:3;AT5G01170:3;AT5G01180:3;AT5G01210:3;AT5G01220:3;AT5G01230:3;AT5G01240:3;AT5G01250:3;AT5G01300:3;AT5G01310:3;AT5G01610:3;AT5G01660:3
juncea,Bju_A,Bju_B,Scaffold00316,18,BjuS00316g0010.3DH.1,BjuS00316g0870.3DH.1,0.92,AT1G44820:3;AT1G44608:3;AT1G44575:3;AT1G44446:3;AT1G44350:3;AT1G44318:3;AT1G44170:3;AT1G44160:3;AT1G44130:1;AT1G44000:3;AT1G43980:3;AT1G43910:3;AT1G43900:3;AT1G43890:3;AT1G43860:3;AT1G43850:3;AT1G43690:2;AT1G43620:2
juncea,Bju_A,Bju_B,Scaffold00334,6,BjuS00334g0050.3DH.1,BjuS00334g0230.3DH.1,0.52,AT1G54990:2;AT1G54870:2;AT1G54850:2;AT1G54840:2;AT1G54780:2;AT1G54730:2
juncea,Bju_A,Bju_B,Scaffold00458,10,BjuS00458g0120.3DH.1,BjuS00458g0310.3DH.1,0.55,AT4G03965:1;AT4G04020:3;AT4G04210:3;AT4G04320:3;AT4G04340:1;AT4G04350:1;AT4G04360:1;AT4G04450:3;AT4G04460:3;AT4G04480:3
juncea,Bju_A,Bju_B,Scaffold00678,6,BjuS00678g0060.3DH.1,BjuS00678g0150.3DH.1,1.0,AT1G44800:3;AT1G44790:3;AT1G44780:3;AT1G44770:3;AT1G44760:3;AT1G44750:3
juncea,Bju_A,Bju_B,Scaffold00818,5,BjuS00818g0010.3DH.1,BjuS00818g0050.3DH.1,0.07,AT3G04570:3;AT3G04560:3;AT3G04530:3;AT3G04520:3;AT3G04510:3
juncea,Bju_A,Bju_B,Scaffold00826,16,BjuS00826g0020.3DH.1,BjuS00826g0370.3DH.1,0.82,AT3G60690:3;AT3G60720:3;AT3G60730:3;AT3G60780:3;AT3G60790:3;AT3G60800:3;AT3G60810:3;AT3G60880:3;AT3G60900:3;AT3G60910:3;AT3G61170:3;AT3G61160:3;AT3G61130:3;AT3G61110:3;AT3G61180:2;AT3G61190:3
juncea,Bju_A,Bju_B,Scaffold00964,6,BjuS00964g0130.3DH.1,BjuS00964g0200.3DH.1,4.32,AT3G05630:3;AT3G05640:3;AT3G05710:3;AT3G05725:3;AT3G05727:3;AT3G05741:3
juncea,Bju_A,Bju_B,Scaffold01020,9,BjuS01020g0040.3DH.1,BjuS01020g0210.3DH.1,0.12,AT3G01970:2;AT3G01960:2;AT3G01950:2;AT3G01940:2;AT3G01910:2;AT3G01900:2;AT3G01840:2;AT3G01690:1;AT3G01680:1
juncea,Bju_A,Bju_B,Scaffold01124,6,BjuS01124g0020.3DH.1,BjuS01124g0100.3DH.1,1.0,AT3G63440:3;AT3G63430:3;AT3G63410:3;AT3G63390:3;AT3G63350:3;AT3G63260:3
juncea,Bju_B,Bju_A,B01,8,BjuB01g000120.3DH.1,BjuB01g000230.3DH.1,0.18,AT2G47930:2;AT2G47910:1;AT2G47900:1;AT2G47880:3;AT2G47790:3;AT2G47770:3;AT2G47670:3;AT2G47590:2
juncea,Bju_B,Bju_A,B01,7,BjuB01g000310.3DH.1,BjuB01g000440.3DH.1,0.51,AT2G47490:2;AT2G47460:2;AT2G47440:2;AT2G47400:2;AT2G47360:2;AT2G47350:2;AT2G47310:2
juncea,Bju_B,Bju_A,B01,5,BjuB01g012550.3DH.1,BjuB01g012700.3DH.1,0.0,AT2G31800:1;AT2G31770:1;AT2G31750:1;AT2G31335:3;AT2G31350:3
juncea,Bju_B,Bju_A,B01,5,BjuB01g015080.3DH.1,BjuB01g015270.3DH.1,0.51,AT2G29320:2;AT2G29260:2;AT2G29200:2;AT2G29125:2;AT2G29120:2
juncea,Bju_B,Bju_A,B01,6,BjuB01g016610.3DH.1,BjuB01g016680.3DH.1,4.76,AT2G27970:1;AT2G27920:1;AT2G27900:1;AT2G27860:1;AT2G27840:1;AT2G27820:1
juncea,Bju_B,Bju_A,B01,5,BjuB01g016990.3DH.1,BjuB01g017110.3DH.1,0.73,AT2G27450:1;AT2G27370:1;AT2G27310:1;AT2G27290:1;AT2G27285:1
juncea,Bju_B,Bju_A,B01,40,BjuB01g017150.3DH.1,BjuB01g018290.3DH.1,1.66,AT2G27250:1;AT2G27240:1;AT2G27220:1;AT2G27210:1;AT2G27200:1;AT2G27170:1;AT2G27150:1;AT2G27140:1;AT2G27080:1;AT2G27030:1;AT2G26980:1;AT2G26910:1;AT2G26870:1;AT2G26570:1;AT2G26360:1;AT2G26310:1;AT2G26290:1;AT2G26270:1;AT2G26210:1;AT2G26200:1;AT2G26190:1;AT2G26180:1;AT2G26100:1;AT2G25970:1;AT2G25950:1;AT2G25930:1;AT2G25910:1;AT2G25890:1;AT2G25880:1;AT2G25870:1;AT2G25850:1;AT2G25830:1;AT2G25820:1;AT2G25810:1;AT2G25800:1;AT2G25737:1;AT2G25660:1;AT2G25640:1;AT2G25625:1;AT2G25605:1
juncea,Bju_B,Bju_A,B01,14,BjuB01g018620.3DH.1,BjuB01g019450.3DH.1,0.31,AT2G25260:1;AT2G25220:1;AT2G25180:1;AT2G25100:1;AT2G25090:1;AT2G25010:1;AT2G24960:1;AT2G24940:1;AT2G24860:1;AT2G24790:1;AT2G24720:1;AT2G24710:1;AT2G24680:1;AT2G24645:1
juncea,Bju_B,Bju_A,B01,5,BjuB01g019900.3DH.1,BjuB01g020000.3DH.1,5.24,AT2G24350:1;AT2G24330:1;AT2G24310:1;AT2G24300:1;AT2G24280:1
juncea,Bju_B,Bju_A,B01,11,BjuB01g020820.3DH.1,BjuB01g021200.3DH.1,0.1,AT2G23700:1;AT2G23670:1;AT2G23660:1;AT2G23630:1;AT2G23620:1;AT2G23580:1;AT2G23570:1;AT2G23530:1;AT2G23520:1;AT2G23470:1;AT2G23460:1
juncea,Bju_B,Bju_A,B01,10,BjuB01g021650.3DH.1,BjuB01g021940.3DH.1,0.1,AT2G23060:1;AT2G23050:1;AT2G23030:1;AT2G22980:1;AT2G22870:1;AT2G22860:1;AT2G22830:1;AT2G22810:1;AT2G22800:1;AT2G22795:1
juncea,Bju_B,Bju_A,B01,6,BjuB01g022120.3DH.1,BjuB01g022280.3DH.1,3.56,AT2G22740:1;AT2G22730:1;AT2G22680:1;AT2G22670:1;AT2G22660:1;AT2G22640:1
juncea,Bju_B,Bju_A,B01,8,BjuB01g023090.3DH.1,BjuB01g023460.3DH.1,1.02,AT2G22100:1;AT2G22060:1;AT2G22050:1;AT2G21990:1;AT2G21960:1;AT2G21950:1;AT2G21940:1;AT2G21930:1
juncea,Bju_B,Bju_A,B01,10,BjuB01g025980.3DH.1,BjuB01g026310.3DH.1,0.28,AT5G41670:2;AT5G41620:2;AT5G41610:2;AT5G41590:2;AT5G41570:2;AT5G41560:2;AT5G41460:2;AT5G41410:2;AT5G41390:2;AT5G41380:2
juncea,Bju_B,Bju_A,B01,5,BjuB01g026350.3DH.1,BjuB01g026400.3DH.1,0.2,AT5G41330:2;AT5G41320:2;AT5G41315:2;AT5G41290:2;AT5G41270:2
juncea,Bju_B,Bju_A,B01,5,BjuB01g026490.3DH.1,BjuB01g026640.3DH.1,2.01,AT5G41170:2;AT5G41150:2;AT5G41140:2;AT5G41110:2;AT5G41070:2
juncea,Bju_B,Bju_A,B01,12,BjuB01g026710.3DH.1,BjuB01g027020.3DH.1,0.69,AT5G41030:2;AT5G41020:2;AT5G40960:2;AT5G40950:2;AT5G40940:2;AT5G40870:2;AT5G40860:2;AT5G40850:2;AT5G40840:2;AT5G40810:2;AT5G40800:2;AT5G40790:2
juncea,Bju_B,Bju_A,B01,53,BjuB01g027100.3DH.1,BjuB01g029450.3DH.1,0.99,AT5G40690:2;AT5G40670:2;AT5G40660:2;AT5G40645:2;AT5G40630:2;AT5G40600:2;AT5G40540:2;AT5G40530:2;AT5G40510:2;AT5G40500:2;AT5G40490:2;AT5G40470:2;AT5G40460:2;AT5G39590:3;AT5G39600:3;AT5G39610:3;AT5G39660:3;AT5G39670:3;AT5G39710:3;AT5G39730:3;AT5G39760:3;AT5G39785:3;AT5G39790:3;AT5G39830:3;AT5G39840:3;AT5G39850:3;AT5G39865:3;AT5G39870:3;AT5G39890:3;AT5G39910:3;AT5G39940:3;AT5G39960:3;AT5G39990:3;AT5G40000:3;AT5G40020:3;AT5G40090:3;AT5G40100:3;AT5G40140:3;AT5G40150:3;AT5G40160:3;AT5G40200:3;AT5G40210:3;AT5G40230:3;AT5G40240:3;AT5G40250:3;AT5G40260:3;AT5G40270:3;AT5G40280:3;AT5G40300:3;AT5G40320:3;AT5G40330:3;AT5G40370:3;AT5G39590:2
juncea,Bju_B,Bju_A,B01,7,BjuB01g037530.3DH.1,BjuB01g037790.3DH.1,0.54,AT3G25440:2;AT3G25430:2;AT3G25420:2;AT3G25410:2;AT3G25400:2;AT3G25130:2;AT3G25120:2
juncea,Bju_B,Bju_A,B01,13,BjuB01g038300.3DH.1,BjuB01g039130.3DH.1,0.95,AT3G25050:2;AT3G25030:2;AT3G24860:2;AT3G24840:2;AT3G24820:2;AT3G24600:2;AT3G24590:2;AT3G24560:2;AT3G24550:2;AT3G24530:2;AT3G24500:2;AT3G24440:2;AT3G24420:2
juncea,Bju_B,Bju_A,B01,6,BjuB01g039680.3DH.1,BjuB01g039800.3DH.1,2.37,AT3G24080:2;AT3G24030:2;AT3G24010:2;AT3G23990:2;AT3G23980:2;AT3G23950:2
juncea,Bju_B,Bju_A,B01,6,BjuB01g041910.3DH.1,BjuB01g041980.3DH.1,2.04,AT3G22370:2;AT3G22320:2;AT3G22310:2;AT3G22300:2;AT3G22290:2;AT3G22275:2
juncea,Bju_B,Bju_A,B01,6,BjuB01g046090.3DH.1,BjuB01g046160.3DH.1,1.38,AT3G20280:2;AT3G20270:2;AT3G20260:2;AT3G20240:2;AT3G20230:2;AT3G20220:2
juncea,Bju_B,Bju_A,B01,6,BjuB01g049660.3DH.1,BjuB01g050070.3DH.1,0.03,AT3G17500:1;AT3G17465:3;AT3G17460:3;AT3G17450:3;AT3G17430:3;AT3G17420:3
juncea,Bju_B,Bju_A,B01,5,BjuB01g051630.3DH.1,BjuB01g051720.3DH.1,2.89,AT3G15940:2;AT3G15870:2;AT3G15850:2;AT3G15840:2;AT3G15810:2
juncea,Bju_B,Bju_A,B01,10,BjuB01g055050.3DH.1,BjuB01g055160.3DH.1,2.45,AT3G12810:2;AT3G12800:2;AT3G12780:2;AT3G12775:2;AT3G12770:2;AT3G12760:2;AT3G12750:2;AT3G12740:2;AT3G12730:2;AT3G12720:2
juncea,Bju_B,Bju_A,B01,6,BjuB01g057000.3DH.1,BjuB01g057160.3DH.1,2.21,AT3G10750:2;AT3G10700:2;AT3G10660:2;AT3G10620:2;AT3G10572:2;AT3G10570:2
juncea,Bju_B,Bju_A,B01,7,BjuB01g060650.3DH.1,BjuB01g060740.3DH.1,6.99,AT3G04700:1;AT3G04730:1;AT3G04740:1;AT3G04750:1;AT3G04760:1;AT3G04780:1;AT3G04790:1
juncea,Bju_B,Bju_A,B01,6,BjuB01g060780.3DH.1,BjuB01g060840.3DH.1,3.14,AT3G04860:1;AT3G04870:1;AT3G04880:1;AT3G04890:1;AT3G04920:1;AT3G04930:1
juncea,Bju_B,Bju_A,B01,5,BjuB01g062180.3DH.1,BjuB01g062250.3DH.1,4.91,AT3G02875:1;AT3G02870:1;AT3G02860:1;AT3G02850:1;AT3G02840:1
juncea,Bju_B,Bju_A,B01,9,BjuB01g062650.3DH.1,BjuB01g062740.3DH.1,0.07,AT3G02220:1;AT3G02210:1;AT3G02200:1;AT3G02170:1;AT3G02160:1;AT3G02150:1;AT3G02140:1;AT3G02125:1;AT3G02100:1
juncea,Bju_B,Bju_A,B01,6,BjuB01g062880.3DH.1,BjuB01g062940.3DH.1,0.0,AT3G01970:1;AT3G01960:1;AT3G01940:1;AT3G01910:1;AT3G01900:1;AT3G01840:1
juncea,Bju_B,Bju_A,B02,5,BjuB02g003860.3DH.2,BjuB02g003990.3DH.1,0.04,AT1G07750:2;AT1G07810:2;AT1G07880:1;AT1G07900:1;AT1G07930:1
juncea,Bju_B,Bju_A,B02,8,BjuB02g004690.3DH.1,BjuB02g004810.3DH.1,0.02,AT1G09270:3;AT1G09310:3;AT1G09320:2;AT1G09340:2;AT1G09350:2;AT1G09370:3;AT1G09380:2;AT1G09500:1
juncea,Bju_B,Bju_A,B02,7,BjuB02g005100.3DH.1,BjuB02g005210.3DH.1,0.39,AT1G09800:2;AT1G09860:2;AT1G09870:2;AT1G09930:2;AT1G09940:2;AT1G09950:2;AT1G09960:2
juncea,Bju_B,Bju_A,B02,7,BjuB02g005800.3DH.1,BjuB02g005990.3DH.1,0.21,AT1G10710:1;AT1G10720:1;AT1G10740:1;AT1G10750:1;AT1G10760:1;AT1G10780:1;AT1G10810:1
juncea,Bju_B,Bju_A,B02,6,BjuB02g006130.3DH.1,BjuB02g006230.3DH.1,2.66,AT1G10970:2;AT1G11000:2;AT1G11020:2;AT1G11050:2;AT1G11060:3;AT1G11160:3
juncea,Bju_B,Bju_A,B02,5,BjuB02g006420.3DH.1,BjuB02g006530.3DH.1,0.85,AT1G11530:1;AT1G11545:1;AT1G11580:1;AT1G11600:1;AT1G11650:1
juncea,Bju_B,Bju_A,B02,5,BjuB02g006650.3DH.1,BjuB02g006800.3DH.1,1.81,AT1G11765:2;AT1G11780:1;AT1G11800:1;AT1G11820:1;AT1G11850:2
juncea,Bju_B,Bju_A,B02,5,BjuB02g007150.3DH.1,BjuB02g007390.3DH.1,0.02,AT1G12190:3;AT1G12200:3;AT1G12230:3;AT1G12244:2;AT1G12250:2
juncea,Bju_B,Bju_A,B02,9,BjuB02g007810.3DH.1,BjuB02g008150.3DH.1,0.0,AT1G12530:3;AT1G12540:3;AT1G12550:3;AT1G12580:3;AT1G12650:2;AT1G12660:2;AT1G12663:2;AT1G12700:2;AT1G12740:2
juncea,Bju_B,Bju_A,B02,9,BjuB02g008570.3DH.1,BjuB02g008760.3DH.1,0.23,AT1G13110:2;AT1G13120:2;AT1G13130:2;AT1G13160:2;AT1G13195:2;AT1G13210:2;AT1G13260:2;AT1G13290:2;AT1G13300:3
juncea,Bju_B,Bju_A,B02,9,BjuB02g011250.3DH.1,BjuB02g011410.3DH.1,0.16,AT3G25180:1;AT3G25190:1;AT3G25220:1;AT3G25230:1;AT3G25240:1;AT3G25260:1;AT3G25460:1;AT3G25480:1;AT3G25500:1
juncea,Bju_B,Bju_A,B02,5,BjuB02g013160.3DH.1,BjuB02g013270.3DH.1,0.01,AT2G15000:2;AT2G15020:2;AT2G15220:2;AT2G15270:1;AT2G15290:1
juncea,Bju_B,Bju_A,B02,11,BjuB02g013990.3DH.1,BjuB02g014240.3DH.1,1.05,AT2G16370:2;AT2G16380:2;AT2G16390:2;AT2G16400:2;AT2G16430:2;AT2G16440:2;AT2G16580:2;AT2G16660:2;AT2G16700:2;AT2G16710:2;AT2G16720:2
juncea,Bju_B,Bju_A,B02,10,BjuB02g016480.3DH.1,BjuB02g016710.3DH.1,0.08,AT2G18360:2;AT2G18390:2;AT2G18400:2;AT2G18450:2;AT2G18460:2;AT2G18500:2;AT2G18540:2;AT2G18570:2;AT2G18690:2;AT2G18740:2
juncea,Bju_B,Bju_A,B02,7,BjuB02g016980.3DH.1,BjuB02g017300.3DH.1,0.01,AT2G19190:2;AT2G19210:2;AT2G19330:2;AT2G19360:2;AT2G19390:2;AT2G19410:2;AT2G19460:2
juncea,Bju_B,Bju_A,B02,6,BjuB02g018810.3DH.2,BjuB02g018890.3DH.1,1.81,AT2G21320:2;AT2G21340:2;AT2G21370:2;AT2G21380:2;AT2G21385:2;AT2G21390:2
juncea,Bju_B,Bju_A,B02,7,BjuB02g019490.3DH.1,BjuB02g019900.3DH.1,1.96,AT2G21910:2;AT2G21970:2;AT2G22000:2;AT2G22010:2;AT2G22070:2;AT2G22080:2;AT2G22140:2
juncea,Bju_B,Bju_A,B02,12,BjuB02g021230.3DH.1,BjuB02g022010.3DH.1,0.78,AT2G22795:2;AT2G22880:2;AT2G22900:2;AT2G22950:2;AT2G23090:2;AT2G23120:2;AT2G23130:2;AT2G23150:2;AT2G23170:2;AT2G23180:2;AT2G23190:2;AT2G23200:2
juncea,Bju_B,Bju_A,B02,6,BjuB02g023560.3DH.1,BjuB02g024120.3DH.1,4.51,AT2G24100:2;AT2G24130:2;AT2G24140:2;AT2G24150:2;AT2G24170:2;AT2G24180:2
juncea,Bju_B,Bju_A,B02,11,BjuB02g025240.3DH.1,BjuB02g026480.3DH.1,0.76,AT2G24800:2;AT2G24820:2;AT2G24830:2;AT2G25250:2;AT2G25270:2;AT2G25290:2;AT2G25300:2;AT2G25310:2;AT2G25370:2;AT2G25460:2;AT2G25530:2
juncea,Bju_B,Bju_A,B02,6,BjuB02g026600.3DH.1,BjuB02g027130.3DH.1,1.41,AT2G25570:2;AT2G25580:2;AT2G25600:2;AT2G25620:2;AT2G25680:2;AT2G25770:2
juncea,Bju_B,Bju_A,B02,5,BjuB02g027350.3DH.1,BjuB02g027550.3DH.1,0.36,AT2G25940:2;AT2G26040:2;AT2G26060:2;AT2G26070:2;AT2G26240:2
juncea,Bju_B,Bju_A,B02,9,BjuB02g030070.3DH.1,BjuB02g030700.3DH.1,0.45,AT5G50660:1;AT5G50860:2;AT5G51050:2;AT5G51100:2;AT5G51150:2;AT5G51170:2;AT5G51180:2;AT5G51190:2;AT5G51210:2
juncea,Bju_B,Bju_A,B02,7,BjuB02g031870.3DH.1,BjuB02g031950.3DH.1,2.21,AT5G51820:2;AT5G51830:2;AT5G51840:2;AT5G51850:2;AT5G51860:2;AT5G51870:2;AT5G51880:2
juncea,Bju_B,Bju_A,B02,5,BjuB02g049090.3DH.2,BjuB02g049170.3DH.1,0.14,AT5G18420:2;AT5G18390:2;AT5G18380:2;AT5G18370:2;AT5G18340:1
juncea,Bju_B,Bju_A,B02,6,BjuB02g055340.3DH.1,BjuB02g055420.3DH.1,1.91,AT5G11510:2;AT5G11500:2;AT5G11490:2;AT5G11480:2;AT5G11470:2;AT5G11450:2
juncea,Bju_B,Bju_A,B02,6,BjuB02g055900.3DH.1,BjuB02g055960.3DH.1,0.61,AT5G10970:2;AT5G10960:2;AT5G10940:2;AT5G10930:2;AT5G10910:2;AT5G10890:2
juncea,Bju_B,Bju_A,B02,5,BjuB02g056680.3DH.1,BjuB02g056730.3DH.1,1.05,AT5G10020:2;AT5G10000:2;AT5G09995:2;AT5G09990:2;AT5G09980:2
juncea,Bju_B,Bju_A,B02,8,BjuB02g058130.3DH.1,BjuB02g058270.3DH.1,0.15,AT5G07720:2;AT5G07710:2;AT5G07680:2;AT5G07670:2;AT5G07630:2;AT5G07590:2;AT5G07540:1;AT5G07520:1
juncea,Bju_B,Bju_A,B02,9,BjuB02g060350.3DH.1,BjuB02g060450.3DH.1,0.08,AT5G05490:2;AT5G05450:2;AT5G05440:2;AT5G05400:2;AT5G05390:2;AT5G05380:2;AT5G05370:2;AT5G05365:2;AT5G05350:2
juncea,Bju_B,Bju_A,B02,7,BjuB02g061080.3DH.1,BjuB02g061150.3DH.1,1.51,AT5G04720:2;AT5G04710:2;AT5G04640:2;AT5G04630:2;AT5G04620:2;AT5G04610:2;AT5G04600:2
juncea,Bju_B,Bju_A,B02,27,BjuB02g063170.3DH.1,BjuB02g063710.3DH.1,0.45,AT5G02010:1;AT5G01030:2;AT5G01060:1;AT5G01075:1;AT5G01100:1;AT5G01120:2;AT5G01150:2;AT5G01160:1;AT5G01170:1;AT5G01180:1;AT5G01210:1;AT5G01230:1;AT5G01240:1;AT5G01250:1;AT5G01300:2;AT5G01340:2;AT5G01380:3;AT5G01500:2;AT5G01610:2;AT5G01660:2;AT5G01700:2;AT5G01790:2;AT5G01800:2;AT5G01900:3;AT1G63500:3;AT1G63430:2;AT1G63295:2
juncea,Bju_B,Bju_A,B02,7,BjuB02g063820.3DH.1,BjuB02g063940.3DH.2,4.93,AT1G63060:2;AT1G63030:2;AT1G63010:2;AT1G62990:2;AT1G62980:2;AT1G62975:2;AT1G62940:2
juncea,Bju_B,Bju_A,B02,22,BjuB02g064020.3DH.1,BjuB02g064460.3DH.1,0.7,AT1G62790:2;AT1G62770:2;AT1G62760:2;AT1G62740:2;AT1G62710:2;AT1G62510:2;AT1G62430:2;AT1G62420:2;AT1G62370:2;AT1G62360:2;AT1G62340:2;AT1G62320:2;AT1G62310:2;AT1G62305:2;AT1G62290:2;AT1G62250:2;AT1G62210:2;AT1G62180:2;AT1G62050:2;AT1G62040:2;AT1G61990:2;AT1G61950:2
juncea,Bju_B,Bju_A,B02,15,BjuB02g064510.3DH.1,BjuB02g064680.3DH.1,0.11,AT1G61860:2;AT1G61820:2;AT1G61810:2;AT1G61790:2;AT1G61770:2;AT1G61760:2;AT1G61750:2;AT1G61720:2;AT1G61667:2;AT1G61640:2;AT1G61620:2;AT1G61610:2;AT1G61600:2;AT1G61590:2;AT1G61580:2
juncea,Bju_B,Bju_A,B02,9,BjuB02g064740.3DH.1,BjuB02g064910.3DH.1,0.18,AT1G61380:2;AT1G61360:2;AT1G61340:2;AT1G61170:2;AT1G61150:2;AT1G61100:2;AT1G61065:2;AT1G61040:2;AT1G60995:2
juncea,Bju_B,Bju_A,B02,38,BjuB02g064990.3DH.1,BjuB02g065650.3DH.1,1.88,AT1G60800:2;AT1G60780:3;AT1G60660:3;AT1G60650:3;AT1G60640:3;AT1G60630:3;AT1G60620:3;AT1G60490:3;AT1G60280:3;AT1G60200:3;AT1G60170:3;AT1G59910:3;AT1G59900:3;AT1G59820:3;AT1G59750:3;AT1G59720:3;AT1G59610:3;AT1G59590:3;AT1G59540:3;AT1G58520:3;AT1G58360:3;AT1G58200:3;AT1G58170:3;AT1G58080:3;AT1G58060:3;AT1G57680:3;AT1G57610:3;AT1G57600:3;AT1G57590:3;AT1G56560:3;AT1G56555:3;AT1G56450:3;AT1G56440:3;AT1G56350:3;AT1G56345:3;AT1G56330:3;AT1G56280:3;AT5G42310:1
juncea,Bju_B,Bju_A,B02,6,BjuB02g075180.3DH.1,BjuB02g075310.3DH.1,0.14,AT4G21650:2;AT4G21445:2;AT4G21440:2;AT4G21430:2;AT4G21320:3;AT4G21210:3
juncea,Bju_B,Bju_A,B02,13,BjuB02g078290.3DH.1,BjuB02g078570.3DH.1,2.71,AT4G15920:1;AT4G15900:1;AT4G15890:1;AT4G15880:1;AT4G15840:1;AT4G15820:1;AT4G15800:1;AT4G15760:1;AT4G15720:1;AT4G15715:1;AT4G15650:1;AT4G15630:1;AT4G15610:1
juncea,Bju_B,Bju_A,B02,5,BjuB02g078920.3DH.1,BjuB02g079010.3DH.1,1.93,AT3G52400:1;AT3G52380:1;AT3G52280:1;AT3G52260:1;AT3G52250:2
juncea,Bju_B,Bju_A,B02,14,BjuB02g079770.3DH.1,BjuB02g080030.3DH.1,0.93,AT3G50770:1;AT3G50760:1;AT3G50750:1;AT3G50740:1;AT3G50630:3;AT3G50620:3;AT3G50520:1;AT3G50500:1;AT3G50440:1;AT3G50420:1;AT3G50390:3;AT3G50170:1;AT3G50130:1;AT3G50110:1
juncea,Bju_B,Bju_A,B02,5,BjuB02g080180.3DH.1,BjuB02g080230.3DH.1,0.07,AT3G49850:3;AT3G49790:3;AT3G49740:1;AT3G49720:3;AT3G49700:3
juncea,Bju_B,Bju_A,B02,5,BjuB02g084610.3DH.1,BjuB02g084680.3DH.1,10.67,AT5G28500:3;AT5G28646:3;AT5G28650:3;AT5G28680:3;AT5G28690:3
juncea,Bju_B,Bju_A,B02,10,BjuB02g093530.3DH.1,BjuB02g093690.3DH.1,0.51,AT4G35490:2;AT4G35500:2;AT4G35510:2;AT4G35520:2;AT4G35530:2;AT4G35560:2;AT4G35620:2;AT4G35660:2;AT4G35670:2;AT4G35680:2
juncea,Bju_B,Bju_A,B02,9,BjuB02g093780.3DH.1,BjuB02g093890.3DH.1,0.66,AT4G35905:2;AT4G35920:2;AT4G35930:2;AT4G35940:2;AT4G35985:2;AT4G36020:2;AT4G36030:2;AT4G36060:2;AT4G36070:2
juncea,Bju_B,Bju_A,B02,6,BjuB02g095330.3DH.1,BjuB02g095400.3DH.1,0.05,AT4G39850:3;AT4G39830:3;AT4G39810:3;AT4G39795:3;AT4G39780:3;AT4G39680:3
juncea,Bju_B,Bju_A,B02,18,BjuB02g095760.3DH.1,BjuB02g096080.3DH.1,0.94,AT4G38960:2;AT4G38940:2;AT4G38900:2;AT4G38850:2;AT4G38830:2;AT4G38810:2;AT4G38800:2;AT4G38790:2;AT4G38760:2;AT4G38630:2;AT4G38620:2;AT4G38590:2;AT4G38580:2;AT4G38540:2;AT4G38530:2;AT4G38520:2;AT4G38420:2;AT4G38390:2
juncea,Bju_B,Bju_A,B03,6,BjuB03g000540.3DH.1,BjuB03g000600.3DH.1,0.12,AT1G03540:1;AT1G03590:3;AT1G03600:3;AT1G03610:3;AT1G03620:3;AT1G03630:3
juncea,Bju_B,Bju_A,B03,5,BjuB03g003410.3DH.1,BjuB03g003560.3DH.1,0.08,AT1G09400:1;AT1G09415:1;AT1G09420:1;AT1G09430:1;AT1G09450:1
juncea,Bju_B,Bju_A,B03,9,BjuB03g004070.3DH.1,BjuB03g004220.3DH.1,0.34,AT1G10310:1;AT1G10340:1;AT1G10385:1;AT1G10400:1;AT1G10480:1;AT1G10490:1;AT1G10500:1;AT1G10520:1;AT1G10550:1
juncea,Bju_B,Bju_A,B03,7,BjuB03g005070.3DH.1,BjuB03g005150.3DH.1,3.49,AT1G11870:1;AT1G11880:1;AT1G11890:1;AT1G11910:1;AT1G11930:1;AT1G11940:1;AT1G11950:1
juncea,Bju_B,Bju_A,B03,6,BjuB03g006070.3DH.1,BjuB03g006230.3DH.1,0.01,AT1G13410:1;AT1G13420:1;AT1G13460:3;AT1G13510:3;AT1G13710:3;AT1G13830:3
juncea,Bju_B,Bju_A,B03,5,BjuB03g006800.3DH.1,BjuB03g006850.3DH.1,3.98,AT1G15140:2;AT1G15190:2;AT1G15210:2;AT1G15220:2;AT1G15280:2
juncea,Bju_B,Bju_A,B03,8,BjuB03g007070.3DH.1,BjuB03g007160.3DH.1,0.4,AT1G16030:2;AT1G16250:2;AT1G16320:2;AT1G16330:2;AT1G16380:2;AT1G16390:2;AT1G16480:2;AT1G16610:2
juncea,Bju_B,Bju_A,B03,8,BjuB03g007200.3DH.1,BjuB03g007290.3DH.1,1.86,AT1G16730:2;AT1G16740:2;AT1G16750:2;AT1G16770:2;AT1G16790:2;AT1G16860:2;AT1G16880:2;AT1G16900:2
juncea,Bju_B,Bju_A,B03,16,BjuB03g007390.3DH.1,BjuB03g007640.3DH.1,1.26,AT1G17110:2;AT1G17147:2;AT1G17190:2;AT1G17220:2;AT1G17250:2;AT1G17260:2;AT1G17270:2;AT1G17345:2;AT1G17360:2;AT1G17400:2;AT1G17430:2;AT1G17530:2;AT1G17540:2;AT1G17550:2;AT1G17620:2;AT1G17690:2
juncea,Bju_B,Bju_A,B03,10,BjuB03g007670.3DH.1,BjuB03g007820.3DH.1,0.35,AT1G17745:2;AT1G17760:2;AT1G17780:2;AT1G17830:2;AT1G17840:2;AT1G17860:2;AT1G17910:2;AT1G17920:2;AT1G17930:2;AT1G17970:2
juncea,Bju_B,Bju_A,B03,11,BjuB03g008230.3DH.1,BjuB03g008440.3DH.1,0.21,AT1G18750:2;AT1G18790:2;AT1G18800:2;AT1G18810:2;AT1G18830:2;AT1G18850:2;AT1G18870:2;AT1G18900:2;AT1G18960:2;AT1G19010:2;AT1G19050:2
juncea,Bju_B,Bju_A,B03,18,BjuB03g008550.3DH.1,BjuB03g008770.3DH.1,0.88,AT1G19220:2;AT1G19270:2;AT1G19290:2;AT1G19300:2;AT1G19360:2;AT1G19380:2;AT1G19485:2;AT1G19510:2;AT1G19570:2;AT1G19580:2;AT1G19620:2;AT1G19630:2;AT1G19640:2;AT1G19660:2;AT1G19700:2;AT1G19715:2;AT1G19770:2;AT1G19835:2
juncea,Bju_B,Bju_A,B03,6,BjuB03g009040.3DH.1,BjuB03g009110.3DH.1,4.13,AT1G20350:2;AT1G20480:2;AT1G20510:2;AT1G20520:2;AT1G20580:2;AT1G20610:2
juncea,Bju_B,Bju_A,B03,6,BjuB03g009200.3DH.1,BjuB03g009280.3DH.1,0.14,AT1G20790:2;AT1G20800:2;AT1G20810:2;AT1G20830:2;AT1G20840:2;AT1G20860:2
juncea,Bju_B,Bju_A,B03,18,BjuB03g009360.3DH.1,BjuB03g009720.3DH.1,1.86,AT1G21065:2;AT1G21070:2;AT1G21080:2;AT1G21160:2;AT1G21200:2;AT1G21250:2;AT1G21280:2;AT1G21370:2;AT1G21400:2;AT1G21410:2;AT1G21460:2;AT1G21480:2;AT1G21580:2;AT1G21590:2;AT1G21600:2;AT1G21650:2;AT1G21690:2;AT1G21700:2
juncea,Bju_B,Bju_A,B03,11,BjuB03g014680.3DH.1,BjuB03g014790.3DH.1,3.54,AT4G35870:3;AT4G35830:3;AT4G35810:3;AT4G35800:3;AT4G35785:3;AT4G35780:3;AT4G35760:3;AT4G35750:3;AT4G35740:3;AT4G35733:3;AT4G35730:3
juncea,Bju_B,Bju_A,B03,6,BjuB03g015540.3DH.1,BjuB03g015610.3DH.1,0.33,AT4G37220:2;AT4G37210:2;AT4G37130:2;AT4G37090:2;AT4G37080:2;AT4G37030:2
juncea,Bju_B,Bju_A,B03,6,BjuB03g016770.3DH.1,BjuB03g016840.3DH.1,5.25,AT4G39230:2;AT4G39220:2;AT4G39190:2;AT4G39180:2;AT4G39170:2;AT4G39160:2
juncea,Bju_B,Bju_A,B03,7,BjuB03g018880.3DH.1,BjuB03g019110.3DH.1,2.55,AT1G27900:1;AT1G27770:1;AT1G27752:1;AT1G27730:3;AT1G27695:1;AT1G27690:1;AT1G27660:1
juncea,Bju_B,Bju_A,B03,5,BjuB03g020060.3DH.1,BjuB03g020110.3DH.1,0.46,AT1G26160:1;AT1G26180:1;AT1G26200:1;AT1G26210:1;AT1G26220:1
juncea,Bju_B,Bju_A,B03,5,BjuB03g020800.3DH.1,BjuB03g020900.3DH.1,0.09,AT1G23800:2;AT1G23790:2;AT1G23770:2;AT1G23580:2;AT1G23540:2
juncea,Bju_B,Bju_A,B03,7,BjuB03g021070.3DH.1,BjuB03g021200.3DH.1,0.13,AT1G23190:2;AT1G23180:2;AT1G23120:2;AT1G22950:2;AT1G22760:2;AT1G22570:2;AT1G22530:2
juncea,Bju_B,Bju_A,B03,7,BjuB03g021430.3DH.1,BjuB03g021550.3DH.1,0.17,AT1G22100:2;AT1G22070:2;AT1G22065:2;AT1G22060:2;AT1G22030:2;AT1G22020:2;AT1G21980:2
juncea,Bju_B,Bju_A,B03,6,BjuB03g022890.3DH.1,BjuB03g022980.3DH.1,0.03,AT4G23420:3;AT4G23220:3;AT4G23100:3;AT4G23020:3;AT4G23010:3;AT4G22990:3
juncea,Bju_B,Bju_A,B03,7,BjuB03g023880.3DH.1,BjuB03g023990.3DH.1,0.8,AT4G21450:3;AT4G21534:3;AT4G21570:3;AT4G21590:3;AT4G21610:3;AT4G21660:3;AT4G21690:3
juncea,Bju_B,Bju_A,B03,13,BjuB03g025500.3DH.1,BjuB03g025720.3DH.1,0.12,AT3G07540:3;AT3G07510:3;AT3G07480:3;AT3G07470:3;AT3G07450:3;AT3G07425:3;AT3G07420:3;AT3G07370:3;AT3G07330:3;AT3G07320:3;AT3G07300:3;AT3G07190:2;AT3G07180:2
juncea,Bju_B,Bju_A,B03,5,BjuB03g026550.3DH.1,BjuB03g026610.3DH.1,6.57,AT3G22960:3;AT3G22970:3;AT3G22980:3;AT3G23050:3;AT3G23060:3
juncea,Bju_B,Bju_A,B03,6,BjuB03g027130.3DH.1,BjuB03g027240.3DH.1,1.09,AT3G24360:1;AT3G24450:1;AT3G24480:1;AT3G24503:1;AT3G24508:1;AT3G24515:1
juncea,Bju_B,Bju_A,B03,17,BjuB03g027450.3DH.1,BjuB03g033550.3DH.1,0.07,AT3G24810:1;AT1G27150:2;AT1G27130:2;AT1G27110:3;AT1G27090:3;AT1G27080:1;AT1G27050:1;AT1G27040:1;AT1G27030:1;AT1G26960:3;AT1G26830:3;AT1G26820:1;AT1G26810:1;AT1G26750:2;AT1G26740:2;AT1G26700:2;AT1G26670:1
juncea,Bju_B,Bju_A,B03,5,BjuB03g033800.3DH.1,BjuB03g033890.3DH.1,5.53,AT1G26170:2;AT1G26130:2;AT1G26110:1;AT1G26100:1;AT1G26090:1
juncea,Bju_B,Bju_A,B03,7,BjuB03g033970.3DH.1,BjuB03g034080.3DH.1,0.05,AT1G25425:2;AT1G25422:2;AT1G25420:2;AT1G25400:2;AT1G25390:2;AT1G25370:2;AT1G25340:2
juncea,Bju_B,Bju_A,B03,5,BjuB03g034520.3DH.1,BjuB03g034570.3DH.1,2.37,AT1G24340:1;AT1G24330:1;AT1G24320:1;AT1G24290:1;AT1G24280:1
juncea,Bju_B,Bju_A,B03,6,BjuB03g034810.3DH.1,BjuB03g034900.3DH.1,1.87,AT1G27480:1;AT1G27530:1;AT1G27630:1;AT1G27650:1;AT1G27700:1;AT1G27720:1
juncea,Bju_B,Bju_A,B03,10,BjuB03g036030.3DH.1,BjuB03g036190.3DH.1,0.01,AT1G30650:2;AT1G30680:2;AT1G30690:2;AT1G30700:2;AT1G30710:2;AT1G30720:2;AT1G30750:2;AT1G30760:2;AT1G30820:2;AT1G30825:2
juncea,Bju_B,Bju_A,B03,9,BjuB03g036220.3DH.1,BjuB03g036460.3DH.1,0.09,AT1G30974:2;AT1G31160:2;AT1G31300:2;AT1G31310:2;AT1G31320:2;AT1G31335:2;AT1G31410:2;AT1G31650:2;AT1G31660:2
juncea,Bju_B,Bju_A,B03,8,BjuB03g037210.3DH.1,BjuB03g037320.3DH.1,1.63,AT1G32490:2;AT1G32500:2;AT1G32540:2;AT1G32583:2;AT1G32610:2;AT1G32630:2;AT1G32640:2;AT1G32690:2
juncea,Bju_B,Bju_A,B03,12,BjuB03g038020.3DH.1,BjuB03g038310.3DH.1,3.84,AT1G35180:1;AT1G35190:1;AT1G35210:1;AT1G35440:1;AT1G35460:1;AT1G35530:1;AT1G35580:1;AT1G35620:1;AT1G35670:1;AT1G35720:1;AT1G35910:1;AT1G36060:1
juncea,Bju_B,Bju_A,B03,5,BjuB03g044190.3DH.3,BjuB03g044230.3DH.1,2.02,AT1G68190:3;AT1G68160:3;AT1G68130:3;AT1G68100:1;AT1G68080:2
juncea,Bju_B,Bju_A,B03,6,BjuB03g044610.3DH.1,BjuB03g044710.3DH.1,2.83,AT1G67710:1;AT1G67700:1;AT1G67690:1;AT1G67570:1;AT1G67500:1;AT1G67490:1
juncea,Bju_B,Bju_A,B03,14,BjuB03g051650.3DH.1,BjuB03g051860.3DH.1,2.94,AT1G71680:2;AT1G71690:2;AT1G71691:2;AT1G71695:2;AT1G71697:2;AT1G71720:2;AT1G71730:2;AT1G71740:2;AT1G71750:2;AT1G71760:2;AT1G71780:2;AT1G71790:2;AT1G71810:2;AT1G71820:2
juncea,Bju_B,Bju_A,B03,5,BjuB03g053070.3DH.1,BjuB03g053200.3DH.1,2.34,AT1G72480:1;AT1G72500:1;AT1G72530:1;AT1G72560:1;AT1G72600:1
juncea,Bju_B,Bju_A,B03,5,BjuB03g054090.3DH.1,BjuB03g054160.3DH.1,6.31,AT1G73390:1;AT1G73400:1;AT1G73430:1;AT1G73460:1;AT1G73480:1
juncea,Bju_B,Bju_A,B03,8,BjuB03g054330.3DH.1,BjuB03g054440.3DH.1,0.95,AT1G73690:1;AT1G73700:1;AT1G73710:1;AT1G73720:1;AT1G73740:1;AT1G73750:1;AT1G73760:1;AT1G73790:1
juncea,Bju_B,Bju_A,B03,5,BjuB03g059420.3DH.1,BjuB03g059640.3DH.1,0.16,AT1G77380:1;AT1G77390:1;AT1G77480:1;AT1G77490:1;AT1G77500:1
juncea,Bju_B,Bju_A,B03,6,BjuB03g066960.3DH.1,BjuB03g067410.3DH.1,0.85,AT2G16405:1;AT2G16500:1;AT2G16570:1;AT2G16595:1;AT2G16630:1;AT2G16650:1
juncea,Bju_B,Bju_A,B03,7,BjuB03g068430.3DH.1,BjuB03g068570.3DH.1,1.11,AT2G17200:1;AT2G17210:1;AT2G17220:1;AT2G17230:1;AT2G17240:1;AT2G17250:1;AT2G17260:1
juncea,Bju_B,Bju_A,B04,9,BjuB04g000360.3DH.1,BjuB04g000480.3DH.1,0.28,AT5G66890:3;AT5G66910:3;AT5G66920:3;AT5G66940:3;AT5G67060:3;AT5G67070:3;AT5G67300:3;AT5G67360:3;AT5G67370:3
juncea,Bju_B,Bju_A,B04,6,BjuB04g003060.3DH.1,BjuB04g003120.3DH.1,1.9,AT5G23150:3;AT5G23160:3;AT5G23190:3;AT5G23200:3;AT5G23210:3;AT5G23230:3
juncea,Bju_B,Bju_A,B04,5,BjuB04g014460.3DH.1,BjuB04g014590.3DH.1,2.0,AT2G03890:2;AT2G03810:2;AT2G03780:2;AT2G03770:2;AT2G03720:2
juncea,Bju_B,Bju_A,B04,11,BjuB04g014630.3DH.1,BjuB04g014810.3DH.1,0.75,AT2G03670:2;AT2G03667:2;AT2G03630:2;AT2G03550:2;AT2G03520:2;AT2G03510:2;AT2G03430:2;AT2G03410:2;AT2G03360:2;AT2G03310:2;AT2G03280:2
juncea,Bju_B,Bju_A,B04,5,BjuB04g015020.3DH.1,BjuB04g015070.3DH.1,0.65,AT2G02750:2;AT2G02730:2;AT2G02590:2;AT2G02515:2;AT2G02470:2
juncea,Bju_B,Bju_A,B04,7,BjuB04g016390.3DH.1,BjuB04g016520.3DH.1,0.02,AT5G46795:1;AT5G46730:2;AT5G46720:2;AT5G46650:2;AT5G46640:2;AT5G46580:2;AT5G46540:2
juncea,Bju_B,Bju_A,B04,5,BjuB04g016700.3DH.1,BjuB04g016760.3DH.1,2.85,AT5G46180:2;AT5G46160:2;AT5G46150:2;AT5G46080:2;AT5G46070:2
juncea,Bju_B,Bju_A,B04,7,BjuB04g016870.3DH.2,BjuB04g017010.3DH.1,6.45,AT5G45760:1;AT5G45740:1;AT5G45710:1;AT5G45680:1;AT5G45650:1;AT5G45630:1;AT5G45560:1
juncea,Bju_B,Bju_A,B04,11,BjuB04g017160.3DH.1,BjuB04g017580.3DH.1,0.0,AT5G45330:1;AT5G45310:1;AT5G45210:1;AT5G45200:1;AT5G45120:1;AT5G45105:1;AT5G45100:1;AT5G45000:1;AT5G44910:1;AT5G44900:1;AT5G44800:1
juncea,Bju_B,Bju_A,B04,9,BjuB04g019110.3DH.1,BjuB04g019240.3DH.1,5.17,AT5G42420:2;AT5G42410:2;AT5G42400:2;AT5G42390:2;AT5G42380:2;AT5G42370:2;AT5G42350:2;AT5G42340:2;AT5G42320:2
juncea,Bju_B,Bju_A,B04,9,BjuB04g019430.3DH.1,BjuB04g019570.3DH.1,0.72,AT1G54890:2;AT1G54920:2;AT1G54930:2;AT1G54940:2;AT1G55040:2;AT1G55050:2;AT1G56210:2;AT1G56290:1;AT1G56310:1
juncea,Bju_B,Bju_A,B04,5,BjuB04g020960.3DH.1,BjuB04g021050.3DH.1,3.89,AT1G60430:1;AT1G60440:1;AT1G60470:1;AT1G60490:1;AT1G60550:1
juncea,Bju_B,Bju_A,B04,11,BjuB04g021130.3DH.1,BjuB04g021450.3DH.1,2.45,AT1G60690:1;AT1G60760:1;AT1G60783:1;AT1G60790:1;AT1G60810:1;AT1G60850:1;AT1G60860:1;AT1G60870:1;AT1G60890:1;AT1G60920:1;AT1G60930:1
juncea,Bju_B,Bju_A,B04,5,BjuB04g021700.3DH.1,BjuB04g021790.3DH.1,0.62,AT1G61255:1;AT1G61350:1;AT1G61370:1;AT1G61390:1;AT1G61480:1
juncea,Bju_B,Bju_A,B04,6,BjuB04g022000.3DH.1,BjuB04g022120.3DH.1,0.12,AT1G61930:1;AT1G62010:1;AT1G62085:1;AT1G62225:1;AT1G62260:1;AT1G62262:1
juncea,Bju_B,Bju_A,B04,9,BjuB04g022200.3DH.1,BjuB04g022480.3DH.1,0.12,AT1G62330:1;AT1G62360:1;AT1G62400:1;AT1G62440:1;AT1G62480:1;AT1G62500:1;AT1G62520:1;AT1G62600:1;AT1G62620:1
juncea,Bju_B,Bju_A,B04,5,BjuB04g023850.3DH.1,BjuB04g023900.3DH.1,1.19,AT1G64430:2;AT1G64440:2;AT1G64450:2;AT1G64490:2;AT1G64500:2
juncea,Bju_B,Bju_A,B04,6,BjuB04g023930.3DH.1,BjuB04g024050.3DH.1,3.55,AT1G64530:2;AT1G64550:2;AT1G64570:2;AT1G64585:2;AT1G64600:2;AT1G64620:2
juncea,Bju_B,Bju_A,B04,7,BjuB04g024810.3DH.1,BjuB04g024990.3DH.1,0.1,AT1G63820:1;AT1G63780:1;AT1G63770:1;AT1G63730:1;AT1G63720:1;AT1G63680:1;AT1G63660:1
juncea,Bju_B,Bju_A,B04,17,BjuB04g025290.3DH.1,BjuB04g025630.3DH.1,3.92,AT2G20440:3;AT2G20420:3;AT2G20400:3;AT2G20370:3;AT2G20360:3;AT2G20330:3;AT2G20320:3;AT2G20310:3;AT2G20290:3;AT2G20250:3;AT2G20190:3;AT2G19980:3;AT2G19950:3;AT2G19870:3;AT2G19830:3;AT2G19800:3;AT2G19790:3
juncea,Bju_B,Bju_A,B04,12,BjuB04g025870.3DH.1,BjuB04g026060.3DH.1,0.95,AT2G19470:3;AT2G19450:3;AT2G19430:3;AT2G19410:3;AT2G19400:3;AT2G19350:3;AT2G19260:3;AT2G19180:3;AT2G19170:3;AT2G19160:3;AT2G19130:3;AT2G19080:3
juncea,Bju_B,Bju_A,B04,12,BjuB04g026230.3DH.1,BjuB04g026440.3DH.1,0.3,AT2G18730:3;AT2G18700:3;AT2G18680:3;AT2G18650:3;AT2G18640:3;AT2G18630:3;AT2G18520:1;AT2G18490:1;AT2G18480:1;AT2G18465:1;AT2G18460:1;AT2G18370:1
juncea,Bju_B,Bju_A,B04,6,BjuB04g026940.3DH.1,BjuB04g027030.3DH.1,0.38,AT2G17695:3;AT2G17680:3;AT2G17670:3;AT2G17630:3;AT2G17620:3;AT2G17510:3
juncea,Bju_B,Bju_A,B04,6,BjuB04g027300.3DH.1,BjuB04g027370.3DH.1,1.3,AT2G16990:3;AT2G16970:3;AT2G16800:3;AT2G16790:3;AT2G16780:3;AT2G16770:3
juncea,Bju_B,Bju_A,B04,5,BjuB04g027760.3DH.1,BjuB04g027820.3DH.1,1.59,AT2G15090:1;AT2G14960:1;AT2G14910:1;AT2G14900:1;AT2G14860:1
juncea,Bju_B,Bju_A,B04,8,BjuB04g029110.3DH.1,BjuB04g029240.3DH.1,0.47,AT1G11630:3;AT1G11572:3;AT1G11545:2;AT1G11510:2;AT1G11500:2;AT1G11490:3;AT1G11480:3;AT1G11475:3
juncea,Bju_B,Bju_A,B04,5,BjuB04g029330.3DH.1,BjuB04g029410.3DH.1,0.35,AT1G11380:2;AT1G11350:2;AT1G11340:2;AT1G11320:3;AT1G11260:2
juncea,Bju_B,Bju_A,B04,12,BjuB04g030700.3DH.1,BjuB04g030880.3DH.1,0.83,AT1G09910:3;AT1G09900:3;AT1G09890:3;AT1G09880:3;AT1G09860:3;AT1G09850:3;AT1G09840:3;AT1G09830:3;AT1G09820:3;AT1G09815:3;AT1G09812:3;AT1G09810:3
juncea,Bju_B,Bju_A,B04,7,BjuB04g031380.3DH.1,BjuB04g031480.3DH.1,0.18,AT1G09470:2;AT1G09440:2;AT1G09410:2;AT1G09390:2;AT1G09370:2;AT1G09360:3;AT1G09330:3
juncea,Bju_B,Bju_A,B04,10,BjuB04g031890.3DH.1,BjuB04g032040.3DH.1,2.32,AT1G08900:2;AT1G08880:2;AT1G08845:2;AT1G08830:2;AT1G08810:3;AT1G08800:3;AT1G08790:3;AT1G08770:2;AT1G08760:2;AT1G08710:1
juncea,Bju_B,Bju_A,B04,5,BjuB04g043680.3DH.1,BjuB04g043840.3DH.1,0.13,AT1G28090:2;AT1G28100:2;AT1G28110:3;AT1G28130:2;AT1G28140:2
juncea,Bju_B,Bju_A,B04,5,BjuB04g050860.3DH.1,BjuB04g050930.3DH.1,1.56,AT1G32361:1;AT1G32370:1;AT1G32380:1;AT1G32410:1;AT1G32415:1
juncea,Bju_B,Bju_A,B04,5,BjuB04g051390.3DH.1,BjuB04g052020.3DH.1,0.47,AT1G32550:1;AT1G32560:1;AT1G32700:1;AT1G32740:1;AT1G32760:1
juncea,Bju_B,Bju_A,B04,9,BjuB04g055810.3DH.1,BjuB04g056490.3DH.1,0.38,AT1G55310:2;AT1G55325:1;AT1G55350:1;AT1G55370:1;AT1G55490:3;AT1G55520:3;AT1G55630:1;AT1G55640:1;AT1G55650:1
juncea,Bju_B,Bju_A,B04,7,BjuB04g056740.3DH.1,BjuB04g056980.3DH.1,0.17,AT1G55960:3;AT1G56060:1;AT1G56070:1;AT1G56080:1;AT1G56110:2;AT1G56145:2;AT1G56170:2
juncea,Bju_B,Bju_A,B04,9,BjuB04g060410.3DH.1,BjuB04g060650.3DH.1,0.02,AT1G51910:3;AT1G51890:3;AT1G51880:3;AT1G51860:3;AT1G51820:3;AT1G51770:3;AT1G51760:3;AT1G51745:3;AT1G51740:3
juncea,Bju_B,Bju_A,B04,19,BjuB04g064570.3DH.1,BjuB04g065680.3DH.1,1.39,AT1G49030:2;AT1G48980:2;AT1G48930:2;AT1G48910:2;AT1G48870:2;AT1G48780:2;AT1G48660:2;AT1G48650:2;AT1G48635:2;AT1G48630:2;AT1G48620:2;AT1G48600:2;AT1G48580:2;AT1G48570:2;AT1G48560:2;AT1G48550:2;AT1G48540:2;AT1G48470:2;AT1G48420:2
juncea,Bju_B,Bju_A,B05,11,BjuB05g000460.3DH.1,BjuB05g000620.3DH.1,0.19,AT4G39630:1;AT4G39620:1;AT4G39590:1;AT4G39580:1;AT4G39550:1;AT4G39540:1;AT4G39520:1;AT4G39510:1;AT4G39010:1;AT4G39030:1;AT4G39040:1
juncea,Bju_B,Bju_A,B05,11,BjuB05g000690.3DH.1,BjuB05g000870.3DH.1,0.53,AT4G39120:1;AT4G39130:1;AT4G39150:1;AT4G39250:1;AT4G39300:1;AT4G39320:1;AT4G39360:1;AT4G39390:1;AT4G39400:1;AT4G39410:1;AT4G39420:1
juncea,Bju_B,Bju_A,B05,7,BjuB05g021160.3DH.1,BjuB05g021350.3DH.1,1.46,AT4G16070:1;AT4G15970:1;AT4G15910:2;AT4G15850:2;AT4G15810:2;AT4G15790:2;AT4G15780:2
juncea,Bju_B,Bju_A,B05,5,BjuB05g021590.3DH.1,BjuB05g021660.3DH.1,0.15,AT4G15510:2;AT4G15500:2;AT4G15490:2;AT4G15450:2;AT4G15430:2
juncea,Bju_B,Bju_A,B05,5,BjuB05g022670.3DH.1,BjuB05g022740.3DH.1,9.34,AT3G51830:1;AT3G51810:1;AT3G51740:2;AT3G51620:1;AT3G51610:1
juncea,Bju_B,Bju_A,B05,9,BjuB05g022780.3DH.1,BjuB05g022910.3DH.1,1.57,AT3G51520:1;AT3G51500:1;AT3G51490:2;AT3G51470:2;AT3G51460:2;AT3G51440:2;AT3G51390:2;AT3G51370:2;AT3G51300:3
juncea,Bju_B,Bju_A,B05,5,BjuB05g022970.3DH.1,BjuB05g023040.3DH.1,0.01,AT3G51130:3;AT3G51100:1;AT3G51090:1;AT3G51070:2;AT3G51060:2
juncea,Bju_B,Bju_A,B05,5,BjuB05g028720.3DH.1,BjuB05g028800.3DH.1,0.34,AT5G09750:1;AT5G09700:1;AT5G09690:1;AT5G09680:1;AT5G09670:1
juncea,Bju_B,Bju_A,B05,5,BjuB05g029940.3DH.1,BjuB05g030040.3DH.1,2.9,AT5G07400:2;AT5G07320:2;AT5G07290:2;AT5G07270:2;AT5G07225:2
juncea,Bju_B,Bju_A,B05,9,BjuB05g030080.3DH.1,BjuB05g030220.3DH.1,0.17,AT5G07100:2;AT5G07070:2;AT5G07020:2;AT5G06990:2;AT5G06960:2;AT5G06905:1;AT5G06810:2;AT5G06770:2;AT5G06750:2
juncea,Bju_B,Bju_A,B05,9,BjuB05g030270.3DH.1,BjuB05g030390.3DH.1,0.04,AT5G06670:1;AT5G06650:1;AT5G06620:1;AT5G06560:2;AT5G06530:2;AT5G06500:2;AT5G06490:2;AT5G06380:2;AT5G06360:2
juncea,Bju_B,Bju_A,B05,5,BjuB05g030440.3DH.1,BjuB05g030490.3DH.1,4.09,AT5G06230:1;AT5G06210:1;AT5G06160:1;AT5G06150:1;AT5G06130:1
juncea,Bju_B,Bju_A,B05,5,BjuB05g030750.3DH.2,BjuB05g030800.3DH.1,0.02,AT5G05330:2;AT5G05290:2;AT5G05260:2;AT5G05240:2;AT5G05220:2
juncea,Bju_B,Bju_A,B05,5,BjuB05g031440.3DH.1,BjuB05g031590.3DH.1,0.04,AT5G04347:2;AT5G04200:2;AT5G04190:2;AT5G04180:2;AT5G04120:2
juncea,Bju_B,Bju_A,B05,5,BjuB05g031690.3DH.1,BjuB05g031800.3DH.1,2.03,AT5G03970:2;AT5G03960:2;AT5G03940:2;AT5G03905:2;AT5G03900:2
juncea,Bju_B,Bju_A,B05,7,BjuB05g032230.3DH.1,BjuB05g032350.3DH.1,1.77,AT5G03470:1;AT5G03450:1;AT5G03415:3;AT5G03390:1;AT5G03350:1;AT5G03345:1;AT5G03340:1
juncea,Bju_B,Bju_A,B05,5,BjuB05g032480.3DH.1,BjuB05g032530.3DH.1,1.05,AT5G03110:2;AT5G03080:2;AT5G03070:2;AT5G03050:2;AT5G03030:3
juncea,Bju_B,Bju_A,B05,11,BjuB05g032600.3DH.1,BjuB05g032800.3DH.1,0.42,AT5G02820:2;AT5G02810:2;AT5G02800:2;AT5G02790:2;AT5G02780:2;AT5G02770:2;AT5G02750:2;AT5G02610:2;AT5G02600:2;AT5G02560:2;AT5G02540:3
juncea,Bju_B,Bju_A,B05,19,BjuB05g033260.3DH.1,BjuB05g033760.3DH.1,0.12,AT5G01280:1;AT5G01310:1;AT5G01320:1;AT5G01360:3;AT5G01370:1;AT5G01400:1;AT5G01420:1;AT5G01470:1;AT5G01500:3;AT5G01550:3;AT5G01710:3;AT5G01740:3;AT5G01750:3;AT5G01810:1;AT5G01820:1;AT5G01840:1;AT5G01850:1;AT5G01880:1;AT5G01890:1
juncea,Bju_B,Bju_A,B05,12,BjuB05g050220.3DH.1,BjuB05g050810.3DH.1,0.28,AT4G00895:1;AT4G00890:1;AT5G51790:3;AT5G51780:3;AT5G51700:3;AT5G51690:3;AT5G51680:3;AT5G51670:3;AT5G51660:3;AT5G51640:3;AT5G51550:3;AT5G51520:3
juncea,Bju_B,Bju_A,B05,6,BjuB05g050900.3DH.1,BjuB05g051020.3DH.1,0.33,AT5G51460:3;AT5G51400:3;AT5G51330:3;AT5G51310:3;AT5G51260:3;AT5G51220:3
juncea,Bju_B,Bju_A,B05,21,BjuB05g054800.3DH.1,BjuB05g055610.3DH.1,1.25,AT3G47610:3;AT3G47640:3;AT3G47650:3;AT3G47660:3;AT3G47670:3;AT3G47730:3;AT3G47740:3;AT3G47830:3;AT3G47850:3;AT3G47870:3;AT3G47890:3;AT3G47910:3;AT3G47940:3;AT3G47960:3;AT3G47980:3;AT3G47990:3;AT3G48010:3;AT3G48070:3;AT3G48080:3;AT3G48090:3;AT3G48100:3
juncea,Bju_B,Bju_A,B05,18,BjuB05g056010.3DH.1,BjuB05g057000.3DH.1,1.39,AT3G48180:3;AT3G48195:3;AT3G48270:3;AT3G48300:3;AT3G48500:3;AT3G48530:3;AT3G48540:3;AT3G48550:3;AT3G48560:3;AT3G48580:3;AT3G48610:3;AT3G48690:3;AT3G48750:3;AT3G48780:3;AT3G48800:3;AT3G48810:3;AT3G48820:2;AT3G48860:2
juncea,Bju_B,Bju_A,B05,8,BjuB05g057330.3DH.1,BjuB05g057700.3DH.1,0.56,AT3G49210:2;AT3G49240:2;AT3G49250:2;AT3G49305:2;AT3G49350:2;AT3G49360:2;AT3G49400:2;AT3G49410:2
juncea,Bju_B,Bju_A,B05,12,BjuB05g058300.3DH.1,BjuB05g058960.3DH.1,0.02,AT3G49990:3;AT3G50030:1;AT3G50050:2;AT3G50080:2;AT3G50100:2;AT3G50230:2;AT3G50270:2;AT3G50280:2;AT3G50330:2;AT3G50340:2;AT3G50360:2;AT3G50380:2
juncea,Bju_B,Bju_A,B05,7,BjuB05g058990.3DH.1,BjuB05g059380.3DH.1,0.97,AT3G50430:2;AT3G50510:2;AT3G50530:2;AT3G50560:2;AT3G50660:2;AT3G50670:2;AT3G50700:2
juncea,Bju_B,Bju_A,B05,5,BjuB05g061590.3DH.1,BjuB05g062040.3DH.1,0.53,AT4G03090:2;AT4G03110:2;AT4G03180:2;AT4G03220:2;AT4G02860:2
juncea,Bju_B,Bju_A,B05,5,BjuB05g062130.3DH.1,BjuB05g062230.3DH.1,0.02,AT4G02730:2;AT4G02725:2;AT4G02720:2;AT4G02680:1;AT4G02670:1
juncea,Bju_B,Bju_A,B05,9,BjuB05g062330.3DH.2,BjuB05g063360.3DH.1,2.92,AT4G02560:2;AT4G02550:2;AT4G02530:2;AT4G02460:1;AT4G02210:2;AT4G02230:2;AT4G02260:2;AT4G02290:2;AT4G02350:2
juncea,Bju_B,Bju_A,B05,6,BjuB05g068740.3DH.1,BjuB05g068820.3DH.1,7.44,AT1G67430:3;AT1G67480:3;AT1G67530:3;AT1G67540:3;AT1G67550:3;AT1G67560:3
juncea,Bju_B,Bju_A,B05,8,BjuB05g072640.3DH.1,BjuB05g073260.3DH.1,0.01,AT1G69920:2;AT1G69960:3;AT1G69970:3;AT1G70000:1;AT1G70030:1;AT1G70160:3;AT1G70180:1;AT1G70190:1
juncea,Bju_B,Bju_A,B05,11,BjuB05g076600.3DH.1,BjuB05g076840.3DH.1,0.46,AT1G72860:2;AT1G72920:2;AT1G72980:2;AT1G73000:2;AT1G73010:2;AT1G73040:2;AT1G73090:2;AT1G73130:2;AT1G73140:2;AT1G73150:2;AT1G73170:2
juncea,Bju_B,Bju_A,B05,7,BjuB05g077330.3DH.1,BjuB05g077460.3DH.1,3.87,AT1G73770:2;AT1G73830:3;AT1G73930:3;AT1G73980:2;AT1G74020:2;AT1G74050:2;AT1G74070:2
juncea,Bju_B,Bju_A,B05,6,BjuB05g080350.3DH.1,BjuB05g080460.3DH.1,0.46,AT1G77360:2;AT1G77405:2;AT1G77410:2;AT1G77420:2;AT1G77450:2;AT1G77470:2
juncea,Bju_B,Bju_A,B05,8,BjuB05g080570.3DH.1,BjuB05g080670.3DH.1,3.52,AT1G77600:2;AT1G77630:2;AT1G77660:2;AT1G77680:2;AT1G77690:2;AT1G77710:2;AT1G77730:2;AT1G77740:2
juncea,Bju_B,Bju_A,B06,14,BjuB06g002200.3DH.1,BjuB06g002430.3DH.1,0.78,AT4G38790:3;AT4G38700:3;AT4G38670:3;AT4G38495:3;AT4G38470:3;AT4G38460:3;AT4G38400:3;AT4G38260:2;AT4G38250:2;AT4G38230:2;AT4G38220:2;AT4G38210:2;AT4G38190:2;AT2G41730:3
juncea,Bju_B,Bju_A,B06,14,BjuB06g012200.3DH.1,BjuB06g012510.3DH.1,1.4,AT3G43860:2;AT3G43850:2;AT3G43810:2;AT3G43610:2;AT3G43590:2;AT3G43520:1;AT3G43300:1;AT3G43240:1;AT3G43230:1;AT3G43210:1;AT1G56050:2;AT1G56040:2;AT1G56000:1;AT1G55970:1
juncea,Bju_B,Bju_A,B06,29,BjuB06g012950.3DH.1,BjuB06g013390.3DH.1,1.71,AT2G34230:1;AT3G48820:3;AT3G48850:3;AT3G48890:3;AT3G49000:3;AT3G49010:3;AT3G49020:3;AT3G49060:3;AT3G49100:3;AT3G49190:3;AT3G49220:3;AT3G49240:3;AT3G49250:3;AT3G49260:3;AT3G49310:3;AT3G49320:3;AT3G49340:3;AT3G49390:3;AT3G49430:3;AT3G49490:3;AT3G49530:3;AT3G49540:3;AT3G49550:3;AT3G49590:3;AT3G49600:3;AT3G49601:3;AT3G49645:3;AT3G49650:3;AT5G61770:1
juncea,Bju_B,Bju_A,B06,6,BjuB06g024800.3DH.1,BjuB06g024890.3DH.1,2.66,AT2G31200:2;AT2G31170:2;AT2G31305:1;AT2G31310:2;AT2G31320:2;AT2G31340:2
juncea,Bju_B,Bju_A,B06,6,BjuB06g028530.3DH.1,BjuB06g028670.3DH.1,2.19,AT3G48330:2;AT3G48260:2;AT3G48250:2;AT3G48210:2;AT3G48190:2;AT3G48170:2
juncea,Bju_B,Bju_A,B06,6,BjuB06g028960.3DH.2,BjuB06g029020.3DH.1,3.9,AT3G47890:2;AT3G47860:2;AT3G47833:2;AT3G47810:2;AT3G47790:2;AT3G47660:2
juncea,Bju_B,Bju_A,B06,11,BjuB06g029050.3DH.1,BjuB06g029280.3DH.1,0.05,AT3G47550:2;AT3G47530:2;AT3G47520:2;AT3G47480:2;AT3G47340:2;AT3G47180:2;AT3G47130:2;AT3G47080:2;AT3G47070:2;AT3G46890:2;AT3G46850:2
juncea,Bju_B,Bju_A,B06,19,BjuB06g029410.3DH.1,BjuB06g030680.3DH.1,0.01,AT3G46450:2;AT3G46410:2;AT3G46310:2;AT3G46130:2;AT3G46110:2;AT3G46080:2;AT3G45780:2;AT3G45440:2;AT3G45410:2;AT3G44960:2;AT3G44930:2;AT3G44720:2;AT3G44540:2;AT3G44530:2;AT3G44460:2;AT3G44450:2;AT3G44350:2;AT3G44330:2;AT1G48270:3
juncea,Bju_B,Bju_A,B06,5,BjuB06g031670.3DH.1,BjuB06g032900.3DH.1,0.03,AT1G49500:3;AT1G49540:3;AT1G50030:3;AT1G50310:3;AT1G50360:3
juncea,Bju_B,Bju_A,B06,14,BjuB06g033060.3DH.1,BjuB06g033790.3DH.1,0.67,AT1G50440:3;AT1G50480:3;AT1G50500:3;AT1G50510:3;AT1G50600:3;AT1G50890:3;AT1G50900:3;AT1G50910:3;AT1G50930:3;AT1G50950:3;AT1G50960:3;AT1G51070:3;AT1G51130:3;AT1G51140:3
juncea,Bju_B,Bju_A,B06,7,BjuB06g035720.3DH.1,BjuB06g035980.3DH.1,0.01,AT1G51790:1;AT1G51800:1;AT1G51820:1;AT1G51880:1;AT1G51930:1;AT1G51960:1;AT1G51965:1
juncea,Bju_B,Bju_A,B06,5,BjuB06g036470.3DH.1,BjuB06g036640.3DH.1,1.21,AT1G52420:1;AT1G52500:1;AT1G52510:1;AT1G52520:1;AT1G52530:1
juncea,Bju_B,Bju_A,B06,10,BjuB06g037280.3DH.1,BjuB06g037860.3DH.1,0.02,AT1G53290:3;AT1G53390:3;AT1G53400:3;AT1G53430:3;AT1G53490:3;AT1G53510:3;AT1G53590:3;AT1G53600:3;AT1G53635:3;AT1G53640:3
juncea,Bju_B,Bju_A,B06,7,BjuB06g040890.3DH.1,BjuB06g041070.3DH.1,0.01,AT1G11900:2;AT1G11915:2;AT1G11920:2;AT1G11925:2;AT1G11960:2;AT1G11990:2;AT1G12010:2
juncea,Bju_B,Bju_A,B06,6,BjuB06g051400.3DH.1,BjuB06g051520.3DH.1,0.11,AT1G74300:3;AT1G74310:3;AT1G74370:3;AT1G74400:3;AT1G74420:3;AT1G74430:3
juncea,Bju_B,Bju_A,B06,8,BjuB06g051590.3DH.1,BjuB06g051690.3DH.1,0.74,AT1G74540:3;AT1G74660:3;AT1G74680:3;AT1G74720:3;AT1G74750:3;AT1G74780:3;AT1G74800:3;AT1G74820:3
juncea,Bju_B,Bju_A,B06,6,BjuB06g052480.3DH.1,BjuB06g052610.3DH.1,0.38,AT1G75900:3;AT1G75980:3;AT1G76250:3;AT1G76310:3;AT1G76370:3;AT1G76405:3
juncea,Bju_B,Bju_A,B06,7,BjuB06g052820.3DH.1,BjuB06g053030.3DH.1,0.48,AT1G76950:3;AT1G76952:3;AT1G76970:3;AT1G76980:3;AT1G76990:3;AT1G77000:3;AT1G77020:3
juncea,Bju_B,Bju_A,B06,5,BjuB06g053390.3DH.1,BjuB06g053450.3DH.1,0.49,AT1G77840:3;AT1G77850:3;AT1G77885:3;AT1G77920:3;AT1G77930:3
juncea,Bju_B,Bju_A,B06,8,BjuB06g053810.3DH.1,BjuB06g053910.3DH.1,1.32,AT1G78850:3;AT1G78870:3;AT1G78895:3;AT1G78915:3;AT1G78960:3;AT1G78990:3;AT1G78995:3;AT1G79010:3
juncea,Bju_B,Bju_A,B06,6,BjuB06g054280.3DH.1,BjuB06g054400.3DH.1,2.44,AT1G79450:3;AT1G79490:3;AT1G79500:3;AT1G79510:3;AT1G79530:3;AT1G79560:3
juncea,Bju_B,Bju_A,B06,6,BjuB06g055170.3DH.1,BjuB06g055290.3DH.1,1.21,AT1G80100:1;AT1G80050:1;AT1G80010:1;AT1G80000:1;AT1G79970:1;AT1G79870:1
juncea,Bju_B,Bju_A,B06,11,BjuB06g055780.3DH.1,BjuB06g056050.3DH.1,0.42,AT3G62690:2;AT3G62660:2;AT3G62650:2;AT3G62630:2;AT3G62450:2;AT3G62420:2;AT3G62410:2;AT3G62370:2;AT3G62360:2;AT3G62280:2;AT3G62240:2
juncea,Bju_B,Bju_A,B06,23,BjuB06g056090.3DH.1,BjuB06g056570.3DH.1,1.2,AT3G62150:2;AT3G62140:2;AT3G62130:2;AT3G62120:2;AT3G62110:2;AT3G62090:2;AT3G61960:2;AT3G61910:2;AT3G61840:2;AT3G61810:2;AT3G61800:2;AT3G61780:2;AT3G61770:2;AT3G61760:2;AT3G61750:2;AT3G61740:2;AT3G61710:2;AT3G61700:2;AT3G61690:2;AT3G61630:2;AT3G61620:2;AT3G61610:2;AT3G61600:2
juncea,Bju_B,Bju_A,B06,7,BjuB06g057050.3DH.1,BjuB06g057210.3DH.1,0.01,AT3G60550:2;AT3G60530:2;AT3G60520:2;AT3G60510:2;AT3G60500:2;AT3G60490:2;AT3G60460:2
juncea,Bju_B,Bju_A,B06,11,BjuB06g057430.3DH.1,BjuB06g057660.3DH.1,0.82,AT3G59960:2;AT3G59900:2;AT3G59840:2;AT3G59830:2;AT3G59780:2;AT3G59770:2;AT3G59710:2;AT3G59670:2;AT3G59660:2;AT3G59650:2;AT3G59580:2
juncea,Bju_B,Bju_A,B06,23,BjuB06g057750.3DH.1,BjuB06g058120.3DH.1,0.6,AT3G59470:2;AT3G59440:2;AT3G59420:2;AT3G59400:2;AT3G59390:2;AT3G59320:2;AT3G59300:2;AT3G59270:2;AT3G59260:2;AT3G59250:2;AT3G59210:2;AT3G59200:2;AT3G59180:2;AT3G59110:2;AT3G59100:2;AT3G59090:2;AT3G59080:2;AT3G59050:2;AT3G59040:2;AT3G59030:2;AT3G58840:2;AT3G58830:2;AT3G58790:2
juncea,Bju_B,Bju_A,B06,6,BjuB06g058280.3DH.1,BjuB06g058370.3DH.1,2.97,AT3G58570:2;AT3G58560:2;AT3G58510:2;AT3G58490:2;AT3G58450:2;AT3G58440:2
juncea,Bju_B,Bju_A,B06,9,BjuB06g058540.3DH.1,BjuB06g058740.3DH.1,1.7,AT3G58350:2;AT3G58270:2;AT3G58180:2;AT3G58170:2;AT3G58140:2;AT3G58130:2;AT3G58120:2;AT3G58110:2;AT3G58100:2
juncea,Bju_B,Bju_A,B06,7,BjuB06g059750.3DH.1,BjuB06g059880.3DH.1,0.72,AT3G56520:2;AT3G56480:2;AT3G56460:2;AT3G56410:2;AT3G56290:2;AT3G56260:2;AT3G56250:2
juncea,Bju_B,Bju_A,B06,9,BjuB06g059950.3DH.1,BjuB06g060080.3DH.1,0.8,AT3G56140:2;AT3G56110:2;AT3G56090:2;AT3G55990:2;AT3G55980:2;AT3G55960:2;AT3G55890:2;AT3G55880:2;AT3G55700:2
juncea,Bju_B,Bju_A,B06,12,BjuB06g060340.3DH.1,BjuB06g060540.3DH.1,0.69,AT3G55060:2;AT3G55010:2;AT3G55000:2;AT3G54990:2;AT3G54960:2;AT3G54950:2;AT3G54930:2;AT3G54920:2;AT3G54900:2;AT3G54890:2;AT3G54826:2;AT3G54820:2
juncea,Bju_B,Bju_A,B06,5,BjuB06g060750.3DH.1,BjuB06g060850.3DH.1,2.4,AT3G54380:2;AT3G54360:2;AT3G54320:2;AT3G54200:2;AT3G54170:2
juncea,Bju_B,Bju_A,B06,13,BjuB06g061110.3DH.1,BjuB06g061290.3DH.1,1.12,AT3G53600:2;AT3G53580:2;AT3G53570:2;AT3G53530:2;AT3G53500:2;AT3G53490:2;AT3G53480:2;AT3G53460:2;AT3G53450:2;AT3G53420:2;AT3G53410:2;AT3G53310:2;AT3G53280:2
juncea,Bju_B,Bju_A,B06,6,BjuB06g061370.3DH.1,BjuB06g061440.3DH.1,0.34,AT3G53240:2;AT3G53230:2;AT3G53200:2;AT3G53190:2;AT3G53180:2;AT3G53130:2
juncea,Bju_B,Bju_A,B06,5,BjuB06g061570.3DH.1,BjuB06g061650.3DH.1,0.3,AT3G52900:2;AT3G52880:2;AT3G52860:2;AT3G52850:2;AT3G52810:2
juncea,Bju_B,Bju_A,B06,5,BjuB06g062350.3DH.1,BjuB06g062400.3DH.1,0.42,AT5G41890:1;AT5G41870:1;AT5G41860:1;AT5G41850:1;AT5G41810:1
juncea,Bju_B,Bju_A,B06,6,BjuB06g063290.3DH.1,BjuB06g063440.3DH.1,0.06,AT5G39980:1;AT5G39970:1;AT5G39950:1;AT5G39900:1;AT5G39880:1;AT5G39820:1
juncea,Bju_B,Bju_A,B06,10,BjuB06g063960.3DH.1,BjuB06g064150.3DH.1,0.5,AT5G38100:2;AT5G38070:2;AT5G38060:2;AT5G37930:2;AT5G37830:2;AT5G37810:2;AT5G37800:2;AT5G37790:2;AT5G37740:2;AT5G36290:2
juncea,Bju_B,Bju_A,B06,7,BjuB06g064250.3DH.1,BjuB06g070420.3DH.1,0.02,AT5G36110:2;AT5G36100:2;AT5G35910:2;AT5G35870:2;AT5G35840:2;AT4G14380:2;AT4G14368:2
juncea,Bju_B,Bju_A,B07,5,BjuB07g001650.3DH.1,BjuB07g001760.3DH.1,0.04,AT1G53230:2;AT1G53250:2;AT1G53260:2;AT1G53270:2;AT1G53280:2
juncea,Bju_B,Bju_A,B07,5,BjuB07g001970.3DH.1,BjuB07g002220.3DH.1,0.16,AT1G53380:2;AT1G53460:2;AT1G53470:2;AT1G53580:2;AT1G53645:3
juncea,Bju_B,Bju_A,B07,7,BjuB07g003810.3DH.1,BjuB07g003960.3DH.1,0.84,AT1G52310:2;AT1G52290:2;AT1G52260:2;AT1G52230:2;AT1G52200:2;AT1G52191:2;AT1G52150:2
juncea,Bju_B,Bju_A,B07,7,BjuB07g004340.3DH.1,BjuB07g004500.3DH.1,2.12,AT1G51600:2;AT1G51590:2;AT1G51580:2;AT1G51090:2;AT1G51160:2;AT1G51200:2;AT1G51210:2
juncea,Bju_B,Bju_A,B07,22,BjuB07g005750.3DH.1,BjuB07g006590.3DH.1,1.0,AT1G50180:2;AT1G50170:2;AT1G50140:2;AT1G50120:2;AT1G50110:2;AT1G50090:2;AT1G50020:2;AT1G49970:2;AT1G49960:2;AT1G49910:2;AT1G49890:2;AT1G49880:2;AT1G49870:1;AT1G49850:1;AT1G49840:1;AT1G49650:2;AT1G49670:2;AT1G49710:2;AT1G49740:2;AT1G49800:2;AT1G49580:1;AT1G49570:1
juncea,Bju_B,Bju_A,B07,10,BjuB07g006840.3DH.1,BjuB07g007030.3DH.1,1.74,AT1G49490:1;AT1G49480:1;AT1G49475:1;AT1G49470:1;AT1G49450:1;AT1G49410:1;AT1G49405:1;AT1G49400:1;AT1G49380:1;AT1G49330:1
juncea,Bju_B,Bju_A,B07,8,BjuB07g007840.3DH.1,BjuB07g008170.3DH.1,1.4,AT1G48480:1;AT1G48460:1;AT1G48440:1;AT1G48430:1;AT1G48410:1;AT1G48380:1;AT1G48370:1;AT1G48360:1
juncea,Bju_B,Bju_A,B07,6,BjuB07g008650.3DH.1,BjuB07g009210.3DH.1,1.67,AT1G48140:2;AT1G47720:2;AT1G47740:2;AT1G47750:2;AT1G47870:2;AT1G47900:2
juncea,Bju_B,Bju_A,B07,5,BjuB07g012450.3DH.1,BjuB07g012740.3DH.1,0.89,AT1G34580:2;AT1G34570:2;AT1G34550:2;AT1G34430:2;AT1G34420:2
juncea,Bju_B,Bju_A,B07,5,BjuB07g014320.3DH.1,BjuB07g014460.3DH.1,0.47,AT5G35960:3;AT5G35930:3;AT5G35790:2;AT5G35670:2;AT5G35660:1
juncea,Bju_B,Bju_A,B07,9,BjuB07g015610.3DH.1,BjuB07g015860.3DH.1,0.01,AT4G13990:2;AT4G14020:2;AT4G14030:2;AT4G14040:2;AT4G14050:2;AT4G14080:2;AT4G14090:2;AT4G14110:2;AT4G14130:2
juncea,Bju_B,Bju_A,B07,11,BjuB07g015970.3DH.1,BjuB07g016340.3DH.1,0.16,AT1G31720:3;AT1G31710:3;AT1G31670:3;AT1G31650:3;AT1G31600:3;AT1G31500:3;AT1G31480:3;AT1G31440:3;AT1G31430:3;AT1G31360:3;AT1G31350:3
juncea,Bju_B,Bju_A,B07,8,BjuB07g016540.3DH.1,BjuB07g017150.3DH.1,0.7,AT1G31260:3;AT1G31170:3;AT1G31120:3;AT1G31070:3;AT1G30970:3;AT1G30950:3;AT1G30900:3;AT1G30890:3
juncea,Bju_B,Bju_A,B07,10,BjuB07g019440.3DH.1,BjuB07g020500.3DH.1,1.16,AT4G12900:1;AT4G12970:1;AT4G12980:1;AT4G13010:1;AT4G13030:1;AT4G13040:1;AT4G13070:1;AT4G13580:2;AT4G13590:2;AT4G13640:2
juncea,Bju_B,Bju_A,B07,7,BjuB07g020690.3DH.1,BjuB07g021060.3DH.1,0.62,AT4G13800:2;AT4G13820:2;AT4G13830:2;AT4G13850:2;AT4G13930:2;AT4G13940:2;AT4G13950:2
juncea,Bju_B,Bju_A,B07,5,BjuB07g025180.3DH.3,BjuB07g025270.3DH.1,3.02,AT3G10310:2;AT3G10330:2;AT3G10360:2;AT3G10390:2;AT3G10405:2
juncea,Bju_B,Bju_A,B07,5,BjuB07g025610.3DH.1,BjuB07g025740.3DH.1,0.02,AT3G10815:2;AT3G10820:2;AT3G10900:3;AT3G10986:1;AT3G11070:2
juncea,Bju_B,Bju_A,B07,6,BjuB07g031830.3DH.1,BjuB07g031980.3DH.1,0.0,AT3G19160:1;AT3G19170:1;AT3G19270:2;AT3G19300:2;AT3G19310:2;AT3G19490:3
juncea,Bju_B,Bju_A,B07,19,BjuB07g034960.3DH.2,BjuB07g036900.3DH.1,5.0,AT3G04950:2;AT3G04940:2;AT3G04910:2;AT3G04850:2;AT3G04830:2;AT3G04820:2;AT3G04810:2;AT3G04740:2;AT3G04720:2;AT3G04700:2;AT3G04680:2;AT3G04670:2;AT3G04650:2;AT3G04630:2;AT3G04610:3;AT3G01015:2;AT3G01030:2;AT3G01040:2;AT3G01050:2
juncea,Bju_B,Bju_A,B07,11,BjuB07g037340.3DH.1,BjuB07g037510.3DH.1,1.24,AT3G01740:3;AT3G01750:3;AT3G01790:3;AT3G01800:3;AT3G01810:3;AT3G01820:3;AT3G01830:3;AT3G01860:2;AT3G01990:2;AT3G02000:2;AT3G26540:3
juncea,Bju_B,Bju_A,B07,6,BjuB07g038630.3DH.1,BjuB07g038950.3DH.1,1.86,AT3G29575:3;AT3G29635:3;AT3G29760:3;AT5G47840:2;AT5G47850:2;AT5G47870:2
juncea,Bju_B,Bju_A,B07,5,BjuB07g042640.3DH.1,BjuB07g042710.3DH.1,0.06,AT5G23120:2;AT5G23100:2;AT5G23090:2;AT5G23080:2;AT5G23070:2
juncea,Bju_B,Bju_A,B07,8,BjuB07g046910.3DH.1,BjuB07g047020.3DH.1,1.93,AT1G54730:1;AT1G54740:1;AT1G54780:1;AT1G54840:1;AT1G54850:1;AT1G54870:1;AT1G54990:1;AT1G55020:1
juncea,Bju_B,Bju_A,B07,9,BjuB07g048220.3DH.1,BjuB07g048580.3DH.1,2.41,AT1G60160:2;AT1G60170:2;AT1G60190:2;AT1G60200:2;AT1G60300:2;AT1G60380:2;AT1G60420:2;AT1G60460:2;AT1G60780:2
juncea,Bju_B,Bju_A,B07,14,BjuB07g048810.3DH.1,BjuB07g049060.3DH.1,0.91,AT1G60500:3;AT1G60800:3;AT1G60900:3;AT1G60950:3;AT1G60960:3;AT1G60980:3;AT1G60990:3;AT1G60995:3;AT1G61010:3;AT1G61040:3;AT1G61050:3;AT1G61080:3;AT1G61100:3;AT1G61130:3
juncea,Bju_B,Bju_A,B07,9,BjuB07g049210.3DH.1,BjuB07g049380.3DH.1,0.06,AT1G61210:3;AT1G61215:3;AT1G61240:3;AT1G61250:3;AT1G61260:3;AT1G61330:3;AT1G61480:3;AT1G61490:3;AT1G61500:3
juncea,Bju_B,Bju_A,B07,15,BjuB07g049550.3DH.1,BjuB07g049790.3DH.1,0.33,AT1G61660:3;AT1G61667:3;AT1G61670:3;AT1G61690:3;AT1G61700:3;AT1G61740:3;AT1G61750:3;AT1G61770:3;AT1G61790:3;AT1G61800:3;AT1G61810:3;AT1G61870:3;AT1G61890:3;AT1G61900:3;AT1G62120:3
juncea,Bju_B,Bju_A,B07,5,BjuB07g052010.3DH.1,BjuB07g052050.3DH.1,2.74,AT3G13226:1;AT3G13225:1;AT3G13224:1;AT3G13222:1;AT3G13220:1
juncea,Bju_B,Bju_A,B07,8,BjuB07g060010.3DH.1,BjuB07g060190.3DH.1,0.75,AT3G10740:1;AT3G10720:1;AT3G10680:3;AT3G10630:1;AT3G10600:1;AT3G10595:1;AT3G10580:1;AT3G10550:1
juncea,Bju_B,Bju_A,B07,9,BjuB07g060920.3DH.1,BjuB07g061020.3DH.1,0.09,AT3G09210:2;AT3G09090:2;AT3G09085:2;AT3G09080:2;AT3G09050:2;AT3G09032:2;AT3G09020:2;AT3G09000:2;AT3G08980:2
juncea,Bju_B,Bju_A,B07,9,BjuB07g061060.3DH.1,BjuB07g061230.3DH.1,2.36,AT3G08870:2;AT3G08790:2;AT3G08760:2;AT3G08720:2;AT3G08680:2;AT3G08640:2;AT3G08550:2;AT3G08530:2;AT3G08510:2
juncea,Bju_B,Bju_A,B07,9,BjuB07g061450.3DH.1,BjuB07g061550.3DH.1,1.71,AT3G07790:2;AT3G07780:2;AT3G07770:2;AT3G07760:2;AT3G07750:2;AT3G07730:2;AT3G07670:2;AT3G07660:2;AT3G07620:2
juncea,Bju_B,Bju_A,B07,16,BjuB07g063460.3DH.1,BjuB07g063700.3DH.1,2.4,AT3G02710:2;AT3G02700:2;AT3G02690:2;AT3G02660:2;AT3G02650:2;AT3G02645:2;AT3G02630:2;AT3G02580:2;AT3G02570:2;AT3G02555:2;AT3G02550:2;AT3G02540:2;AT3G02510:2;AT3G02480:2;AT3G02440:2;AT3G02430:2
juncea,Bju_B,Bju_A,B07,5,BjuB07g063730.3DH.1,BjuB07g063780.3DH.1,0.12,AT3G02380:2;AT3G02350:2;AT3G02340:2;AT3G02330:2;AT3G02320:2
juncea,Bju_B,Bju_A,B08,11,BjuB08g000240.3DH.1,BjuB08g000390.3DH.1,0.58,AT5G01010:1;AT5G01020:1;AT5G01040:1;AT5G01070:3;AT5G01090:3;AT5G01150:1;AT5G01220:2;AT5G01260:2;AT5G01270:2;AT5G01290:3;AT5G01350:1
juncea,Bju_B,Bju_A,B08,8,BjuB08g000940.3DH.1,BjuB08g001030.3DH.1,0.52,AT5G03455:3;AT5G03520:3;AT5G03550:1;AT5G03555:1;AT5G03560:1;AT5G03570:1;AT5G03580:1;AT5G03610:1
juncea,Bju_B,Bju_A,B08,11,BjuB08g001730.3DH.1,BjuB08g001880.3DH.1,1.14,AT5G04490:3;AT5G04520:3;AT5G04550:2;AT5G04660:1;AT5G04670:1;AT5G04700:1;AT5G04730:1;AT5G04740:1;AT5G04750:1;AT5G04770:1;AT5G04780:1
juncea,Bju_B,Bju_A,B08,12,BjuB08g003280.3DH.1,BjuB08g003450.3DH.1,1.05,AT5G07730:1;AT5G07790:1;AT5G07810:1;AT5G07870:1;AT5G07910:1;AT5G07920:1;AT5G07940:3;AT5G07980:2;AT5G08020:2;AT5G08050:2;AT5G08070:1;AT5G08090:1
juncea,Bju_B,Bju_A,B08,21,BjuB08g003580.3DH.1,BjuB08g003850.3DH.1,1.29,AT5G08305:2;AT5G08335:1;AT5G08340:1;AT5G08350:1;AT5G08370:1;AT5G08380:1;AT5G08390:1;AT5G08400:1;AT5G08410:1;AT5G08415:1;AT5G08450:2;AT5G08470:2;AT5G08490:2;AT5G08530:2;AT5G08540:2;AT5G08550:2;AT5G08560:2;AT5G08565:2;AT5G08570:2;AT5G08580:2;AT5G08590:2
juncea,Bju_B,Bju_A,B08,5,BjuB08g004100.3DH.1,BjuB08g004150.3DH.1,2.28,AT5G09770:1;AT5G09805:2;AT5G09820:2;AT5G09850:2;AT5G09870:1
juncea,Bju_B,Bju_A,B08,7,BjuB08g004280.3DH.1,BjuB08g004370.3DH.1,2.36,AT5G10110:1;AT5G10120:1;AT5G10200:2;AT5G10240:2;AT5G10260:2;AT5G10350:2;AT5G10370:2
juncea,Bju_B,Bju_A,B08,7,BjuB08g008600.3DH.1,BjuB08g008740.3DH.1,0.32,AT5G18250:2;AT5G18280:2;AT5G18320:2;AT5G18350:3;AT5G18380:1;AT5G18390:1;AT5G18410:1
juncea,Bju_B,Bju_A,B08,8,BjuB08g016840.3DH.1,BjuB08g016930.3DH.1,0.33,AT5G52120:1;AT5G52110:1;AT5G52100:1;AT5G52070:1;AT5G52060:1;AT5G52050:1;AT5G52040:1;AT5G52010:1
juncea,Bju_B,Bju_A,B08,16,BjuB08g017350.3DH.1,BjuB08g017670.3DH.1,1.29,AT5G51160:1;AT5G51140:1;AT5G51130:1;AT5G51110:1;AT5G51105:1;AT5G51070:1;AT5G51060:1;AT5G51030:1;AT5G51020:1;AT5G51010:1;AT5G50970:1;AT5G50930:1;AT5G50920:1;AT5G50915:1;AT5G50900:1;AT5G50870:1
juncea,Bju_B,Bju_A,B08,7,BjuB08g018950.3DH.1,BjuB08g019110.3DH.1,1.43,AT2G31510:1;AT2G31530:1;AT2G31560:1;AT2G31580:1;AT2G31600:1;AT2G31610:3;AT2G31680:2
juncea,Bju_B,Bju_A,B08,5,BjuB08g019890.3DH.1,BjuB08g019980.3DH.1,0.04,AT2G32750:2;AT2G32770:2;AT2G32790:2;AT2G32800:2;AT2G33050:2
juncea,Bju_B,Bju_A,B08,5,BjuB08g026320.3DH.1,BjuB08g026370.3DH.1,0.01,AT2G40910:3;AT2G40920:3;AT2G41070:3;AT2G41080:3;AT2G41130:3
juncea,Bju_B,Bju_A,B08,13,BjuB08g029140.3DH.1,BjuB08g029370.3DH.1,1.21,AT2G45120:1;AT2G45130:1;AT2G45140:1;AT2G45150:1;AT2G45160:1;AT2G45170:1;AT2G45180:1;AT2G45190:1;AT2G45200:1;AT2G45210:1;AT2G45260:2;AT2G45310:2;AT2G45320:2
juncea,Bju_B,Bju_A,B08,6,BjuB08g030930.3DH.1,BjuB08g031080.3DH.1,0.01,AT2G29370:3;AT2G29360:3;AT2G29340:3;AT2G29190:3;AT2G29180:3;AT2G29060:3
juncea,Bju_B,Bju_A,B08,8,BjuB08g032690.3DH.1,BjuB08g032970.3DH.1,2.74,AT2G24690:3;AT2G24650:3;AT2G24645:3;AT2G24450:3;AT2G24210:3;AT2G24150:3;AT2G23810:3;AT2G21560:3
juncea,Bju_B,Bju_A,B08,5,BjuB08g033050.3DH.1,BjuB08g033130.3DH.1,0.02,AT2G21050:2;AT2G20980:2;AT2G20960:2;AT2G20950:2;AT2G20920:2
juncea,Bju_B,Bju_A,B08,7,BjuB08g033930.3DH.1,BjuB08g034180.3DH.1,0.85,AT5G50570:3;AT5G50750:2;AT4G08150:1;AT4G08180:1;AT4G08210:1;AT4G08230:1;AT4G08240:1
juncea,Bju_B,Bju_A,B08,22,BjuB08g035020.3DH.1,BjuB08g035730.3DH.1,2.51,AT4G09010:1;AT4G09020:1;AT4G09030:1;AT4G09130:1;AT4G09140:1;AT4G09160:1;AT4G09190:1;AT4G09340:1;AT4G09460:1;AT4G09510:1;AT4G09530:1;AT4G09560:1;AT4G09570:1;AT4G09600:1;AT4G09620:1;AT4G09670:1;AT4G09730:1;AT4G09800:1;AT4G09810:1;AT4G10020:1;AT4G10030:1;AT4G10050:1
juncea,Bju_B,Bju_A,B08,8,BjuB08g038620.3DH.1,BjuB08g038840.3DH.1,3.07,AT4G02950:2;AT4G02920:1;AT4G02900:1;AT4G02880:1;AT4G02850:1;AT4G02840:1;AT4G02800:1;AT4G02790:1
juncea,Bju_B,Bju_A,B08,10,BjuB08g039670.3DH.1,BjuB08g040180.3DH.1,2.61,AT4G02370:1;AT4G02150:1;AT4G02010:1;AT4G01995:1;AT4G01990:1;AT4G01940:1;AT4G01900:1;AT4G01897:1;AT4G01895:1;AT4G01890:1
juncea,Bju_B,Bju_A,B08,5,BjuB08g047220.3DH.1,BjuB08g047290.3DH.1,0.01,AT4G03630:1;AT4G05460:1;AT4G05450:1;AT4G05440:1;AT4G05430:1
juncea,Bju_B,Bju_A,B08,6,BjuB08g060150.3DH.1,BjuB08g060250.3DH.1,0.63,AT3G47670:1;AT3G47690:1;AT3G47700:1;AT3G47710:1;AT3G47730:1;AT3G47750:1
juncea,Bju_B,Bju_A,B08,14,BjuB08g060950.3DH.1,BjuB08g061370.3DH.1,0.74,AT3G48205:1;AT3G48240:1;AT3G48340:1;AT3G48350:1;AT3G48360:1;AT3G48380:1;AT3G48410:1;AT3G48420:1;AT3G48425:1;AT3G48430:1;AT3G48440:1;AT3G48450:1;AT3G48490:1;AT3G48520:1
juncea,Bju_B,Bju_A,B08,5,BjuB08g062850.3DH.1,BjuB08g062960.3DH.1,0.21,AT3G49450:1;AT3G49530:1;AT3G49540:1;AT3G49570:1;AT3G49580:1
juncea,Bju_B,Bju_A,Scaffold00255,5,BjuS00255g0020.3DH.1,BjuS00255g0100.3DH.1,0.13,AT2G17980:2;AT2G18000:2;AT2G18010:3;AT2G18040:3;AT2G18060:3
juncea,Bju_B,Bju_A,Scaffold00304,13,BjuS00304g0140.3DH.1,BjuS00304g0390.3DH.1,2.38,AT5G44820:2;AT5G44840:2;AT5G44860:2;AT5G44990:2;AT5G45110:2;AT5G45113:2;AT5G45160:2;AT5G45170:2;AT5G45190:2;AT5G45220:2;AT5G45275:2;AT5G45280:2;AT5G45290:2
juncea,Bju_B,Bju_A,Scaffold00304,19,BjuS00304g0540.3DH.1,BjuS00304g0900.3DH.1,0.24,AT5G45520:2;AT5G45530:2;AT5G45540:2;AT5G45580:2;AT5G45600:2;AT5G45610:2;AT5G45620:2;AT5G45660:2;AT5G45670:2;AT5G45690:2;AT5G45700:2;AT5G45720:2;AT5G45780:2;AT5G45790:2;AT5G45800:2;AT5G45810:2;AT5G45830:2;AT5G45860:2;AT5G46930:2
juncea,Bju_B,Bju_A,Scaffold00304,9,BjuS00304g0950.3DH.1,BjuS00304g1160.3DH.1,0.6,AT5G46900:2;AT5G46880:2;AT5G46873:2;AT5G46870:2;AT5G46850:2;AT5G46830:2;AT5G46790:2;AT5G46760:2;AT5G46750:2
juncea,Bju_B,Bju_A,Scaffold00316,6,BjuS00316g0010.3DH.1,BjuS00316g0450.3DH.1,1.48,AT1G44820:2;AT1G44608:2;AT1G44575:2;AT1G44446:2;AT1G44350:2;AT1G44318:2
juncea,Bju_B,Bju_A,Scaffold00334,9,BjuS00334g0050.3DH.1,BjuS00334g0360.3DH.1,1.0,AT1G54990:3;AT1G54870:3;AT1G54850:3;AT1G54840:3;AT1G54780:3;AT1G54730:3;AT1G54710:3;AT1G54680:2;AT1G54650:2
juncea,Bju_B,Bju_A,Scaffold00561,10,BjuS00561g0110.3DH.1,BjuS00561g0250.3DH.1,0.05,AT3G12870:3;AT3G12880:3;AT3G12890:3;AT3G12900:3;AT3G12910:3;AT3G12920:3;AT3G12950:3;AT3G12955:3;AT3G12960:3;AT3G12980:3
juncea,Bju_B,Bju_A,Scaffold00561,7,BjuS00561g0320.3DH.1,BjuS00561g0390.3DH.1,1.0,AT3G13050:3;AT3G13060:3;AT3G13062:3;AT3G13065:3;AT3G13080:3;AT3G13090:3;AT3G13120:3
juncea,Bju_B,Bju_A,Scaffold00663,5,BjuS00663g0280.3DH.1,BjuS00663g0350.3DH.1,6.69,AT1G03320:3;AT1G03290:3;AT1G03280:3;AT1G03270:3;AT1G03250:3
juncea,Bju_B,Bju_A,Scaffold00678,6,BjuS00678g0060.3DH.1,BjuS00678g0150.3DH.1,1.0,AT1G44800:2;AT1G44790:2;AT1G44780:2;AT1G44770:2;AT1G44760:2;AT1G44750:2
juncea,Bju_B,Bju_A,Scaffold00964,5,BjuS00964g0130.3DH.1,BjuS00964g0180.3DH.1,0.39,AT3G05630:2;AT3G05640:2;AT3G05710:2;AT3G05725:2;AT3G05727:2
juncea,Bju_B,Bju_A,Scaffold01020,13,BjuS01020g0040.3DH.1,BjuS01020g0220.3DH.1,0.15,AT3G01970:3;AT3G01960:3;AT3G01950:3;AT3G01940:3;AT3G01910:3;AT3G01900:3;AT3G01870:3;AT3G01840:3;AT3G01770:2;AT3G01760:2;AT3G01690:3;AT3G01680:3;AT3G01670:3
carinata,Bca_B,Bca_C,B1,8,BcaB01g000020.3DH.1,BcaB01g000110.3DH.1,0.17,AT2G48140:2;AT2G48130:2;AT2G48090:2;AT2G48070:2;AT2G48060:2;AT2G47990:2;AT2G47940:2;AT2G47930:2
carinata,Bca_B,Bca_C,B1,10,BcaB01g000160.3DH.1,BcaB01g000310.3DH.1,0.17,AT2G47790:3;AT2G47770:3;AT2G47670:3;AT2G47630:2;AT2G47590:2;AT2G47560:2;AT2G47550:2;AT2G47530:2;AT2G47520:2;AT2G47510:2
carinata,Bca_B,Bca_C,B1,5,BcaB01g000480.3DH.1,BcaB01g000550.3DH.1,0.12,AT2G47260:2;AT2G47230:2;AT2G47200:2;AT2G47190:2;AT2G47180:2
carinata,Bca_B,Bca_C,B1,9,BcaB01g001180.3DH.1,BcaB01g001280.3DH.1,0.83,AT2G45980:2;AT2G45910:2;AT2G45900:2;AT2G45870:2;AT2G45860:2;AT2G45850:2;AT2G45830:2;AT2G45820:2;AT2G45810:2
carinata,Bca_B,Bca_C,B1,19,BcaB01g001400.3DH.1,BcaB01g001650.3DH.1,0.04,AT2G45620:2;AT2G45590:2;AT2G45580:2;AT2G45570:2;AT2G45560:2;AT2G45550:2;AT2G45520:2;AT2G45500:2;AT2G45490:2;AT2G45480:2;AT2G45450:2;AT2G45440:2;AT2G45430:2;AT2G45420:2;AT2G45410:2;AT2G45400:2;AT2G45360:2;AT2G45340:2;AT2G45330:2
carinata,Bca_B,Bca_C,B1,11,BcaB01g001790.3DH.1,BcaB01g001930.3DH.1,0.09,AT2G45050:2;AT2G44990:2;AT2G44970:2;AT2G44950:2;AT2G44925:2;AT2G44910:2;AT2G44900:2;AT2G44850:2;AT2G44840:2;AT2G44830:2;AT2G44800:2
carinata,Bca_B,Bca_C,B1,15,BcaB01g002030.3DH.1,BcaB01g002240.3DH.1,0.01,AT2G44650:2;AT2G44600:2;AT2G44590:2;AT2G44581:2;AT2G44530:2;AT2G44520:2;AT2G44490:2;AT2G44470:2;AT2G44460:2;AT2G44450:2;AT2G44410:2;AT2G44400:2;AT2G44380:2;AT2G44370:2;AT2G44360:2
carinata,Bca_B,Bca_C,B1,6,BcaB01g002510.3DH.1,BcaB01g002580.3DH.1,0.37,AT2G43850:2;AT2G43770:2;AT2G43760:2;AT2G43750:2;AT2G43740:2;AT2G43720:2
carinata,Bca_B,Bca_C,B1,10,BcaB01g002720.3DH.1,BcaB01g002900.3DH.1,0.26,AT2G43630:2;AT2G43560:2;AT2G43550:2;AT2G43540:2;AT2G43535:2;AT2G43510:2;AT2G43490:2;AT2G43480:2;AT2G43440:2;AT2G43390:2
carinata,Bca_B,Bca_C,B1,7,BcaB01g003360.3DH.1,BcaB01g003450.3DH.1,1.39,AT2G42770:2;AT2G42760:2;AT2G42640:2;AT2G42620:2;AT2G42600:2;AT2G42570:2;AT2G42520:2
carinata,Bca_B,Bca_C,B1,18,BcaB01g003490.3DH.1,BcaB01g003770.3DH.1,0.03,AT2G42480:2;AT2G42460:2;AT2G42440:2;AT2G42410:2;AT2G42400:2;AT2G42360:2;AT2G42350:2;AT2G42320:2;AT2G42290:2;AT2G42280:2;AT2G42250:2;AT2G42230:2;AT2G42220:2;AT2G42210:2;AT2G42200:2;AT2G42190:2;AT2G42120:2;AT2G42080:2
carinata,Bca_B,Bca_C,B1,7,BcaB01g003870.3DH.1,BcaB01g003970.3DH.1,5.44,AT2G41890:2;AT2G41860:2;AT2G41850:2;AT2G41835:2;AT2G41830:2;AT2G41820:2;AT2G41800:2
carinata,Bca_B,Bca_C,B1,6,BcaB01g007520.3DH.1,BcaB01g007630.3DH.1,0.82,AT2G36960:3;AT2G36910:3;AT2G36900:3;AT2G36895:3;AT2G36840:3;AT2G36810:3
carinata,Bca_B,Bca_C,B1,6,BcaB01g007870.3DH.1,BcaB01g008040.3DH.1,2.25,AT2G36410:2;AT2G36380:2;AT2G36370:2;AT2G36340:2;AT2G36295:2;AT2G36250:2
carinata,Bca_B,Bca_C,B1,6,BcaB01g008620.3DH.1,BcaB01g008760.3DH.1,0.4,AT2G35780:2;AT2G35770:2;AT2G35740:2;AT2G35730:2;AT2G35720:2;AT2G35710:2
carinata,Bca_B,Bca_C,B1,5,BcaB01g010810.3DH.1,BcaB01g010880.3DH.1,1.28,AT2G33280:1;AT2G33270:1;AT2G33255:1;AT2G33250:1;AT2G33205:1
carinata,Bca_B,Bca_C,B1,12,BcaB01g011580.3DH.1,BcaB01g011950.3DH.1,0.2,AT2G32590:2;AT2G32540:2;AT2G32530:2;AT2G32520:2;AT2G32510:2;AT2G32480:2;AT2G32415:2;AT2G32370:2;AT2G32300:2;AT2G32270:2;AT2G32210:2;AT2G32170:2
carinata,Bca_B,Bca_C,B1,5,BcaB01g012020.3DH.1,BcaB01g012140.3DH.1,1.75,AT2G32010:2;AT2G32000:2;AT2G31985:2;AT2G31910:2;AT2G31865:2
carinata,Bca_B,Bca_C,B1,11,BcaB01g012450.3DH.1,BcaB01g012760.3DH.1,0.15,AT2G31400:2;AT2G31480:3;AT2G31420:1;AT2G31480:2;AT2G31500:3;AT2G31510:3;AT2G31540:3;AT2G31570:3;AT2G31650:3;AT2G31660:3;AT2G31710:3
carinata,Bca_B,Bca_C,B1,7,BcaB01g014580.3DH.1,BcaB01g014770.3DH.1,0.23,AT2G29420:1;AT2G29390:2;AT2G29350:2;AT2G29340:2;AT2G29330:2;AT2G29310:1;AT2G29260:1
carinata,Bca_B,Bca_C,B1,5,BcaB01g015080.3DH.1,BcaB01g015120.3DH.1,1.69,AT2G29070:2;AT2G29060:2;AT2G29050:2;AT2G29040:2;AT2G29020:2
carinata,Bca_B,Bca_C,B1,6,BcaB01g016280.3DH.1,BcaB01g016350.3DH.1,3.57,AT2G27970:2;AT2G27920:2;AT2G27900:2;AT2G27860:2;AT2G27840:2;AT2G27820:2
carinata,Bca_B,Bca_C,B1,5,BcaB01g016710.3DH.1,BcaB01g016770.3DH.1,0.03,AT2G27290:2;AT2G27280:2;AT2G27270:2;AT2G27250:2;AT2G27240:2
carinata,Bca_B,Bca_C,B1,9,BcaB01g017080.3DH.1,BcaB01g017260.3DH.1,8.59,AT2G27040:2;AT2G27030:2;AT2G27020:2;AT2G26910:1;AT2G26870:1;AT2G26770:2;AT2G26750:2;AT2G26740:2;AT2G26570:1
carinata,Bca_B,Bca_C,B1,5,BcaB01g017850.3DH.1,BcaB01g017920.3DH.1,1.96,AT2G25737:1;AT2G25660:1;AT2G25640:1;AT2G25625:1;AT2G25605:1
carinata,Bca_B,Bca_C,B1,12,BcaB01g018310.3DH.1,BcaB01g019050.3DH.1,1.14,AT2G25260:1;AT2G25220:1;AT2G25180:1;AT2G25100:1;AT2G25090:1;AT2G25010:1;AT2G24960:1;AT2G24940:1;AT2G24860:1;AT2G24790:1;AT2G24720:1;AT2G24710:1
carinata,Bca_B,Bca_C,B1,9,BcaB01g033450.3DH.1,BcaB01g033910.3DH.1,2.13,AT5G35550:1;AT2G06040:1;AT2G06025:1;AT2G06010:1;AT2G06005:1;AT2G06000:1;AT2G05940:1;AT2G05920:1;AT2G05910:1
carinata,Bca_B,Bca_C,B1,6,BcaB01g035140.3DH.1,BcaB01g035380.3DH.1,0.58,AT3G25440:1;AT3G25430:1;AT3G25420:1;AT3G25410:1;AT3G25400:1;AT3G25250:1
carinata,Bca_B,Bca_C,B1,5,BcaB01g037280.3DH.1,BcaB01g037420.3DH.1,2.65,AT3G24290:1;AT3G23920:1;AT3G23930:1;AT3G23940:1;AT3G23970:1
carinata,Bca_B,Bca_C,B1,8,BcaB01g041990.3DH.1,BcaB01g042210.3DH.1,1.23,AT3G21670:3;AT3G21650:2;AT3G21630:2;AT3G21610:2;AT3G21600:2;AT3G21560:3;AT3G21550:3;AT3G21520:3
carinata,Bca_B,Bca_C,B1,7,BcaB01g042970.3DH.1,BcaB01g043050.3DH.1,1.75,AT3G21220:3;AT3G21215:3;AT3G21210:3;AT3G21200:3;AT3G21190:3;AT3G21180:3;AT3G21175:3
carinata,Bca_B,Bca_C,B1,5,BcaB01g043470.3DH.1,BcaB01g043520.3DH.1,0.95,AT3G20980:1;AT3G20970:1;AT3G20920:1;AT3G20910:1;AT3G20898:1
carinata,Bca_B,Bca_C,B1,15,BcaB01g043740.3DH.1,BcaB01g044050.3DH.1,0.14,AT3G20780:1;AT3G20740:3;AT3G20730:3;AT3G20720:3;AT3G20710:3;AT3G20700:3;AT3G20660:3;AT3G20650:3;AT3G20640:3;AT3G20620:2;AT3G20600:3;AT3G20590:3;AT3G20580:3;AT3G20570:3;AT3G20560:1
carinata,Bca_B,Bca_C,B1,28,BcaB01g044090.3DH.1,BcaB01g044640.3DH.1,0.98,AT3G20540:1;AT3G20520:1;AT3G20500:1;AT3G20475:1;AT3G20470:1;AT3G20460:1;AT3G20450:1;AT3G20440:1;AT3G20430:1;AT3G20420:1;AT3G20370:3;AT3G20350:3;AT3G20340:3;AT3G20320:3;AT3G20300:3;AT3G20290:3;AT3G20280:3;AT3G20270:3;AT3G20260:3;AT3G20250:3;AT3G20240:3;AT3G20230:1;AT3G20200:1;AT3G20160:3;AT3G20130:1;AT3G20100:1;AT3G20090:1;AT3G20070:1
carinata,Bca_B,Bca_C,B1,5,BcaB01g044770.3DH.1,BcaB01g044830.3DH.1,4.01,AT3G19990:3;AT3G19980:3;AT3G19970:3;AT3G19960:3;AT3G19950:3
carinata,Bca_B,Bca_C,B1,8,BcaB01g044880.3DH.1,BcaB01g045030.3DH.1,2.47,AT3G19910:2;AT3G19860:2;AT3G19840:2;AT3G19830:2;AT3G19820:2;AT3G19810:2;AT3G19780:1;AT3G19770:1
carinata,Bca_B,Bca_C,B1,8,BcaB01g045080.3DH.1,BcaB01g045430.3DH.1,0.92,AT3G19680:2;AT3G19670:2;AT3G19660:2;AT3G19640:2;AT3G19620:3;AT3G19595:3;AT3G19580:3;AT3G19560:1
carinata,Bca_B,Bca_C,B1,24,BcaB01g045510.3DH.1,BcaB01g046110.3DH.1,1.54,AT3G19490:1;AT3G19460:1;AT3G19450:1;AT3G19440:1;AT3G19430:1;AT3G19400:2;AT3G19390:2;AT3G19380:2;AT3G19320:1;AT3G19310:1;AT3G19300:1;AT3G19290:3;AT3G19280:1;AT3G19270:1;AT3G19240:1;AT3G19230:1;AT3G19220:1;AT3G19210:1;AT3G19200:1;AT3G19190:1;AT3G19180:1;AT3G19150:3;AT3G19130:3;AT3G19100:3
carinata,Bca_B,Bca_C,B1,7,BcaB01g046790.3DH.1,BcaB01g046880.3DH.1,2.6,AT3G16190:2;AT3G16210:2;AT3G16250:3;AT3G16260:3;AT3G16270:3;AT3G16280:3;AT3G16290:3
carinata,Bca_B,Bca_C,B1,6,BcaB01g048500.3DH.1,BcaB01g048650.3DH.1,0.41,AT3G15520:3;AT3G19090:3;AT3G19080:1;AT3G19055:1;AT3G19050:1;AT3G19000:2
carinata,Bca_B,Bca_C,B1,7,BcaB01g048680.3DH.1,BcaB01g048780.3DH.1,0.89,AT3G18960:1;AT3G18940:1;AT3G18930:1;AT3G18890:1;AT3G18880:1;AT3G18870:1;AT3G18860:1
carinata,Bca_B,Bca_C,B1,5,BcaB01g048850.3DH.1,BcaB01g048910.3DH.1,1.18,AT3G18800:3;AT3G18790:3;AT3G18780:3;AT3G18773:3;AT3G18770:3
carinata,Bca_B,Bca_C,B1,12,BcaB01g049000.3DH.1,BcaB01g049160.3DH.1,0.11,AT3G18670:3;AT3G18660:3;AT3G18650:3;AT3G18630:3;AT3G18620:3;AT3G18610:3;AT3G18600:3;AT3G18590:3;AT3G18580:3;AT3G18570:3;AT3G18560:3;AT3G18550:3
carinata,Bca_B,Bca_C,B1,11,BcaB01g049430.3DH.1,BcaB01g049620.3DH.1,1.55,AT3G18270:1;AT3G18240:1;AT3G18220:1;AT3G18210:1;AT3G18190:1;AT3G18180:1;AT3G18170:1;AT3G18165:1;AT3G18160:1;AT3G18140:1;AT3G18130:1
carinata,Bca_B,Bca_C,B1,5,BcaB01g050200.3DH.1,BcaB01g050250.3DH.1,3.06,AT3G17790:3;AT3G17770:3;AT3G17760:3;AT3G17750:3;AT3G17740:3
carinata,Bca_B,Bca_C,B1,5,BcaB01g051920.3DH.1,BcaB01g051970.3DH.1,3.41,AT3G14100:3;AT3G14090:3;AT3G14080:3;AT3G14070:2;AT3G14050:2
carinata,Bca_B,Bca_C,B1,8,BcaB01g053310.3DH.1,BcaB01g053420.3DH.1,0.19,AT3G12770:3;AT3G12750:3;AT3G12730:3;AT3G12720:3;AT3G12710:3;AT3G12690:3;AT3G12680:3;AT3G12660:3
carinata,Bca_B,Bca_C,B1,8,BcaB01g053520.3DH.1,BcaB01g053610.3DH.1,1.1,AT3G12490:3;AT3G12400:2;AT3G12380:3;AT3G12370:3;AT3G12360:3;AT3G12345:2;AT3G12320:2;AT3G12290:2
carinata,Bca_B,Bca_C,B1,6,BcaB01g054420.3DH.1,BcaB01g054570.3DH.1,1.89,AT3G11560:3;AT3G11550:3;AT3G11530:2;AT3G11500:3;AT3G11490:3;AT3G09220:2
carinata,Bca_B,Bca_C,B1,9,BcaB01g056780.3DH.1,BcaB01g056880.3DH.1,1.58,AT3G06110:3;AT3G06100:3;AT3G06090:3;AT3G06080:3;AT3G06060:3;AT3G06050:3;AT3G06040:3;AT3G06030:3;AT3G06020:3
carinata,Bca_B,Bca_C,B1,7,BcaB01g060460.3DH.1,BcaB01g060580.3DH.1,1.23,AT3G01290:2;AT3G01311:2;AT3G01340:2;AT3G01360:2;AT3G01370:2;AT3G01380:2;AT3G01420:2
carinata,Bca_B,Bca_C,B2,12,BcaB02g001300.3DH.1,BcaB02g001500.3DH.1,0.38,AT1G03250:2;AT1G03260:2;AT1G03270:2;AT1G03470:2;AT1G03475:2;AT1G03650:2;AT1G03660:2;AT1G03680:2;AT1G03687:2;AT1G03730:2;AT1G03750:2;AT1G03780:2
carinata,Bca_B,Bca_C,B2,5,BcaB02g002450.3DH.1,BcaB02g002500.3DH.1,0.0,AT1G05530:2;AT1G05560:2;AT1G05577:2;AT1G05580:2;AT1G05590:2
carinata,Bca_B,Bca_C,B2,9,BcaB02g002570.3DH.1,BcaB02g002680.3DH.1,2.2,AT1G05730:2;AT1G05740:2;AT1G05810:2;AT1G05830:2;AT1G05840:2;AT1G05870:2;AT1G05900:2;AT1G05910:2;AT1G05950:2
carinata,Bca_B,Bca_C,B2,7,BcaB02g003520.3DH.1,BcaB02g003650.3DH.1,0.63,AT1G07250:2;AT1G07260:2;AT1G07280:3;AT1G07290:3;AT1G07300:3;AT1G07310:3;AT1G07390:1
carinata,Bca_B,Bca_C,B2,7,BcaB02g003930.3DH.1,BcaB02g004040.3DH.1,0.13,AT1G07645:3;AT1G07750:3;AT1G07810:3;AT1G07830:3;AT1G07880:3;AT1G07900:3;AT1G07910:3
carinata,Bca_B,Bca_C,B2,6,BcaB02g004430.3DH.1,BcaB02g004500.3DH.1,2.04,AT1G08570:3;AT1G08580:3;AT1G08600:3;AT1G08610:3;AT1G08630:3;AT1G08660:3
carinata,Bca_B,Bca_C,B2,7,BcaB02g004770.3DH.1,BcaB02g004860.3DH.1,0.0,AT1G09320:2;AT1G09340:2;AT1G09350:2;AT1G09370:2;AT1G09380:2;AT1G09440:2;AT1G09490:2
carinata,Bca_B,Bca_C,B2,6,BcaB02g005380.3DH.1,BcaB02g005530.3DH.1,3.79,AT1G10220:3;AT1G10290:3;AT1G10370:1;AT1G10410:2;AT1G10430:2;AT1G10460:2
carinata,Bca_B,Bca_C,B2,8,BcaB02g010010.3DH.1,BcaB02g010210.3DH.1,1.62,AT1G14190:2;AT1G14205:2;AT1G14210:2;AT1G14250:2;AT1G14260:2;AT1G14330:2;AT1G14360:2;AT1G14400:2
carinata,Bca_B,Bca_C,B2,9,BcaB02g010860.3DH.1,BcaB02g011040.3DH.1,0.01,AT3G25180:2;AT3G25190:2;AT3G25220:2;AT3G25240:2;AT3G25260:2;AT3G25280:2;AT3G25460:2;AT3G25480:2;AT3G25500:2
carinata,Bca_B,Bca_C,B2,25,BcaB02g011620.3DH.1,BcaB02g012610.3DH.1,2.83,AT2G07050:2;AT2G07020:2;AT2G06850:2;AT2G06530:2;AT2G06210:2;AT2G06050:2;AT2G13350:1;AT2G13440:1;AT2G13540:1;AT2G13570:1;AT2G13600:1;AT2G13610:1;AT2G13810:1;AT2G13820:1;AT2G13840:1;AT2G14045:1;AT2G14050:1;AT2G14095:1;AT2G14260:1;AT2G14520:1;AT2G14530:1;AT2G14580:1;AT2G14610:1;AT2G14740:1;AT2G14750:1
carinata,Bca_B,Bca_C,B2,5,BcaB02g013410.3DH.1,BcaB02g013490.3DH.1,2.56,AT2G16370:1;AT2G16390:1;AT2G16430:1;AT2G16440:1;AT2G16510:1
carinata,Bca_B,Bca_C,B2,10,BcaB02g013890.3DH.1,BcaB02g014220.3DH.1,2.27,AT2G16980:1;AT2G16990:1;AT2G17030:1;AT2G17033:1;AT2G17055:1;AT2G17090:1;AT2G17110:1;AT2G17120:1;AT2G17150:1;AT2G17200:1
carinata,Bca_B,Bca_C,B2,5,BcaB02g014710.3DH.1,BcaB02g014810.3DH.1,1.19,AT2G17580:1;AT2G17620:1;AT2G17630:1;AT2G17640:1;AT2G17695:1
carinata,Bca_B,Bca_C,B2,7,BcaB02g015700.3DH.1,BcaB02g015940.3DH.1,0.25,AT2G18450:1;AT2G18460:1;AT2G18540:1;AT2G18690:1;AT2G18750:1;AT2G18880:1;AT2G18940:1
carinata,Bca_B,Bca_C,B2,8,BcaB02g017360.3DH.1,BcaB02g017430.3DH.1,1.98,AT2G20860:1;AT2G20870:1;AT2G20875:1;AT2G20880:1;AT2G20890:1;AT2G20900:1;AT2G20920:1;AT2G20930:1
carinata,Bca_B,Bca_C,B2,13,BcaB02g022210.3DH.1,BcaB02g023040.3DH.1,0.32,AT2G24645:2;AT2G24700:2;AT2G24800:2;AT2G24820:2;AT2G24830:2;AT2G25250:2;AT2G25270:2;AT2G25290:2;AT2G25300:2;AT2G25310:2;AT2G25370:2;AT2G25460:2;AT2G25530:2
carinata,Bca_B,Bca_C,B2,18,BcaB02g023160.3DH.1,BcaB02g025450.3DH.1,1.56,AT2G25570:2;AT2G25580:2;AT2G25600:2;AT2G25620:2;AT2G25680:2;AT5G49720:1;AT5G49740:1;AT5G49840:3;AT5G50115:3;AT5G50390:3;AT5G50860:2;AT5G51050:2;AT5G51100:2;AT5G51150:2;AT5G51170:2;AT5G51180:2;AT5G51190:2;AT5G51210:2
carinata,Bca_B,Bca_C,B2,6,BcaB02g026460.3DH.1,BcaB02g026530.3DH.1,3.25,AT5G51820:2;AT5G51830:2;AT5G51840:2;AT5G51850:2;AT5G51870:2;AT5G51880:2
carinata,Bca_B,Bca_C,B2,8,BcaB02g027720.3DH.1,BcaB02g027880.3DH.1,0.59,AT5G52540:1;AT5G52570:1;AT5G52580:1;AT5G52600:1;AT5G52630:1;AT5G52640:1;AT5G52650:1;AT5G52660:1
carinata,Bca_B,Bca_C,B2,5,BcaB02g036400.3DH.1,BcaB02g036460.3DH.1,0.01,AT5G59080:2;AT5G59050:2;AT5G59040:2;AT5G59030:2;AT5G59280:2
carinata,Bca_B,Bca_C,B2,5,BcaB02g038710.3DH.1,BcaB02g038760.3DH.1,0.0,AT5G22210:2;AT5G22200:2;AT5G22170:2;AT5G22160:2;AT5G22140:2
carinata,Bca_B,Bca_C,B2,6,BcaB02g049950.3DH.1,BcaB02g050010.3DH.1,5.78,AT5G09620:2;AT5G09600:2;AT5G09570:2;AT5G09540:2;AT5G09460:2;AT5G09440:2
carinata,Bca_B,Bca_C,B2,9,BcaB02g050060.3DH.1,BcaB02g050170.3DH.1,0.25,AT5G09390:2;AT5G09380:2;AT5G09370:2;AT5G09360:2;AT5G09320:2;AT5G09280:2;AT5G09270:2;AT5G09260:2;AT5G09250:2
carinata,Bca_B,Bca_C,B2,7,BcaB02g050530.3DH.1,BcaB02g050720.3DH.1,0.02,AT5G08490:1;AT5G08470:2;AT5G08460:2;AT5G08440:2;AT5G08430:2;AT5G08420:2;AT5G08335:3
carinata,Bca_B,Bca_C,B2,5,BcaB02g051260.3DH.1,BcaB02g051320.3DH.1,0.33,AT5G07690:1;AT5G07680:2;AT5G07670:2;AT5G07630:2;AT5G07590:2
carinata,Bca_B,Bca_C,B2,9,BcaB02g053440.3DH.1,BcaB02g053570.3DH.1,0.09,AT5G05490:2;AT5G05450:2;AT5G05400:2;AT5G05390:2;AT5G05380:2;AT5G05370:2;AT5G05365:2;AT5G05350:2;AT5G05330:2
carinata,Bca_B,Bca_C,B2,6,BcaB02g054130.3DH.1,BcaB02g054210.3DH.1,4.8,AT5G04820:2;AT5G04810:2;AT5G04800:2;AT5G04740:2;AT5G04720:2;AT5G04710:2
carinata,Bca_B,Bca_C,B2,5,BcaB02g056780.3DH.1,BcaB02g056830.3DH.1,0.15,AT1G63295:2;AT1G63290:2;AT1G63260:2;AT1G63180:2;AT1G63170:2
carinata,Bca_B,Bca_C,B2,7,BcaB02g056910.3DH.1,BcaB02g057080.3DH.1,0.24,AT1G63060:2;AT1G63030:2;AT1G63010:2;AT1G62981:2;AT1G62980:2;AT1G62940:2;AT1G62880:2
carinata,Bca_B,Bca_C,B2,61,BcaB02g057580.3DH.1,BcaB02g058430.3DH.1,0.92,AT1G62085:2;AT1G61990:3;AT1G61950:3;AT1G61890:3;AT1G61870:3;AT1G61860:3;AT1G61820:3;AT1G61810:3;AT1G61790:3;AT1G61770:3;AT1G61760:3;AT1G61750:3;AT1G61730:3;AT1G61720:3;AT1G61667:3;AT1G61640:3;AT1G61620:3;AT1G61610:3;AT1G61600:3;AT1G61590:3;AT1G61580:3;AT1G61560:3;AT1G61520:3;AT1G61440:3;AT1G61390:3;AT1G61380:3;AT1G61340:3;AT1G61250:3;AT1G61170:3;AT1G61150:3;AT1G61120:3;AT1G61100:3;AT1G61065:3;AT1G61050:3;AT1G61040:3;AT1G61010:3;AT1G60995:3;AT1G60980:3;AT1G60960:3;AT1G60950:3;AT1G60800:3;AT1G60780:3;AT1G60660:3;AT1G60650:3;AT1G60640:3;AT1G60630:3;AT1G60620:3;AT1G60490:3;AT1G60300:3;AT1G60200:3;AT1G60170:3;AT1G60140:3;AT1G59910:3;AT1G59900:3;AT1G59890:3;AT1G59820:3;AT1G59760:3;AT1G59750:3;AT1G59720:3;AT1G59610:3;AT1G59590:3
carinata,Bca_B,Bca_C,B2,10,BcaB02g058540.3DH.1,BcaB02g058740.3DH.1,0.86,AT1G57680:2;AT1G57600:2;AT1G57590:2;AT1G56560:2;AT1G56555:2;AT1G56440:2;AT1G56350:2;AT1G56345:2;AT1G56280:2;AT5G42310:1
carinata,Bca_B,Bca_C,B2,5,BcaB02g059090.3DH.1,BcaB02g059170.3DH.1,0.96,AT5G43060:1;AT5G43080:1;AT5G43090:1;AT5G43100:1;AT5G43120:1
carinata,Bca_B,Bca_C,B2,6,BcaB02g061090.3DH.1,BcaB02g061170.3DH.1,1.44,AT5G45600:1;AT5G45610:1;AT5G45620:1;AT5G45660:1;AT5G45690:1;AT5G45700:1
carinata,Bca_B,Bca_C,B2,8,BcaB02g064080.3DH.1,BcaB02g064170.3DH.1,1.25,AT2G02220:2;AT2G02240:2;AT2G02250:2;AT2G02310:2;AT2G02340:2;AT2G02360:2;AT2G02400:2;AT2G02410:2
carinata,Bca_B,Bca_C,B2,6,BcaB02g064800.3DH.1,BcaB02g064880.3DH.1,0.38,AT2G03730:1;AT2G03740:1;AT2G03800:1;AT2G03830:2;AT2G03880:1;AT2G03890:1
carinata,Bca_B,Bca_C,B2,9,BcaB02g070560.3DH.1,BcaB02g070770.3DH.1,0.11,AT4G19645:3;AT4G19510:3;AT4G19500:3;AT4G19470:3;AT4G19460:3;AT4G19430:3;AT4G19380:3;AT4G19230:3;AT4G19220:3
carinata,Bca_B,Bca_C,B2,7,BcaB02g073510.3DH.1,BcaB02g073650.3DH.1,1.52,AT4G15393:2;AT4G15260:2;AT4G15236:2;AT4G15233:2;AT3G52500:3;AT3G52490:3;AT3G52470:3
carinata,Bca_B,Bca_C,B2,16,BcaB02g073950.3DH.1,BcaB02g074130.3DH.1,0.12,AT3G51880:1;AT3G51860:1;AT3G51850:1;AT3G51810:3;AT3G51800:3;AT3G51780:3;AT3G51770:3;AT3G51750:3;AT3G51730:2;AT3G51710:2;AT3G51680:2;AT3G51670:2;AT3G51660:2;AT3G51620:3;AT3G51600:3;AT3G51590:3
carinata,Bca_B,Bca_C,B2,10,BcaB02g074280.3DH.1,BcaB02g074390.3DH.1,3.5,AT3G51260:2;AT3G51240:2;AT3G51220:2;AT3G51190:2;AT3G51150:2;AT3G51130:3;AT3G51120:3;AT3G51100:2;AT3G51090:2;AT3G51050:1
carinata,Bca_B,Bca_C,B2,8,BcaB02g078790.3DH.1,BcaB02g078890.3DH.1,1.79,AT5G27770:2;AT5G27760:2;AT5G27740:2;AT5G27700:2;AT5G27680:2;AT5G27660:2;AT5G27610:2;AT5G27600:2
carinata,Bca_B,Bca_C,B2,9,BcaB02g084340.3DH.1,BcaB02g084470.3DH.1,1.7,AT4G29240:1;AT4G29270:1;AT4G29350:1;AT4G29410:2;AT4G29480:2;AT4G29590:1;AT4G29600:1;AT4G29610:1;AT4G29670:1
carinata,Bca_B,Bca_C,B2,5,BcaB02g087280.3DH.1,BcaB02g087390.3DH.1,0.02,AT4G34180:3;AT4G34230:3;AT4G34250:3;AT4G34280:3;AT4G34330:3
carinata,Bca_B,Bca_C,B2,5,BcaB02g087420.3DH.1,BcaB02g087480.3DH.1,0.01,AT4G34400:3;AT4G34412:3;AT4G34480:3;AT4G34560:3;AT4G34570:3
carinata,Bca_B,Bca_C,B2,5,BcaB02g087700.3DH.1,BcaB02g087750.3DH.1,43.1,AT4G34970:3;AT4G34980:3;AT4G34990:3;AT4G35000:3;AT4G35010:3
carinata,Bca_B,Bca_C,B2,5,BcaB02g089080.3DH.1,BcaB02g089150.3DH.1,0.07,AT4G37445:2;AT4G37450:2;AT4G37460:2;AT4G37510:2;AT4G37530:2
carinata,Bca_B,Bca_C,B2,7,BcaB02g089290.3DH.1,BcaB02g089380.3DH.1,0.01,AT4G37670:2;AT4G37680:2;AT4G37690:2;AT4G37700:2;AT4G37720:2;AT4G37730:2;AT4G37740:2
carinata,Bca_B,Bca_C,B2,17,BcaB02g090170.3DH.1,BcaB02g090380.3DH.1,0.19,AT4G38850:2;AT4G38840:2;AT4G38830:2;AT4G38810:2;AT4G38740:2;AT4G38630:2;AT4G38620:2;AT4G38600:2;AT4G38590:2;AT4G38580:2;AT4G38540:2;AT4G38530:2;AT4G38520:2;AT4G38500:1;AT4G38420:2;AT4G38390:2;AT4G38360:1
carinata,Bca_B,Bca_C,B3,17,BcaB03g000390.3DH.1,BcaB03g000570.3DH.1,0.18,AT1G03230:3;AT1G03310:3;AT1G03330:3;AT1G03350:3;AT1G03440:3;AT1G03495:3;AT1G03510:3;AT1G03530:3;AT1G03540:3;AT1G03590:3;AT1G03600:3;AT1G03610:3;AT1G03620:3;AT1G03630:3;AT1G03790:3;AT1G03820:3;AT1G03830:3
carinata,Bca_B,Bca_C,B3,14,BcaB03g001030.3DH.1,BcaB03g001270.3DH.1,3.7,AT1G04690:3;AT1G04710:3;AT1G04770:3;AT1G04830:3;AT1G04850:3;AT1G04860:3;AT1G04950:3;AT1G04985:3;AT1G04990:3;AT1G05020:3;AT1G05055:3;AT1G05090:3;AT1G05120:3;AT1G05150:3
carinata,Bca_B,Bca_C,B3,5,BcaB03g001390.3DH.1,BcaB03g001460.3DH.1,0.96,AT1G05500:3;AT1G05520:3;AT1G05530:3;AT1G05540:3;AT1G05550:3
carinata,Bca_B,Bca_C,B3,19,BcaB03g001520.3DH.1,BcaB03g001780.3DH.1,0.12,AT1G05640:3;AT1G05650:3;AT1G05660:3;AT1G05680:3;AT1G05690:3;AT1G05700:3;AT1G05710:3;AT1G05750:3;AT1G05790:3;AT1G05820:3;AT1G05835:3;AT1G05850:3;AT1G05860:3;AT1G05890:3;AT1G05894:3;AT1G05990:3;AT1G06030:3;AT1G06060:3;AT1G06070:3
carinata,Bca_B,Bca_C,B3,5,BcaB03g003290.3DH.1,BcaB03g003360.3DH.1,3.08,AT1G09160:1;AT1G09170:1;AT1G09180:1;AT1G09200:1;AT1G09220:1
carinata,Bca_B,Bca_C,B3,6,BcaB03g004210.3DH.1,BcaB03g004290.3DH.1,1.12,AT1G10385:1;AT1G10400:1;AT1G10480:1;AT1G10490:1;AT1G10500:1;AT1G10520:1
carinata,Bca_B,Bca_C,B3,5,BcaB03g005180.3DH.1,BcaB03g005260.3DH.1,1.85,AT1G11820:1;AT1G11840:1;AT1G11860:1;AT1G11870:1;AT1G11880:1
carinata,Bca_B,Bca_C,B3,6,BcaB03g005870.3DH.1,BcaB03g005940.3DH.1,0.33,AT1G12845:3;AT1G12850:3;AT1G12860:3;AT1G12950:3;AT1G13020:3;AT1G13040:3
carinata,Bca_B,Bca_C,B3,6,BcaB03g007320.3DH.1,BcaB03g007380.3DH.1,0.18,AT1G16320:2;AT1G16330:2;AT1G16380:2;AT1G16390:2;AT1G16480:2;AT1G16610:2
carinata,Bca_B,Bca_C,B3,5,BcaB03g007460.3DH.1,BcaB03g007510.3DH.1,2.52,AT1G16770:2;AT1G16790:2;AT1G16860:2;AT1G16880:2;AT1G16900:2
carinata,Bca_B,Bca_C,B3,10,BcaB03g008900.3DH.1,BcaB03g009020.3DH.1,1.06,AT1G19485:2;AT1G19570:2;AT1G19580:2;AT1G19620:2;AT1G19630:2;AT1G19660:2;AT1G19700:2;AT1G19715:2;AT1G19770:2;AT1G19800:2
carinata,Bca_B,Bca_C,B3,6,BcaB03g011600.3DH.1,BcaB03g011670.3DH.1,0.26,AT4G30880:2;AT4G30860:2;AT4G30810:3;AT4G30780:3;AT4G30770:3;AT4G30680:3
carinata,Bca_B,Bca_C,B3,8,BcaB03g011800.3DH.1,BcaB03g011880.3DH.1,4.61,AT4G30270:3;AT4G30260:3;AT4G30240:3;AT4G30220:3;AT4G30200:3;AT4G30190:3;AT4G30180:3;AT4G30160:3
carinata,Bca_B,Bca_C,B3,15,BcaB03g016230.3DH.1,BcaB03g016440.3DH.1,2.2,AT4G39230:2;AT4G39220:2;AT4G39190:2;AT4G39180:2;AT4G39170:2;AT4G39160:2;AT4G39120:2;AT4G39100:2;AT4G39090:2;AT4G39080:2;AT4G39070:2;AT4G39050:2;AT4G38980:2;AT4G38970:2;AT4G38960:2
carinata,Bca_B,Bca_C,B3,8,BcaB03g017880.3DH.1,BcaB03g018010.3DH.1,1.07,AT1G28960:1;AT1G28690:1;AT1G28660:1;AT1G28640:1;AT1G28560:1;AT1G28540:1;AT1G28530:1;AT1G28510:1
carinata,Bca_B,Bca_C,B3,8,BcaB03g018620.3DH.1,BcaB03g018770.3DH.1,2.32,AT1G27700:1;AT1G27690:1;AT1G27660:1;AT1G27650:1;AT1G27630:1;AT1G27600:1;AT1G27530:1;AT1G27510:1
carinata,Bca_B,Bca_C,B3,5,BcaB03g019270.3DH.1,BcaB03g019400.3DH.1,1.93,AT1G25260:2;AT1G25275:1;AT1G25290:1;AT1G25300:1;AT1G25360:1
carinata,Bca_B,Bca_C,B3,9,BcaB03g019600.3DH.1,BcaB03g019730.3DH.1,0.6,AT1G26140:1;AT1G26160:1;AT1G26180:1;AT1G26200:1;AT1G26220:2;AT1G26270:2;AT1G26310:2;AT1G26360:1;AT1G26420:2
carinata,Bca_B,Bca_C,B3,5,BcaB03g020020.3DH.1,BcaB03g020090.3DH.1,3.76,AT1G26945:1;AT1G26970:2;AT1G27000:2;AT1G27060:2;AT1G27090:2
carinata,Bca_B,Bca_C,B3,6,BcaB03g020250.3DH.1,BcaB03g020370.3DH.1,0.57,AT1G24000:2;AT1G23980:2;AT1G23870:2;AT1G23800:2;AT1G23790:2;AT1G23690:2
carinata,Bca_B,Bca_C,B3,7,BcaB03g020750.3DH.1,BcaB03g020830.3DH.1,0.17,AT1G22960:2;AT1G22760:2;AT1G22630:2;AT1G22570:2;AT1G22550:2;AT1G22530:2;AT1G22520:2
carinata,Bca_B,Bca_C,B3,5,BcaB03g021230.3DH.1,BcaB03g021330.3DH.1,0.85,AT1G21900:2;AT1G21870:2;AT1G21810:2;AT4G33760:2;AT4G33790:2
carinata,Bca_B,Bca_C,B3,5,BcaB03g021800.3DH.1,BcaB03g021850.3DH.1,0.0,AT4G34510:2;AT4G34520:2;AT4G34530:2;AT4G34550:2;AT4G34580:2
carinata,Bca_B,Bca_C,B3,11,BcaB03g022010.3DH.1,BcaB03g022130.3DH.1,1.08,AT4G34840:2;AT4G34860:2;AT4G34910:2;AT4G34920:2;AT4G34930:2;AT4G34940:2;AT4G34950:2;AT4G34960:2;AT4G35040:2;AT4G35060:2;AT4G35080:2
carinata,Bca_B,Bca_C,B3,8,BcaB03g024720.3DH.1,BcaB03g024810.3DH.1,0.11,AT3G10116:2;AT3G10140:2;AT3G10180:2;AT3G10195:2;AT3G08500:3;AT3G08010:3;AT3G07980:3;AT3G07970:3
carinata,Bca_B,Bca_C,B3,9,BcaB03g025050.3DH.1,BcaB03g025190.3DH.1,0.22,AT3G07540:3;AT3G07510:3;AT3G07480:3;AT3G07450:3;AT3G07425:3;AT3G07420:3;AT3G07370:3;AT3G07330:3;AT3G07320:3
carinata,Bca_B,Bca_C,B3,12,BcaB03g026270.3DH.1,BcaB03g026510.3DH.1,0.8,AT3G23180:3;AT3G23300:3;AT3G23380:3;AT3G23390:3;AT3G23410:3;AT3G23440:3;AT3G23530:3;AT3G23605:3;AT3G23790:3;AT3G23870:3;AT3G24050:3;AT3G24090:3
carinata,Bca_B,Bca_C,B3,12,BcaB03g026600.3DH.1,BcaB03g026870.3DH.1,0.05,AT3G24250:2;AT3G24300:2;AT3G24310:2;AT3G24340:2;AT3G24350:2;AT3G24360:2;AT3G24450:2;AT3G24480:2;AT3G24503:2;AT3G24515:2;AT3G24530:2;AT3G24540:2
carinata,Bca_B,Bca_C,B3,6,BcaB03g033200.3DH.1,BcaB03g033340.3DH.1,1.1,AT1G26470:3;AT1G26450:1;AT1G26230:1;AT1G26210:1;AT1G26170:3;AT1G26130:3
carinata,Bca_B,Bca_C,B3,5,BcaB03g033830.3DH.1,BcaB03g033870.3DH.1,0.0,AT1G24590:1;AT1G24575:3;AT1G24570:3;AT1G24530:3;AT1G24520:3
carinata,Bca_B,Bca_C,B3,5,BcaB03g034020.3DH.1,BcaB03g034080.3DH.1,1.75,AT1G24340:1;AT1G24330:1;AT1G24320:1;AT1G24290:1;AT1G24280:1
carinata,Bca_B,Bca_C,B3,5,BcaB03g034180.3DH.1,BcaB03g034250.3DH.1,2.06,AT1G27300:2;AT1G27320:2;AT1G27340:2;AT1G27350:2;AT1G27385:2
carinata,Bca_B,Bca_C,B3,6,BcaB03g036110.3DH.1,BcaB03g036190.3DH.1,0.01,AT1G30710:2;AT1G30730:2;AT1G30750:2;AT1G30760:2;AT1G30820:2;AT1G30825:2
carinata,Bca_B,Bca_C,B3,5,BcaB03g036790.3DH.1,BcaB03g036880.3DH.1,1.03,AT1G32090:2;AT1G32100:2;AT1G32120:2;AT1G32130:2;AT1G32160:2
carinata,Bca_B,Bca_C,B3,5,BcaB03g037280.3DH.1,BcaB03g037330.3DH.1,0.24,AT1G32583:2;AT1G32610:2;AT1G32630:2;AT1G32640:2;AT1G32690:2
carinata,Bca_B,Bca_C,B3,5,BcaB03g041220.3DH.1,BcaB03g041310.3DH.1,0.08,AT1G72940:2;AT1G72890:2;AT1G72650:2;AT1G72620:2;AT1G72540:1
carinata,Bca_B,Bca_C,B3,7,BcaB03g042970.3DH.1,BcaB03g043100.3DH.1,1.93,AT1G66580:1;AT1G66230:2;AT1G66220:2;AT1G66210:2;AT1G66150:2;AT1G66130:2;AT1G66110:2
carinata,Bca_B,Bca_C,B3,17,BcaB03g043160.3DH.1,BcaB03g043460.3DH.1,1.83,AT1G65970:2;AT1G65960:2;AT1G65950:2;AT1G65900:2;AT1G65890:2;AT1G65790:2;AT1G65780:2;AT1G65730:2;AT1G65700:2;AT1G65650:2;AT1G65590:2;AT1G65580:2;AT1G65570:2;AT1G65540:2;AT1G65480:2;AT1G65470:2;AT1G65450:2
carinata,Bca_B,Bca_C,B3,5,BcaB03g046390.3DH.1,BcaB03g046520.3DH.1,3.1,AT1G67440:1;AT1G67460:1;AT1G67510:1;AT1G67570:1;AT1G67580:1
carinata,Bca_B,Bca_C,B3,6,BcaB03g047680.3DH.1,BcaB03g047740.3DH.1,1.02,AT1G68640:1;AT1G68670:1;AT1G68690:1;AT1G68700:1;AT1G68710:1;AT1G68730:1
carinata,Bca_B,Bca_C,B3,5,BcaB03g050790.3DH.1,BcaB03g050860.3DH.1,0.0,AT1G71160:1;AT1G71190:2;AT1G71200:2;AT1G71210:2;AT1G71230:1
carinata,Bca_B,Bca_C,B3,5,BcaB03g051300.3DH.1,BcaB03g051390.3DH.1,0.72,AT1G71720:2;AT1G71730:2;AT1G71740:2;AT1G71750:2;AT1G71760:2
carinata,Bca_B,Bca_C,B3,6,BcaB03g054230.3DH.1,BcaB03g054290.3DH.1,1.93,AT1G73940:2;AT1G73950:2;AT1G73960:2;AT1G73965:2;AT1G73970:2;AT1G73980:1
carinata,Bca_B,Bca_C,B3,5,BcaB03g055800.3DH.1,BcaB03g055940.3DH.1,2.45,AT1G75090:1;AT1G75130:1;AT1G75150:1;AT1G75170:1;AT1G75190:1
carinata,Bca_B,Bca_C,B3,6,BcaB03g059610.3DH.1,BcaB03g059690.3DH.1,0.74,AT1G77950:1;AT1G77960:1;AT1G77980:1;AT1G77990:1;AT1G78000:1;AT1G78010:1
carinata,Bca_B,Bca_C,B4,7,BcaB04g000070.3DH.1,BcaB04g000180.3DH.1,1.87,AT5G66170:2;AT5G66180:2;AT5G66200:2;AT5G66240:2;AT5G66400:2;AT5G66380:2;AT5G66280:2
carinata,Bca_B,Bca_C,B4,6,BcaB04g000910.3DH.1,BcaB04g000970.3DH.1,0.06,AT5G65140:2;AT5G65130:2;AT5G65090:2;AT5G65060:2;AT5G65050:2;AT5G65040:2
carinata,Bca_B,Bca_C,B4,5,BcaB04g005430.3DH.1,BcaB04g005500.3DH.1,4.16,AT5G28740:3;AT5G28770:3;AT5G28840:3;AT5G28850:3;AT5G29560:3
carinata,Bca_B,Bca_C,B4,6,BcaB04g008260.3DH.1,BcaB04g008320.3DH.1,0.71,AT3G26380:2;AT3G26360:2;AT3G26350:2;AT3G26320:2;AT3G26300:2;AT3G26290:2
carinata,Bca_B,Bca_C,B4,32,BcaB04g008360.3DH.1,BcaB04g008730.3DH.1,0.08,AT3G26210:2;AT3G26200:2;AT3G26190:2;AT3G26150:2;AT3G26120:2;AT3G26110:2;AT3G26100:2;AT3G26050:2;AT3G26020:2;AT3G25990:2;AT3G25970:2;AT3G25910:2;AT3G25905:2;AT3G25890:2;AT3G25882:2;AT3G25870:2;AT3G25855:2;AT3G25820:2;AT3G25810:2;AT3G25730:2;AT3G25710:2;AT3G25700:2;AT3G25660:2;AT3G25655:2;AT3G25640:2;AT3G25620:2;AT3G25610:2;AT3G25597:2;AT3G25590:2;AT3G25585:2;AT3G25560:2;AT3G25545:2
carinata,Bca_B,Bca_C,B4,5,BcaB04g009300.3DH.1,BcaB04g009350.3DH.1,4.63,AT2G02760:2;AT2G02560:2;AT2G02540:2;AT2G02510:2;AT2G02500:2
carinata,Bca_B,Bca_C,B4,9,BcaB04g011670.3DH.1,BcaB04g011780.3DH.1,3.41,AT5G46060:2;AT5G46050:2;AT5G46040:2;AT5G46030:2;AT5G45980:2;AT5G45950:2;AT5G45940:2;AT5G45930:2;AT5G45900:2
carinata,Bca_B,Bca_C,B4,5,BcaB04g011820.3DH.1,BcaB04g011960.3DH.1,0.45,AT5G45850:2;AT5G45820:2;AT5G45750:2;AT5G45550:2;AT5G45500:2
carinata,Bca_B,Bca_C,B4,5,BcaB04g012530.3DH.1,BcaB04g012600.3DH.1,0.01,AT5G45040:2;AT5G45020:2;AT5G44930:2;AT5G44920:2;AT5G44830:2
carinata,Bca_B,Bca_C,B4,14,BcaB04g013610.3DH.1,BcaB04g013850.3DH.1,1.22,AT5G43210:2;AT5G43150:2;AT5G43130:2;AT5G43010:2;AT5G43000:2;AT5G42970:2;AT1G59620:2;AT1G59650:2;AT1G59660:2;AT1G59670:2;AT1G59700:2;AT1G59710:2;AT1G59725:2;AT1G59740:2
carinata,Bca_B,Bca_C,B4,38,BcaB04g013880.3DH.1,BcaB04g014670.3DH.1,1.24,AT1G59830:2;AT1G59940:2;AT1G59960:2;AT1G59970:2;AT1G59980:2;AT1G60000:2;AT1G60010:2;AT1G60050:2;AT1G60060:2;AT1G60080:2;AT1G60220:2;AT1G60230:2;AT1G60390:2;AT1G60430:2;AT1G60440:2;AT1G60450:2;AT1G60500:2;AT1G60550:2;AT1G60590:2;AT1G60670:2;AT1G60680:2;AT1G60690:2;AT1G60710:2;AT1G60730:2;AT1G60750:2;AT1G60760:2;AT1G60770:2;AT1G60783:2;AT1G60790:2;AT1G60810:2;AT1G60850:2;AT1G60860:2;AT1G60870:2;AT1G60880:2;AT1G60890:2;AT1G60900:2;AT1G60920:2;AT1G60930:2
carinata,Bca_B,Bca_C,B4,15,BcaB04g014790.3DH.1,BcaB04g015100.3DH.1,0.01,AT1G61080:2;AT1G61100:2;AT1G61105:2;AT1G61110:2;AT1G61180:2;AT1G61230:2;AT1G61240:2;AT1G61255:2;AT1G61260:2;AT1G61370:2;AT1G61390:2;AT1G61440:2;AT1G61480:2;AT1G61490:2;AT1G61500:2
carinata,Bca_B,Bca_C,B4,8,BcaB04g015170.3DH.1,BcaB04g015350.3DH.1,1.0,AT1G61660:2;AT1G61740:2;AT1G61780:2;AT1G61795:2;AT1G61850:2;AT1G61900:2;AT1G61930:2;AT1G61960:2
carinata,Bca_B,Bca_C,B4,5,BcaB04g016560.3DH.1,BcaB04g016630.3DH.1,0.01,AT1G63270:1;AT1G63310:1;AT1G63410:1;AT1G63480:2;AT1G63570:2
carinata,Bca_B,Bca_C,B4,8,BcaB04g016690.3DH.1,BcaB04g016920.3DH.1,0.55,AT1G63670:2;AT1G63690:2;AT1G63700:2;AT1G63770:2;AT1G63780:2;AT1G63820:2;AT1G63850:2;AT1G63870:2
carinata,Bca_B,Bca_C,B4,11,BcaB04g016980.3DH.1,BcaB04g017200.3DH.1,0.57,AT1G63980:2;AT1G64000:2;AT1G64010:2;AT1G64030:2;AT1G64050:2;AT1G64060:2;AT1G64065:2;AT1G64080:2;AT1G64110:2;AT1G64150:2;AT1G64185:2
carinata,Bca_B,Bca_C,B4,7,BcaB04g017230.3DH.1,BcaB04g017340.3DH.1,2.19,AT1G64230:2;AT1G64260:2;AT1G64300:2;AT1G64310:2;AT1G64320:2;AT1G64330:2;AT1G64350:2
carinata,Bca_B,Bca_C,B4,5,BcaB04g017390.3DH.1,BcaB04g017440.3DH.1,5.18,AT1G64430:2;AT1G64440:2;AT1G64450:2;AT1G64490:2;AT1G64500:2
carinata,Bca_B,Bca_C,B4,6,BcaB04g017470.3DH.1,BcaB04g017580.3DH.1,1.85,AT1G64530:2;AT1G64550:2;AT1G64570:2;AT1G64585:2;AT1G64600:2;AT1G64620:2
carinata,Bca_B,Bca_C,B4,20,BcaB04g018720.3DH.1,BcaB04g019100.3DH.1,3.45,AT1G63300:3;AT2G20710:2;AT2G20510:2;AT2G20500:2;AT2G20440:2;AT2G20420:2;AT2G20400:2;AT2G20370:2;AT2G20360:2;AT2G20320:2;AT2G20310:2;AT2G20290:2;AT2G20250:2;AT2G20190:2;AT2G19970:2;AT2G19950:2;AT2G19870:2;AT2G19830:2;AT2G19800:2;AT2G19790:2
carinata,Bca_B,Bca_C,B4,6,BcaB04g019180.3DH.1,BcaB04g019240.3DH.1,4.7,AT2G19750:2;AT2G19730:2;AT2G19690:2;AT2G19660:2;AT2G19650:2;AT2G19640:2
carinata,Bca_B,Bca_C,B4,5,BcaB04g024450.3DH.1,BcaB04g024540.3DH.1,1.44,AT1G09570:2;AT1G09550:2;AT1G09530:3;AT1G09510:3;AT1G09500:3
carinata,Bca_B,Bca_C,B4,7,BcaB04g024730.3DH.1,BcaB04g024820.3DH.1,0.08,AT1G09310:3;AT1G09280:2;AT1G09260:2;AT1G09250:2;AT1G09240:2;AT1G09230:2;AT1G09190:2
carinata,Bca_B,Bca_C,B4,7,BcaB04g025040.3DH.1,BcaB04g025110.3DH.1,1.71,AT1G08845:3;AT1G08830:3;AT1G08810:2;AT1G08800:2;AT1G08790:2;AT1G08780:2;AT1G08770:2
carinata,Bca_B,Bca_C,B4,9,BcaB04g033360.3DH.1,BcaB04g034330.3DH.1,0.04,AT1G24230:1;AT1G26940:2;AT1G26920:2;AT1G26870:2;AT1G26840:2;AT1G26830:3;AT1G26790:2;AT1G26780:2;AT1G26770:1
carinata,Bca_B,Bca_C,B4,6,BcaB04g034840.3DH.1,BcaB04g034970.3DH.1,2.96,AT1G26150:2;AT1G26140:2;AT1G26120:2;AT1G25682:2;AT1G25580:3;AT1G25570:3
carinata,Bca_B,Bca_C,B4,10,BcaB04g036020.3DH.1,BcaB04g037310.3DH.1,0.86,AT1G24340:3;AT1G24270:2;AT1G24265:2;AT4G13070:1;AT4G13040:1;AT4G13030:1;AT4G13010:1;AT4G12980:1;AT4G12970:1;AT4G12890:1
carinata,Bca_B,Bca_C,B4,8,BcaB04g051380.3DH.1,BcaB04g051540.3DH.1,1.64,AT1G48490:2;AT1G48540:2;AT1G48550:2;AT1G48560:2;AT1G48570:2;AT1G48580:2;AT1G48590:2;AT1G48600:2
carinata,Bca_B,Bca_C,B4,5,BcaB04g052720.3DH.1,BcaB04g052790.3DH.1,3.52,AT1G49730:1;AT1G49720:1;AT1G49710:1;AT1G49700:1;AT1G49670:2
carinata,Bca_B,Bca_C,B4,5,BcaB04g053360.3DH.1,BcaB04g053580.3DH.1,1.32,AT1G50190:1;AT1G50300:1;AT1G50310:1;AT1G50320:1;AT1G50360:1
carinata,Bca_B,Bca_C,B4,5,BcaB04g055100.3DH.1,BcaB04g055260.3DH.1,0.18,AT1G51440:2;AT1G51450:2;AT1G51460:2;AT1G51520:1;AT1G51538:2
carinata,Bca_B,Bca_C,B4,5,BcaB04g056570.3DH.1,BcaB04g056650.3DH.1,0.6,AT1G52380:2;AT1G52410:2;AT1G52540:2;AT1G52560:2;AT1G52565:2
carinata,Bca_B,Bca_C,B4,5,BcaB04g056910.3DH.1,BcaB04g057070.3DH.1,0.01,AT1G52750:2;AT1G52760:2;AT1G52780:2;AT1G52790:2;AT1G52800:2
carinata,Bca_B,Bca_C,B4,6,BcaB04g058100.3DH.1,BcaB04g058430.3DH.1,1.62,AT1G53510:2;AT1G53520:2;AT1G53560:2;AT1G53600:2;AT1G53650:2;AT1G53670:2
carinata,Bca_B,Bca_C,B4,7,BcaB04g058550.3DH.1,BcaB04g058750.3DH.1,1.55,AT1G53760:2;AT1G53770:2;AT1G53800:2;AT1G55120:2;AT1G55130:2;AT1G55180:2;AT1G55300:2
carinata,Bca_B,Bca_C,B4,7,BcaB04g059160.3DH.1,BcaB04g059250.3DH.1,0.04,AT1G55550:2;AT1G55570:2;AT1G55580:2;AT1G55590:2;AT1G55620:2;AT1G55630:2;AT1G55640:2
carinata,Bca_B,Bca_C,B4,5,BcaB04g059280.3DH.1,BcaB04g059390.3DH.1,3.75,AT1G55690:2;AT1G55800:2;AT1G55820:2;AT1G55830:2;AT1G55840:2
carinata,Bca_B,Bca_C,B4,9,BcaB04g059580.3DH.1,BcaB04g059820.3DH.1,0.13,AT1G55960:2;AT1G56020:2;AT1G56060:2;AT1G56070:2;AT1G56080:2;AT1G56100:2;AT1G56110:2;AT1G56120:2;AT1G56170:2
carinata,Bca_B,Bca_C,B5,11,BcaB05g000020.3DH.1,BcaB05g000150.3DH.1,1.71,AT4G40050:1;AT4G40045:1;AT4G40042:1;AT4G40030:1;AT4G40020:1;AT4G40010:1;AT4G40000:1;AT4G39990:1;AT4G39980:1;AT4G39960:1;AT4G39952:1
carinata,Bca_B,Bca_C,B5,5,BcaB05g000450.3DH.1,BcaB05g000520.3DH.1,0.45,AT4G39620:1;AT4G39590:1;AT4G39580:1;AT4G39550:1;AT4G39540:1
carinata,Bca_B,Bca_C,B5,6,BcaB05g000620.3DH.1,BcaB05g000700.3DH.1,0.0,AT4G39340:1;AT4G39320:1;AT4G39300:1;AT4G39250:1;AT4G39150:1;AT4G39130:1
carinata,Bca_B,Bca_C,B5,18,BcaB05g008050.3DH.1,BcaB05g008350.3DH.1,1.57,AT4G29660:2;AT4G29658:2;AT4G29540:2;AT4G29530:2;AT4G29520:2;AT4G29490:3;AT4G29460:3;AT4G29450:3;AT4G29440:3;AT4G29430:3;AT4G29420:3;AT4G29400:3;AT4G29390:3;AT4G29380:3;AT4G29370:3;AT4G29340:2;AT4G29310:2;AT4G29260:2
carinata,Bca_B,Bca_C,B5,11,BcaB05g022640.3DH.1,BcaB05g022840.3DH.1,0.59,AT3G51490:3;AT3G51470:3;AT3G51460:3;AT3G51430:3;AT3G51420:3;AT3G51390:3;AT3G51300:3;AT3G51280:3;AT3G51270:3;AT3G51230:3;AT3G51160:3
carinata,Bca_B,Bca_C,B5,16,BcaB05g022970.3DH.1,BcaB05g023350.3DH.1,0.74,AT3G51040:2;AT5G17290:2;AT5G17280:2;AT5G17240:2;AT5G17220:2;AT5G17210:2;AT5G17200:2;AT5G17190:2;AT5G17170:2;AT5G17040:2;AT5G17010:2;AT5G16960:2;AT5G16930:2;AT5G16920:2;AT5G16910:2;AT5G16900:2
carinata,Bca_B,Bca_C,B5,12,BcaB05g023390.3DH.1,BcaB05g023610.3DH.1,0.69,AT5G16820:2;AT5G16810:2;AT5G16780:2;AT5G16750:2;AT5G16740:2;AT5G16710:2;AT5G16700:2;AT5G16630:2;AT5G16620:2;AT5G16600:2;AT5G16590:2;AT5G16570:2
carinata,Bca_B,Bca_C,B5,9,BcaB05g023980.3DH.1,BcaB05g024170.3DH.1,0.41,AT5G15970:2;AT5G15940:2;AT5G15930:2;AT5G15910:2;AT5G15870:2;AT5G15860:2;AT5G15820:2;AT5G15780:2;AT5G15770:2
carinata,Bca_B,Bca_C,B5,10,BcaB05g024310.3DH.1,BcaB05g024500.3DH.1,1.4,AT5G15600:2;AT5G15580:2;AT5G15570:2;AT5G15540:2;AT5G15510:2;AT5G15480:2;AT5G15470:2;AT5G15430:2;AT5G15280:2;AT5G15240:2
carinata,Bca_B,Bca_C,B5,7,BcaB05g024640.3DH.1,BcaB05g024840.3DH.1,0.31,AT5G15090:3;AT5G15050:2;AT5G15010:1;AT5G14995:1;AT5G14990:1;AT5G14980:1;AT5G14970:1
carinata,Bca_B,Bca_C,B5,6,BcaB05g024870.3DH.1,BcaB05g024970.3DH.1,0.55,AT5G14940:2;AT5G14890:2;AT5G14880:2;AT5G14850:2;AT5G14780:2;AT5G14750:2
carinata,Bca_B,Bca_C,B5,5,BcaB05g025020.3DH.1,BcaB05g025070.3DH.1,1.54,AT5G14720:2;AT5G14710:2;AT5G14700:2;AT5G14690:2;AT5G14670:2
carinata,Bca_B,Bca_C,B5,8,BcaB05g026760.3DH.1,BcaB05g026890.3DH.1,2.53,AT5G12350:2;AT5G12340:2;AT5G12330:2;AT5G12270:2;AT5G12180:3;AT5G12170:2;AT5G12140:2;AT5G12130:2
carinata,Bca_B,Bca_C,B5,9,BcaB05g027680.3DH.1,BcaB05g027800.3DH.1,2.29,AT5G11340:2;AT5G11320:2;AT5G11260:2;AT5G11240:2;AT5G11180:1;AT5G11170:1;AT5G11160:2;AT5G11130:2;AT5G11100:2
carinata,Bca_B,Bca_C,B5,17,BcaB05g027850.3DH.1,BcaB05g028350.3DH.1,1.09,AT5G11040:2;AT5G11000:2;AT5G10920:2;AT5G10900:2;AT5G10890:2;AT5G10870:2;AT5G10860:2;AT5G10830:1;AT5G10820:1;AT5G10790:1;AT5G10780:1;AT5G10770:2;AT5G10760:2;AT5G10740:2;AT5G10730:2;AT5G10690:2;AT5G10660:2
carinata,Bca_B,Bca_C,B5,9,BcaB05g028940.3DH.1,BcaB05g029090.3DH.1,1.57,AT5G09750:2;AT5G09730:2;AT5G09690:2;AT5G09680:2;AT5G09670:2;AT5G09660:2;AT5G09640:2;AT5G09600:3;AT5G09580:1
carinata,Bca_B,Bca_C,B5,5,BcaB05g029300.3DH.1,BcaB05g029390.3DH.1,1.0,AT5G09230:1;AT5G09225:1;AT5G08750:2;AT5G08730:2;AT5G08710:2
carinata,Bca_B,Bca_C,B5,6,BcaB05g030240.3DH.1,BcaB05g030380.3DH.1,1.24,AT5G07520:2;AT5G07480:2;AT5G07420:2;AT5G07410:2;AT5G07400:2;AT5G07290:3
carinata,Bca_B,Bca_C,B5,6,BcaB05g030440.3DH.1,BcaB05g030500.3DH.1,0.32,AT5G07100:2;AT5G07070:2;AT5G07020:2;AT5G07000:2;AT5G06990:2;AT5G06960:3
carinata,Bca_B,Bca_C,B5,9,BcaB05g030640.3DH.1,BcaB05g030770.3DH.1,0.01,AT5G06670:1;AT5G06650:1;AT5G06620:1;AT5G06560:2;AT5G06530:2;AT5G06500:2;AT5G06490:2;AT5G06480:3;AT5G06370:3
carinata,Bca_B,Bca_C,B5,5,BcaB05g030930.3DH.1,BcaB05g031030.3DH.1,0.3,AT5G05830:2;AT5G05770:2;AT5G05680:3;AT5G05590:1;AT5G05580:1
carinata,Bca_B,Bca_C,B5,6,BcaB05g031730.3DH.1,BcaB05g031850.3DH.1,0.18,AT5G04347:3;AT5G04230:3;AT5G04200:3;AT5G04190:3;AT5G04180:3;AT5G04120:3
carinata,Bca_B,Bca_C,B5,6,BcaB05g031990.3DH.1,BcaB05g032160.3DH.1,1.21,AT5G03970:3;AT5G03960:3;AT5G03940:3;AT5G03905:3;AT5G03900:3;AT5G03860:3
carinata,Bca_B,Bca_C,B5,5,BcaB05g032570.3DH.1,BcaB05g032620.3DH.1,2.28,AT5G03540:3;AT5G03530:3;AT5G03470:3;AT5G03460:3;AT5G03450:3
carinata,Bca_B,Bca_C,B5,6,BcaB05g032780.3DH.1,BcaB05g032860.3DH.1,1.73,AT5G03320:3;AT5G03310:3;AT5G03260:3;AT5G03220:3;AT5G03200:3;AT5G03180:3
carinata,Bca_B,Bca_C,B5,9,BcaB05g033040.3DH.1,BcaB05g033250.3DH.1,0.8,AT5G02820:3;AT5G02810:3;AT5G02800:3;AT5G02780:3;AT5G02770:3;AT5G02750:3;AT5G02610:3;AT5G02600:3;AT5G02560:3
carinata,Bca_B,Bca_C,B5,5,BcaB05g037500.3DH.1,BcaB05g037600.3DH.1,0.01,AT5G55507:2;AT5G55520:2;AT5G55590:2;AT5G55610:2;AT5G55650:2
carinata,Bca_B,Bca_C,B5,8,BcaB05g038610.3DH.1,BcaB05g038840.3DH.1,0.25,AT5G56890:2;AT5G56930:2;AT5G56940:2;AT5G56960:2;AT5G56970:2;AT5G56980:2;AT5G57010:2;AT5G57070:2
carinata,Bca_B,Bca_C,B5,5,BcaB05g040840.3DH.1,BcaB05g040940.3DH.1,0.36,AT5G59230:2;AT5G59180:2;AT5G59150:3;AT5G59120:3;AT5G59070:1
carinata,Bca_B,Bca_C,B5,5,BcaB05g042360.3DH.1,BcaB05g042440.3DH.1,0.05,AT5G60090:2;AT5G60100:2;AT5G60140:2;AT5G60150:2;AT5G60170:2
carinata,Bca_B,Bca_C,B5,6,BcaB05g045340.3DH.1,BcaB05g045500.3DH.1,0.73,AT5G20330:2;AT5G20280:2;AT5G20250:2;AT5G20230:2;AT5G20200:2;AT5G20180:2
carinata,Bca_B,Bca_C,B5,8,BcaB05g045820.3DH.1,BcaB05g046020.3DH.1,0.1,AT5G19920:2;AT5G19910:2;AT5G19890:2;AT5G19880:2;AT5G19870:2;AT5G19860:2;AT5G19840:2;AT5G19800:2
carinata,Bca_B,Bca_C,B5,8,BcaB05g047860.3DH.1,BcaB05g048140.3DH.1,2.68,AT3G49360:3;AT3G49390:3;AT3G49400:3;AT3G49410:3;AT3G49430:3;AT3G49490:3;AT3G49500:3;AT3G49630:3
carinata,Bca_B,Bca_C,B5,75,BcaB05g048310.3DH.1,BcaB05g052880.3DH.1,0.65,AT3G48500:3;AT3G48510:3;AT3G48530:3;AT3G48540:3;AT3G48550:3;AT3G48560:3;AT3G48580:3;AT3G48610:3;AT3G48690:3;AT3G48700:3;AT3G48750:3;AT3G48780:3;AT3G48800:3;AT3G48810:3;AT3G48820:3;AT3G48860:3;AT3G48870:3;AT3G48880:3;AT3G48900:3;AT3G48930:3;AT3G49010:3;AT3G49100:3;AT3G49120:3;AT3G49140:3;AT3G49142:3;AT3G49160:3;AT3G49180:3;AT3G49200:3;AT3G49210:3;AT3G47830:3;AT3G47850:3;AT3G47870:3;AT3G47890:3;AT3G47910:3;AT3G47940:3;AT3G47960:3;AT3G47980:3;AT3G47990:3;AT3G48010:3;AT3G48070:3;AT3G48090:3;AT3G48100:3;AT3G48150:3;AT3G48160:3;AT3G48180:3;AT3G48195:3;AT3G48310:3;AT3G47610:3;AT3G47640:3;AT3G47650:3;AT3G47660:3;AT3G47670:3;AT3G47730:3;AT3G47740:3;AT5G17620:2;AT5G17610:2;AT5G17530:2;AT5G17523:2;AT5G17520:2;AT5G17510:2;AT5G17490:2;AT5G17480:2;AT5G17460:2;AT5G17450:2;AT5G17430:2;AT5G17400:2;AT5G17370:2;AT5G17340:2;AT5G17320:2;AT5G17970:2;AT5G17930:2;AT5G17890:2;AT5G17880:2;AT5G17860:2;AT5G17850:2
carinata,Bca_B,Bca_C,B5,5,BcaB05g053790.3DH.1,BcaB05g053920.3DH.1,0.5,AT5G18480:2;AT5G18475:2;AT5G18460:2;AT5G18440:2;AT5G18430:2
carinata,Bca_B,Bca_C,B5,10,BcaB05g054590.3DH.1,BcaB05g054890.3DH.1,0.5,AT5G19680:2;AT5G19650:2;AT5G19640:2;AT5G19610:2;AT5G19590:2;AT5G19580:2;AT5G19570:2;AT5G19550:2;AT5G19540:2;AT5G19530:2
carinata,Bca_B,Bca_C,B5,5,BcaB05g055150.3DH.1,BcaB05g055250.3DH.1,0.33,AT5G19240:2;AT5G19230:2;AT5G19210:2;AT5G19190:2;AT5G19151:2
carinata,Bca_B,Bca_C,B5,5,BcaB05g055330.3DH.1,BcaB05g055660.3DH.1,0.18,AT5G19130:2;AT5G19110:2;AT5G19100:2;AT4G11820:2;AT4G11970:2
carinata,Bca_B,Bca_C,B5,20,BcaB05g055690.3DH.1,BcaB05g056540.3DH.1,1.21,AT4G12050:2;AT4G12070:2;AT4G12080:2;AT4G12110:2;AT4G12250:2;AT4G12290:2;AT4G12340:2;AT4G12360:2;AT4G09970:2;AT4G10000:2;AT4G10010:2;AT4G10060:2;AT4G10080:2;AT4G10100:2;AT4G10120:2;AT4G10130:2;AT4G10140:2;AT4G10160:2;AT4G10270:2;AT4G10330:2
carinata,Bca_B,Bca_C,B5,8,BcaB05g056590.3DH.1,BcaB05g056890.3DH.1,2.63,AT4G10360:2;AT4G10390:2;AT4G10430:2;AT4G10440:2;AT4G10450:2;AT4G10470:2;AT4G10510:2;AT4G10550:2
carinata,Bca_B,Bca_C,B5,11,BcaB05g057910.3DH.1,BcaB05g058150.3DH.1,0.85,AT4G01550:3;AT5G51790:3;AT5G51780:3;AT5G51700:3;AT5G51690:3;AT5G51680:3;AT5G51670:3;AT5G51660:3;AT5G51640:3;AT5G51550:3;AT5G51520:3
carinata,Bca_B,Bca_C,B5,7,BcaB05g058210.3DH.1,BcaB05g058350.3DH.1,0.03,AT5G51460:3;AT5G51400:3;AT5G51330:3;AT5G51310:3;AT5G51270:3;AT5G51260:3;AT5G51220:3
carinata,Bca_B,Bca_C,B5,5,BcaB05g058640.3DH.1,BcaB05g058720.3DH.1,0.01,AT5G50800:2;AT5G50780:2;AT5G50770:2;AT5G50610:1;AT5G50600:1
carinata,Bca_B,Bca_C,B5,10,BcaB05g058860.3DH.1,BcaB05g059120.3DH.1,0.93,AT5G50360:2;AT5G49960:2;AT5G49920:2;AT5G49890:2;AT5G49820:2;AT5G49810:2;AT4G11030:2;AT4G11070:2;AT4G11080:2;AT4G11100:2
carinata,Bca_B,Bca_C,B5,6,BcaB05g059190.3DH.1,BcaB05g059550.3DH.1,0.0,AT4G11175:2;AT4G11210:2;AT4G11230:2;AT4G11280:2;AT4G11310:2;AT4G11320:2
carinata,Bca_B,Bca_C,B5,5,BcaB05g060710.3DH.1,BcaB05g060880.3DH.1,0.01,AT4G04580:2;AT4G04610:2;AT4G04620:2;AT4G04710:2;AT4G04740:2
carinata,Bca_B,Bca_C,B5,15,BcaB05g060950.3DH.1,BcaB05g061360.3DH.1,0.14,AT4G04770:2;AT4G04780:2;AT4G04900:2;AT4G04920:2;AT4G05150:2;AT4G05190:2;AT4G03220:3;AT4G03180:3;AT4G03120:3;AT4G03110:3;AT4G03100:3;AT4G03090:3;AT4G03080:3;AT4G03050:3;AT4G02860:3
carinata,Bca_B,Bca_C,B5,17,BcaB05g062600.3DH.1,BcaB05g062920.3DH.1,2.0,AT1G64940:1;AT1G64950:1;AT1G64970:1;AT1G64990:1;AT1G65010:1;AT1G65040:1;AT1G65070:1;AT1G65080:1;AT1G65090:1;AT1G65120:1;AT1G65130:1;AT1G65170:1;AT1G65200:1;AT1G65220:1;AT1G65230:1;AT1G65260:1;AT1G65270:1
carinata,Bca_B,Bca_C,B5,6,BcaB05g063110.3DH.1,BcaB05g063290.3DH.1,0.08,AT1G65510:1;AT1G65520:1;AT1G65560:1;AT1G65610:1;AT1G65620:1;AT1G65690:1
carinata,Bca_B,Bca_C,B5,5,BcaB05g063670.3DH.1,BcaB05g063800.3DH.1,0.47,AT1G66160:1;AT1G66170:1;AT1G66190:1;AT1G66200:1;AT1G66250:1
carinata,Bca_B,Bca_C,B5,10,BcaB05g064760.3DH.1,BcaB05g064930.3DH.1,1.78,AT1G67050:2;AT1G67060:2;AT1G67070:2;AT1G67080:2;AT1G67100:2;AT1G67110:2;AT1G67120:2;AT1G67180:2;AT1G67210:2;AT1G67220:2
carinata,Bca_B,Bca_C,B5,7,BcaB05g066880.3DH.1,BcaB05g067020.3DH.1,3.42,AT1G68585:2;AT1G68660:2;AT1G68720:2;AT1G68730:2;AT1G68760:2;AT1G68790:2;AT1G68795:2
carinata,Bca_B,Bca_C,B5,5,BcaB05g068900.3DH.1,BcaB05g069050.3DH.1,0.01,AT1G70220:1;AT1G70200:1;AT1G70190:1;AT1G70180:1;AT1G70120:2
carinata,Bca_B,Bca_C,B5,10,BcaB05g070800.3DH.1,BcaB05g071090.3DH.1,2.01,AT1G71390:1;AT1G71770:3;AT1G71800:3;AT1G71866:2;AT1G71870:2;AT1G71890:2;AT1G71900:2;AT1G71920:2;AT1G71930:2;AT1G71950:2
carinata,Bca_B,Bca_C,B5,7,BcaB05g072460.3DH.1,BcaB05g072590.3DH.1,0.35,AT1G73010:2;AT1G73040:2;AT1G73090:2;AT1G73120:2;AT1G73130:2;AT1G73140:2;AT1G73170:2
carinata,Bca_B,Bca_C,B5,5,BcaB05g075480.3DH.1,BcaB05g075540.3DH.1,1.29,AT1G76420:3;AT1G76490:3;AT1G76530:3;AT1G76570:3;AT1G76580:3
carinata,Bca_B,Bca_C,B5,6,BcaB05g075580.3DH.1,BcaB05g075680.3DH.1,0.01,AT1G76650:3;AT1G76690:3;AT1G76770:3;AT1G76780:3;AT1G76800:3;AT1G76820:3
carinata,Bca_B,Bca_C,B5,5,BcaB05g075750.3DH.1,BcaB05g075850.3DH.1,3.82,AT1G76900:3;AT1G76920:3;AT1G77100:3;AT1G77130:1;AT1G77140:1
carinata,Bca_B,Bca_C,B5,5,BcaB05g077630.3DH.1,BcaB05g077710.3DH.1,2.02,AT1G79250:2;AT1G79260:2;AT1G79320:2;AT1G79360:2;AT1G79400:2
carinata,Bca_B,Bca_C,B6,6,BcaB06g000580.3DH.1,BcaB06g000680.3DH.1,0.48,AT2G47990:1;AT2G48030:1;AT2G48070:1;AT2G48075:1;AT2G48080:1;AT2G48100:1
carinata,Bca_B,Bca_C,B6,11,BcaB06g001950.3DH.1,BcaB06g002190.3DH.1,0.62,AT4G38460:1;AT4G38400:1;AT4G38230:2;AT4G38220:2;AT4G38210:2;AT4G38190:2;AT2G41730:3;AT2G41720:2;AT2G41705:2;AT2G41670:2;AT2G41640:2
carinata,Bca_B,Bca_C,B6,6,BcaB06g002300.3DH.1,BcaB06g002360.3DH.1,1.59,AT2G41490:2;AT2G41475:2;AT2G41450:2;AT2G41420:2;AT2G41410:2;AT2G41370:2
carinata,Bca_B,Bca_C,B6,7,BcaB06g002530.3DH.1,BcaB06g002600.3DH.1,0.74,AT2G41070:2;AT2G41050:2;AT2G40990:2;AT2G40980:2;AT2G40970:2;AT2G40950:2;AT2G40935:2
carinata,Bca_B,Bca_C,B6,6,BcaB06g002950.3DH.1,BcaB06g003010.3DH.1,2.96,AT2G41730:1;AT2G41740:1;AT2G41750:1;AT2G41770:1;AT2G41790:1;AT2G41800:1
carinata,Bca_B,Bca_C,B6,9,BcaB06g003100.3DH.1,BcaB06g003240.3DH.1,0.38,AT2G41870:1;AT2G41930:1;AT2G41950:1;AT2G41960:1;AT2G42030:1;AT2G42070:1;AT2G42110:1;AT2G42130:1;AT2G42180:1
carinata,Bca_B,Bca_C,B6,8,BcaB06g003800.3DH.1,BcaB06g003880.3DH.1,0.47,AT2G42880:1;AT2G42890:1;AT2G42900:1;AT2G42910:1;AT2G42920:1;AT2G42960:1;AT2G42980:1;AT2G42990:1
carinata,Bca_B,Bca_C,B6,5,BcaB06g003970.3DH.1,BcaB06g004010.3DH.1,0.93,AT2G43090:1;AT2G43100:1;AT2G43110:1;AT2G43120:1;AT2G43130:1
carinata,Bca_B,Bca_C,B6,7,BcaB06g004640.3DH.1,BcaB06g004700.3DH.1,1.98,AT2G43770:1;AT2G43780:1;AT2G43790:1;AT2G43795:1;AT2G43800:1;AT2G43820:1;AT2G43840:1
carinata,Bca_B,Bca_C,B6,6,BcaB06g004810.3DH.1,BcaB06g004860.3DH.1,0.67,AT2G43970:1;AT2G43980:1;AT2G43990:1;AT2G44000:1;AT2G44010:1;AT2G44020:1
carinata,Bca_B,Bca_C,B6,6,BcaB06g004990.3DH.1,BcaB06g005160.3DH.1,0.9,AT2G44200:1;AT2G44220:1;AT2G44230:1;AT2G44250:1;AT2G44270:1;AT2G44300:1
carinata,Bca_B,Bca_C,B6,5,BcaB06g005380.3DH.1,BcaB06g005460.3DH.1,0.44,AT2G44500:1;AT2G44525:1;AT2G44560:1;AT2G44570:1;AT2G44580:1
carinata,Bca_B,Bca_C,B6,7,BcaB06g005490.3DH.1,BcaB06g005580.3DH.1,4.08,AT2G44620:1;AT2G44640:1;AT2G44660:1;AT2G44680:1;AT2G44690:1;AT2G44710:1;AT2G44730:1
carinata,Bca_B,Bca_C,B6,14,BcaB06g005810.3DH.1,BcaB06g006100.3DH.1,0.49,AT2G44980:1;AT2G45000:1;AT2G45010:1;AT2G45030:1;AT2G45040:1;AT2G45080:1;AT2G45110:1;AT2G45240:1;AT2G45260:1;AT2G45280:1;AT2G45290:1;AT2G45330:1;AT2G45350:1;AT2G45380:1
carinata,Bca_B,Bca_C,B6,9,BcaB06g006290.3DH.1,BcaB06g006410.3DH.1,1.61,AT2G45510:1;AT2G45540:1;AT2G45600:1;AT2G45610:1;AT2G45640:1;AT2G45650:1;AT2G45680:1;AT2G45690:1;AT2G45720:1
carinata,Bca_B,Bca_C,B6,22,BcaB06g012830.3DH.1,BcaB06g013480.3DH.1,0.26,AT1G56050:3;AT1G56030:3;AT1G55980:3;AT1G55970:3;AT1G55920:3;AT1G55900:3;AT1G55890:3;AT1G55870:3;AT1G55860:3;AT1G55850:3;AT1G55790:3;AT1G55770:3;AT1G55720:3;AT1G55680:3;AT1G55670:3;AT3G48790:2;AT3G48850:2;AT3G48890:2;AT3G49000:2;AT3G49030:2;AT3G49060:2;AT3G49100:2
carinata,Bca_B,Bca_C,B6,5,BcaB06g013560.3DH.1,BcaB06g013630.3DH.1,0.23,AT3G49250:2;AT3G49260:2;AT3G49310:2;AT3G49320:2;AT3G49370:2
carinata,Bca_B,Bca_C,B6,7,BcaB06g013660.3DH.1,BcaB06g013760.3DH.1,4.03,AT3G49450:2;AT3G49530:2;AT3G49540:2;AT3G49590:2;AT3G49600:2;AT3G49645:2;AT3G49650:2
carinata,Bca_B,Bca_C,B6,8,BcaB06g019990.3DH.1,BcaB06g020190.3DH.1,0.06,AT5G66210:3;AT5G66160:3;AT2G26670:1;AT2G26680:1;AT2G26690:1;AT2G26695:1;AT2G26710:1;AT2G26760:1
carinata,Bca_B,Bca_C,B6,9,BcaB06g022410.3DH.1,BcaB06g022520.3DH.1,0.85,AT2G29050:1;AT2G29065:1;AT2G29080:2;AT2G29090:2;AT2G29120:2;AT2G29130:2;AT2G29210:2;AT2G29250:2;AT2G29310:3
carinata,Bca_B,Bca_C,B6,5,BcaB06g025690.3DH.1,BcaB06g025780.3DH.1,0.78,AT2G32180:1;AT2G32600:1;AT2G32590:1;AT2G32580:1;AT2G32550:1
carinata,Bca_B,Bca_C,B6,12,BcaB06g025840.3DH.1,BcaB06g026100.3DH.1,0.46,AT2G32440:1;AT2G32430:1;AT2G32410:1;AT2G32350:1;AT2G32340:1;AT2G32290:1;AT2G32280:1;AT2G32260:1;AT2G32250:1;AT2G32240:1;AT2G32235:1;AT2G32230:1
carinata,Bca_B,Bca_C,B6,6,BcaB06g026800.3DH.1,BcaB06g027020.3DH.1,0.55,AT2G33190:2;AT2G33230:2;AT2G33240:2;AT2G33260:2;AT2G33310:2;AT2G33330:2
carinata,Bca_B,Bca_C,B6,6,BcaB06g027840.3DH.1,BcaB06g027990.3DH.1,1.87,AT2G34090:2;AT2G34100:2;AT2G34150:2;AT2G34160:2;AT2G34170:2;AT2G34190:2
carinata,Bca_B,Bca_C,B6,22,BcaB06g028100.3DH.1,BcaB06g028680.3DH.1,0.68,AT3G48710:2;AT3G48660:2;AT3G48520:2;AT3G48480:2;AT3G48470:2;AT3G48460:2;AT3G48450:2;AT3G48430:2;AT3G48420:2;AT3G48410:2;AT3G48330:2;AT3G48270:2;AT3G48260:2;AT3G48250:2;AT3G48210:2;AT3G48190:2;AT3G48180:2;AT3G48170:2;AT3G48150:2;AT3G48140:2;AT3G48070:2;AT3G48000:2
carinata,Bca_B,Bca_C,B6,6,BcaB06g028780.3DH.1,BcaB06g029110.3DH.1,4.64,AT3G47930:2;AT3G47890:2;AT3G47860:2;AT3G47833:2;AT3G47810:2;AT3G47740:2
carinata,Bca_B,Bca_C,B6,10,BcaB06g029160.3DH.1,BcaB06g029330.3DH.1,0.55,AT3G47550:2;AT3G47530:2;AT3G47480:2;AT3G47340:2;AT3G47180:2;AT3G47080:2;AT3G47070:2;AT3G46890:2;AT3G46840:2;AT3G46750:2
carinata,Bca_B,Bca_C,B6,24,BcaB06g029380.3DH.1,BcaB06g030720.3DH.1,0.04,AT3G46660:2;AT3G46630:2;AT3G46480:2;AT3G46450:2;AT3G46320:2;AT3G46310:2;AT3G46130:2;AT3G46110:2;AT3G46080:2;AT3G45780:2;AT3G45430:2;AT3G45410:2;AT3G44960:2;AT3G44910:2;AT3G44720:2;AT3G44560:2;AT3G44530:2;AT3G44460:2;AT3G44450:2;AT3G44350:2;AT3G44330:2;AT3G44110:2;AT1G50310:2;AT1G50360:2
carinata,Bca_B,Bca_C,B6,11,BcaB06g030900.3DH.1,BcaB06g031720.3DH.1,0.41,AT1G50510:2;AT1G52500:3;AT1G52510:3;AT1G52520:3;AT1G52530:3;AT1G52540:3;AT1G52565:3;AT1G52570:3;AT1G52580:3;AT1G52680:3;AT1G52720:3
carinata,Bca_B,Bca_C,B6,6,BcaB06g032010.3DH.1,BcaB06g032160.3DH.1,0.01,AT1G53035:2;AT1G53090:2;AT1G53140:2;AT1G53160:2;AT1G53170:2;AT1G53180:1
carinata,Bca_B,Bca_C,B6,5,BcaB06g032260.3DH.1,BcaB06g032310.3DH.1,0.17,AT1G53290:1;AT1G53310:1;AT1G53320:1;AT1G53330:1;AT1G53345:1
carinata,Bca_B,Bca_C,B6,10,BcaB06g033550.3DH.1,BcaB06g033870.3DH.1,1.1,AT1G55160:3;AT1G55170:3;AT1G55240:3;AT1G55265:2;AT1G55300:3;AT1G55325:3;AT1G55340:3;AT1G55365:3;AT1G55460:3;AT1G55480:3
carinata,Bca_B,Bca_C,B6,5,BcaB06g044050.3DH.1,BcaB06g044310.3DH.1,0.05,AT1G11900:2;AT1G12010:3;AT1G12020:3;AT1G12030:3;AT1G12050:3
carinata,Bca_B,Bca_C,B6,6,BcaB06g045190.3DH.1,BcaB06g045260.3DH.1,0.92,AT1G74260:2;AT1G74300:2;AT1G74310:2;AT1G74370:2;AT1G74400:2;AT1G74420:2
carinata,Bca_B,Bca_C,B6,8,BcaB06g045420.3DH.1,BcaB06g045570.3DH.1,1.69,AT1G74510:2;AT1G74550:2;AT1G74660:2;AT1G74680:2;AT1G74720:2;AT1G74750:2;AT1G74780:2;AT1G74820:2
carinata,Bca_B,Bca_C,B6,5,BcaB06g046430.3DH.1,BcaB06g046510.3DH.1,0.11,AT1G76200:2;AT1G76250:2;AT1G76310:2;AT1G76370:2;AT1G76405:2
carinata,Bca_B,Bca_C,B6,8,BcaB06g047440.3DH.1,BcaB06g047650.3DH.1,0.53,AT1G78170:3;AT1G78180:3;AT1G78210:3;AT1G78260:3;AT1G78290:3;AT1G78320:3;AT1G78360:3;AT1G78380:3
carinata,Bca_B,Bca_C,B6,6,BcaB06g047850.3DH.1,BcaB06g047930.3DH.1,2.04,AT1G78915:3;AT1G78922:3;AT1G78970:3;AT1G78990:3;AT1G79010:3;AT1G79030:3
carinata,Bca_B,Bca_C,B6,10,BcaB06g048250.3DH.1,BcaB06g048430.3DH.1,3.89,AT1G79560:3;AT1G79570:3;AT1G79580:3;AT1G79600:3;AT1G79610:3;AT1G79650:3;AT1G79670:3;AT1G79680:3;AT1G79690:3;AT1G79720:3
carinata,Bca_B,Bca_C,B6,7,BcaB06g049020.3DH.1,BcaB06g049110.3DH.1,0.88,AT1G80100:2;AT1G80080:2;AT1G80050:2;AT1G80010:2;AT1G80000:2;AT1G79970:2;AT1G79950:2
carinata,Bca_B,Bca_C,B6,19,BcaB06g049230.3DH.1,BcaB06g055510.3DH.1,2.46,AT1G79770:1;AT4G15215:3;AT4G15200:3;AT4G15180:3;AT4G15165:3;AT4G15160:3;AT4G15140:3;AT4G15130:3;AT4G15093:3;AT4G15090:3;AT4G15010:3;AT4G15000:3;AT4G14990:3;AT4G14965:3;AT4G14950:3;AT4G14910:3;AT4G14850:3;AT4G14840:3;AT4G14805:3
carinata,Bca_B,Bca_C,B6,6,BcaB06g062180.3DH.1,BcaB06g062250.3DH.1,1.0,AT3G55150:2;AT3G55140:2;AT3G55130:2;AT3G55100:2;AT3G55090:2;AT3G55050:2
carinata,Bca_B,Bca_C,B6,6,BcaB06g062330.3DH.1,BcaB06g062410.3DH.1,0.81,AT3G54790:2;AT3G54770:2;AT3G54760:2;AT3G54750:2;AT3G54720:2;AT3G54710:2
carinata,Bca_B,Bca_C,B6,11,BcaB06g063120.3DH.1,BcaB06g063280.3DH.1,0.39,AT3G53490:2;AT3G53400:1;AT3G53390:1;AT3G53380:1;AT3G53220:2;AT3G53140:2;AT3G53120:2;AT3G53110:2;AT3G53100:2;AT3G53090:2;AT3G53040:2
carinata,Bca_B,Bca_C,B6,6,BcaB06g063330.3DH.1,BcaB06g063400.3DH.1,0.5,AT3G52970:2;AT3G52905:2;AT3G52870:2;AT3G52840:2;AT3G52790:2;AT3G52770:2
carinata,Bca_B,Bca_C,B6,11,BcaB06g063430.3DH.1,BcaB06g063540.3DH.1,10.88,AT3G52730:2;AT3G52640:2;AT3G52600:2;AT3G52590:2;AT3G52561:2;AT3G52560:2;AT3G52520:2;AT3G52500:2;AT3G52490:2;AT3G52480:2;AT3G52470:2
carinata,Bca_B,Bca_C,B7,6,BcaB07g001430.3DH.1,BcaB07g001610.3DH.1,2.23,AT1G55140:1;AT1G55110:1;AT1G55080:1;AT1G54290:1;AT1G54280:1;AT1G54217:1
carinata,Bca_B,Bca_C,B7,26,BcaB07g002030.3DH.1,BcaB07g003110.3DH.1,2.39,AT1G53920:1;AT1G53910:1;AT1G53850:3;AT1G53750:3;AT1G53730:3;AT1G53710:3;AT1G53580:3;AT1G53470:3;AT1G53460:3;AT1G53380:3;AT1G53330:3;AT1G53320:3;AT1G53310:3;AT1G53300:3;AT1G53280:3;AT1G53270:3;AT1G53260:3;AT1G53250:3;AT1G53240:3;AT1G53230:3;AT1G53210:3;AT1G53190:3;AT1G53180:3;AT1G53100:3;AT1G53050:3;AT1G53040:3
carinata,Bca_B,Bca_C,B7,9,BcaB07g006040.3DH.1,BcaB07g006600.3DH.1,0.38,AT1G49650:2;AT1G49710:2;AT1G49750:2;AT1G49580:1;AT1G49570:1;AT1G49540:1;AT1G49475:1;AT1G49470:1;AT1G49450:1
carinata,Bca_B,Bca_C,B7,5,BcaB07g013250.3DH.1,BcaB07g014360.3DH.1,0.25,AT1G34320:3;AT1G33230:3;AT1G33050:3;AT1G33030:3;AT1G32710:3
carinata,Bca_B,Bca_C,B7,7,BcaB07g015570.3DH.1,BcaB07g015970.3DH.1,1.27,AT5G35790:3;AT5G35670:3;AT5G35660:1;AT5G35620:3;AT5G35475:1;AT5G35400:1;AT5G35390:1
carinata,Bca_B,Bca_C,B7,6,BcaB07g016760.3DH.1,BcaB07g016860.3DH.1,0.11,AT4G13990:2;AT4G14000:2;AT4G14020:2;AT4G14030:2;AT4G14040:2;AT4G14050:2
carinata,Bca_B,Bca_C,B7,11,BcaB07g017120.3DH.1,BcaB07g017490.3DH.1,0.39,AT1G31720:3;AT1G31710:3;AT1G31690:3;AT1G31650:3;AT1G31600:3;AT1G31500:3;AT1G31480:3;AT1G31440:3;AT1G31430:3;AT1G31360:3;AT1G31350:3
carinata,Bca_B,Bca_C,B7,8,BcaB07g017670.3DH.1,BcaB07g018200.3DH.1,1.45,AT1G31260:3;AT1G31170:3;AT1G31120:3;AT1G31070:3;AT1G30970:3;AT1G30950:3;AT1G30900:3;AT1G30890:3
carinata,Bca_B,Bca_C,B7,8,BcaB07g018300.3DH.1,BcaB07g018590.3DH.1,0.86,AT1G30810:3;AT1G30800:3;AT1G30560:3;AT4G14420:2;AT4G14440:2;AT4G14455:2;AT4G14480:2;AT4G14510:2
carinata,Bca_B,Bca_C,B7,6,BcaB07g024970.3DH.1,BcaB07g025030.3DH.1,2.17,AT3G12520:1;AT3G12530:1;AT3G12540:2;AT3G12580:1;AT3G12590:1;AT3G12610:1
carinata,Bca_B,Bca_C,B7,8,BcaB07g026180.3DH.1,BcaB07g026560.3DH.1,1.91,AT3G13640:1;AT3G13660:1;AT3G13662:1;AT3G13672:1;AT3G13690:3;AT3G13860:1;AT3G13870:2;AT3G13882:2
carinata,Bca_B,Bca_C,B7,6,BcaB07g027370.3DH.1,BcaB07g027430.3DH.1,3.49,AT3G14870:2;AT3G14890:2;AT3G14920:1;AT3G14930:2;AT3G14960:2;AT3G14990:2
carinata,Bca_B,Bca_C,B7,6,BcaB07g027620.3DH.1,BcaB07g027730.3DH.1,0.24,AT3G15353:2;AT3G15360:2;AT3G15370:2;AT3G15395:2;AT3G15400:3;AT3G15460:1
carinata,Bca_B,Bca_C,B7,5,BcaB07g031710.3DH.1,BcaB07g031790.3DH.1,0.14,AT3G21790:2;AT3G21800:2;AT3G21970:1;AT3G21990:1;AT3G22142:2
carinata,Bca_B,Bca_C,B7,6,BcaB07g031840.3DH.1,BcaB07g031980.3DH.1,0.23,AT3G22275:2;AT3G22290:2;AT3G22370:2;AT3G22480:2;AT3G22500:2;AT3G22540:2
carinata,Bca_B,Bca_C,B7,9,BcaB07g033070.3DH.1,BcaB07g033340.3DH.1,0.57,AT3G04740:2;AT3G04710:1;AT3G04680:1;AT3G04610:3;AT3G04600:3;AT3G04570:3;AT3G04560:1;AT3G04510:3;AT3G04490:2
carinata,Bca_B,Bca_C,B7,5,BcaB07g033560.3DH.1,BcaB07g033650.3DH.1,0.03,AT3G04310:2;AT3G04290:2;AT3G04280:2;AT3G04170:2;AT3G04160:2
carinata,Bca_B,Bca_C,B7,12,BcaB07g033750.3DH.1,BcaB07g033930.3DH.1,1.18,AT3G03780:2;AT3G03770:2;AT3G03710:2;AT3G03600:2;AT3G03570:2;AT3G03560:2;AT3G03490:2;AT3G03470:2;AT3G03350:2;AT3G03272:2;AT3G03160:2;AT3G03150:2
carinata,Bca_B,Bca_C,B7,9,BcaB07g034200.3DH.1,BcaB07g034400.3DH.1,0.52,AT3G02610:1;AT3G02600:1;AT3G02590:1;AT3G02560:1;AT3G02555:1;AT3G02550:1;AT3G02520:1;AT3G02500:2;AT3G02490:2
carinata,Bca_B,Bca_C,B7,6,BcaB07g034540.3DH.1,BcaB07g034620.3DH.1,2.29,AT3G02200:2;AT3G02180:2;AT3G02170:2;AT3G02160:2;AT3G02150:2;AT3G02140:2
carinata,Bca_B,Bca_C,B7,7,BcaB07g034880.3DH.1,BcaB07g034990.3DH.1,2.43,AT3G01260:1;AT3G01270:1;AT3G01280:1;AT3G01310:1;AT3G01400:1;AT3G01410:1;AT3G01510:1
carinata,Bca_B,Bca_C,B7,7,BcaB07g036120.3DH.1,BcaB07g036270.3DH.1,1.08,AT3G28580:3;AT3G28610:3;AT3G28670:3;AT3G28710:3;AT3G28740:3;AT3G28830:3;AT3G28857:3
carinata,Bca_B,Bca_C,B7,5,BcaB07g038400.3DH.1,BcaB07g038500.3DH.1,0.06,AT5G27930:1;AT5G27020:2;AT5G27000:2;AT5G26960:2;AT5G26940:2
carinata,Bca_B,Bca_C,B7,5,BcaB07g038610.3DH.1,BcaB07g038750.3DH.1,0.04,AT5G26770:2;AT5G26751:2;AT5G26749:2;AT5G26620:3;AT5G26670:2
carinata,Bca_B,Bca_C,B7,6,BcaB07g040610.3DH.1,BcaB07g040760.3DH.1,0.03,AT5G66440:3;AT5G66390:3;AT5G66260:1;AT5G66250:1;AT5G66230:1;AT5G66190:1
carinata,Bca_B,Bca_C,B7,6,BcaB07g041090.3DH.1,BcaB07g041190.3DH.1,0.66,AT1G55020:1;AT1G56230:1;AT1G56250:1;AT1G56260:1;AT1G56300:1;AT1G56320:1
carinata,Bca_B,Bca_C,B7,6,BcaB07g046420.3DH.1,BcaB07g046520.3DH.1,1.73,AT5G61780:3;AT5G61760:2;AT5G61670:2;AT5G61660:2;AT5G61590:2;AT5G61530:2
carinata,Bca_B,Bca_C,B7,7,BcaB07g049500.3DH.1,BcaB07g049630.3DH.1,0.01,AT3G20880:2;AT3G20860:2;AT3G20840:2;AT3G20820:2;AT3G20800:2;AT3G20770:3;AT3G20750:3
carinata,Bca_B,Bca_C,B7,9,BcaB07g050490.3DH.1,BcaB07g050590.3DH.1,0.75,AT3G19590:2;AT3G19570:2;AT3G19553:2;AT3G19550:2;AT3G19540:2;AT3G19510:2;AT3G19508:2;AT3G19500:2;AT3G19430:2
carinata,Bca_B,Bca_C,B7,8,BcaB07g050770.3DH.1,BcaB07g051000.3DH.1,2.4,AT3G19120:1;AT3G19040:2;AT3G18970:2;AT3G18900:3;AT3G18850:3;AT3G18830:3;AT3G18820:3;AT3G18810:3
carinata,Bca_B,Bca_C,B7,6,BcaB07g051070.3DH.1,BcaB07g051120.3DH.1,1.91,AT3G18750:3;AT3G18740:3;AT3G18715:3;AT3G18710:3;AT3G18690:3;AT3G18680:3
carinata,Bca_B,Bca_C,B7,5,BcaB07g051420.3DH.1,BcaB07g051460.3DH.1,2.49,AT3G18380:2;AT3G18360:2;AT3G18350:2;AT3G18295:2;AT3G18290:2
carinata,Bca_B,Bca_C,B7,6,BcaB07g052290.3DH.1,BcaB07g052450.3DH.1,0.01,AT3G17280:1;AT3G17220:1;AT3G17210:1;AT3G17180:1;AT3G17152:1;AT3G17140:1
carinata,Bca_B,Bca_C,B7,6,BcaB07g052730.3DH.1,BcaB07g052800.3DH.1,0.0,AT3G16710:1;AT3G16700:1;AT3G16690:1;AT3G16670:1;AT3G16660:1;AT3G16650:1
carinata,Bca_B,Bca_C,B7,5,BcaB07g053420.3DH.1,BcaB07g053460.3DH.1,0.41,AT3G15930:1;AT3G15920:1;AT3G15900:1;AT3G15890:1;AT3G15880:1
carinata,Bca_B,Bca_C,B7,5,BcaB07g054840.3DH.1,BcaB07g054900.3DH.1,2.32,AT3G14100:1;AT3G14075:1;AT3G14060:1;AT3G14020:1;AT3G14010:1
carinata,Bca_B,Bca_C,B7,8,BcaB07g057760.3DH.1,BcaB07g057890.3DH.1,0.11,AT3G10195:1;AT3G10160:1;AT3G10080:1;AT3G10030:2;AT3G09860:2;AT3G09850:2;AT3G09830:2;AT3G09820:2
carinata,Bca_B,Bca_C,B7,7,BcaB07g058260.3DH.1,BcaB07g058340.3DH.1,0.06,AT3G09085:2;AT3G09080:2;AT3G09050:2;AT3G09032:2;AT3G09020:2;AT3G09000:2;AT3G08980:2
carinata,Bca_B,Bca_C,B7,8,BcaB07g058380.3DH.1,BcaB07g058550.3DH.1,3.65,AT3G08870:2;AT3G08790:2;AT3G08760:2;AT3G08720:2;AT3G08680:2;AT3G08630:2;AT3G08550:2;AT3G08510:2
carinata,Bca_B,Bca_C,B7,8,BcaB07g058800.3DH.1,BcaB07g058900.3DH.1,3.62,AT3G07790:2;AT3G07780:2;AT3G07770:2;AT3G07750:2;AT3G07730:2;AT3G07670:2;AT3G07660:2;AT3G07620:2
carinata,Bca_B,Bca_C,B7,5,BcaB07g059010.3DH.1,BcaB07g061140.3DH.1,0.04,AT3G07350:2;AT3G07310:2;AT3G07290:2;AT3G07270:2;AT3G04550:2
carinata,Bca_B,Bca_C,B7,8,BcaB07g061950.3DH.1,BcaB07g062090.3DH.1,0.06,AT3G05920:2;AT3G05950:2;AT3G05975:2;AT3G05980:2;AT3G05990:2;AT3G06010:2;AT3G06180:3;AT3G06240:3
carinata,Bca_B,Bca_C,B8,5,BcaB08g000010.3DH.1,BcaB08g000070.3DH.1,0.89,AT5G03760:2;AT5G03730:2;AT5G03690:2;AT5G03670:2;AT5G03630:2
carinata,Bca_B,Bca_C,B8,6,BcaB08g000110.3DH.1,BcaB08g000190.3DH.1,1.96,AT5G03570:2;AT5G03560:2;AT5G03555:2;AT5G03550:2;AT5G03520:2;AT5G03455:2
carinata,Bca_B,Bca_C,B8,5,BcaB08g000230.3DH.1,BcaB08g000300.3DH.1,2.73,AT5G03370:2;AT5G03340:2;AT5G03300:2;AT5G03250:2;AT5G03230:2
carinata,Bca_B,Bca_C,B8,9,BcaB08g001400.3DH.1,BcaB08g001620.3DH.1,0.07,AT5G03880:2;AT5G03890:2;AT5G04045:2;AT5G04110:2;AT5G04140:2;AT5G04150:2;AT5G04160:2;AT5G04170:2;AT5G04250:2
carinata,Bca_B,Bca_C,B8,7,BcaB08g001820.3DH.1,BcaB08g001910.3DH.1,0.95,AT5G04670:1;AT5G04680:1;AT5G04730:1;AT5G04750:1;AT5G04760:1;AT5G04770:1;AT5G04780:1
carinata,Bca_B,Bca_C,B8,5,BcaB08g003410.3DH.1,BcaB08g003460.3DH.1,5.93,AT5G07850:1;AT5G07910:1;AT5G07920:1;AT5G07940:1;AT5G07980:2
carinata,Bca_B,Bca_C,B8,10,BcaB08g003630.3DH.1,BcaB08g003730.3DH.1,0.95,AT5G08305:1;AT5G08335:1;AT5G08340:1;AT5G08350:1;AT5G08370:1;AT5G08380:1;AT5G08390:1;AT5G08400:1;AT5G08410:1;AT5G08415:1
carinata,Bca_B,Bca_C,B8,5,BcaB08g005420.3DH.1,BcaB08g005610.3DH.1,1.16,AT5G12190:1;AT5G22010:1;AT5G22040:1;AT5G22050:1;AT5G22070:1
carinata,Bca_B,Bca_C,B8,6,BcaB08g008840.3DH.1,BcaB08g008930.3DH.1,0.73,AT5G57100:3;AT5G57080:3;AT5G57040:3;AT5G57035:3;AT5G57030:3;AT5G57020:3
carinata,Bca_B,Bca_C,B8,8,BcaB08g009080.3DH.1,BcaB08g009220.3DH.1,0.88,AT5G56850:3;AT5G56840:3;AT5G56810:3;AT5G56760:3;AT5G56750:3;AT5G56740:3;AT5G56680:3;AT5G56650:3
carinata,Bca_B,Bca_C,B8,6,BcaB08g009440.3DH.1,BcaB08g009520.3DH.1,4.03,AT5G56360:3;AT5G56350:3;AT5G56340:3;AT5G56310:3;AT5G56300:3;AT5G56270:3
carinata,Bca_B,Bca_C,B8,5,BcaB08g009580.3DH.1,BcaB08g009650.3DH.1,1.88,AT5G56170:3;AT5G56160:3;AT5G56140:3;AT5G55980:3;AT5G55970:3
carinata,Bca_B,Bca_C,B8,10,BcaB08g009880.3DH.1,BcaB08g010020.3DH.1,2.85,AT5G55630:3;AT5G55620:3;AT5G55600:3;AT5G55580:3;AT5G55550:3;AT5G55530:3;AT5G55510:3;AT5G55500:3;AT5G55490:3;AT5G55480:3
carinata,Bca_B,Bca_C,B8,8,BcaB08g012120.3DH.1,BcaB08g012240.3DH.1,0.47,AT5G52120:1;AT5G52110:1;AT5G52100:1;AT5G52070:1;AT5G52060:1;AT5G52050:1;AT5G52040:1;AT5G52010:1
carinata,Bca_B,Bca_C,B8,7,BcaB08g012560.3DH.1,BcaB08g012660.3DH.1,1.14,AT5G51370:1;AT5G51300:1;AT5G51290:1;AT5G51230:1;AT5G51160:1;AT5G51140:1;AT5G51130:1
carinata,Bca_B,Bca_C,B8,18,BcaB08g012750.3DH.1,BcaB08g013040.3DH.1,2.16,AT5G51060:1;AT5G51030:1;AT5G51020:1;AT5G51010:1;AT5G50970:1;AT5G50930:1;AT5G50920:1;AT5G50915:1;AT5G50900:1;AT5G50870:1;AT5G50860:1;AT5G50850:1;AT5G50840:1;AT5G50810:1;AT5G50790:1;AT5G50760:1;AT5G50740:1;AT5G50720:1
carinata,Bca_B,Bca_C,B8,11,BcaB08g013890.3DH.1,BcaB08g014010.3DH.1,0.24,AT2G31140:3;AT2G31150:3;AT2G31180:3;AT2G31220:3;AT2G31270:3;AT2G31350:3;AT2G31360:3;AT2G31370:3;AT2G31380:3;AT2G31390:3;AT2G31410:3
carinata,Bca_B,Bca_C,B8,22,BcaB08g014360.3DH.1,BcaB08g014860.3DH.1,0.41,AT2G31820:3;AT2G31880:3;AT2G31890:3;AT2G31900:3;AT2G31955:3;AT2G31970:3;AT2G31990:3;AT2G32000:3;AT2G32235:3;AT2G32240:3;AT2G32260:3;AT2G32280:3;AT2G32295:3;AT2G32340:3;AT2G32360:3;AT2G32400:3;AT2G32460:3;AT2G32500:3;AT2G32550:3;AT2G32600:3;AT2G32630:3;AT2G32640:3
carinata,Bca_B,Bca_C,B8,8,BcaB08g014950.3DH.1,BcaB08g015120.3DH.1,0.04,AT2G32750:2;AT2G32770:2;AT2G32790:2;AT2G32800:2;AT2G32820:3;AT2G33060:3;AT2G33050:3;AT2G33000:2
carinata,Bca_B,Bca_C,B8,5,BcaB08g015300.3DH.1,BcaB08g015370.3DH.1,0.0,AT2G32880:1;AT2G32850:3;AT2G32820:1;AT2G33050:2;AT2G33090:3
carinata,Bca_B,Bca_C,B8,6,BcaB08g015730.3DH.1,BcaB08g015810.3DH.1,2.25,AT2G33585:3;AT2G33620:3;AT2G33630:3;AT2G33690:3;AT2G33710:3;AT2G33720:3
carinata,Bca_B,Bca_C,B8,5,BcaB08g016370.3DH.1,BcaB08g016420.3DH.1,3.45,AT2G34670:3;AT2G34680:3;AT2G34690:3;AT2G34730:3;AT2G34740:3
carinata,Bca_B,Bca_C,B8,17,BcaB08g016890.3DH.1,BcaB08g017260.3DH.1,1.38,AT2G35650:3;AT2G35658:3;AT2G35690:3;AT2G35760:3;AT2G35765:3;AT2G35790:3;AT2G35795:3;AT2G35800:3;AT2G35840:3;AT2G35850:3;AT2G35860:3;AT2G35880:3;AT2G35910:3;AT2G35920:3;AT2G35940:3;AT2G35980:3;AT2G35990:3
carinata,Bca_B,Bca_C,B8,5,BcaB08g017290.3DH.1,BcaB08g017360.3DH.1,0.0,AT2G36100:3;AT2G36120:3;AT2G36160:3;AT2G36190:3;AT2G36200:3
carinata,Bca_B,Bca_C,B8,6,BcaB08g018630.3DH.1,BcaB08g018680.3DH.1,0.04,AT2G37760:3;AT2G37770:3;AT2G37780:3;AT2G37790:3;AT2G37810:3;AT2G37820:3
carinata,Bca_B,Bca_C,B8,6,BcaB08g020310.3DH.1,BcaB08g020400.3DH.1,2.48,AT2G39760:3;AT2G39770:3;AT2G39805:3;AT2G39830:3;AT2G39840:3;AT2G39900:3
carinata,Bca_B,Bca_C,B8,5,BcaB08g020430.3DH.1,BcaB08g020550.3DH.1,4.4,AT2G39950:3;AT2G39990:3;AT2G40010:3;AT2G40020:3;AT2G40030:3
carinata,Bca_B,Bca_C,B8,6,BcaB08g020660.3DH.1,BcaB08g020740.3DH.1,0.02,AT2G40130:3;AT2G40140:3;AT2G40160:3;AT2G40170:3;AT2G40190:3;AT2G40200:3
carinata,Bca_B,Bca_C,B8,61,BcaB08g020890.3DH.1,BcaB08g021890.3DH.1,0.18,AT2G40450:3;AT2G40460:3;AT2G40470:3;AT2G40475:3;AT2G40480:3;AT2G40490:3;AT2G40530:3;AT2G40590:3;AT2G40610:3;AT2G40620:3;AT2G40630:3;AT2G40640:3;AT2G40650:3;AT2G40670:3;AT2G40720:3;AT2G40730:3;AT2G40740:3;AT2G40750:3;AT2G40760:3;AT2G40780:3;AT2G40815:3;AT2G40830:3;AT2G40850:3;AT2G40860:3;AT2G40880:3;AT2G40890:3;AT2G40900:3;AT2G40920:3;AT2G40925:3;AT2G41070:3;AT2G41080:3;AT2G41110:3;AT2G41130:3;AT2G41140:3;AT2G41180:3;AT2G41190:3;AT2G41200:3;AT2G41210:3;AT2G41220:3;AT2G41225:3;AT2G41280:3;AT2G41290:3;AT2G41300:3;AT2G41310:3;AT2G41330:3;AT2G41342:3;AT2G41350:3;AT2G41420:3;AT2G41430:3;AT2G41460:3;AT2G41480:3;AT2G41490:3;AT2G41510:3;AT2G41530:3;AT2G41540:3;AT2G41630:3;AT2G41660:3;AT2G41680:3;AT2G41690:3;AT2G41700:3;AT2G41710:3
carinata,Bca_B,Bca_C,B8,25,BcaB08g021960.3DH.1,BcaB08g022340.3DH.1,1.28,AT2G41840:3;AT2G41900:3;AT2G41940:3;AT2G41945:3;AT2G41960:3;AT2G41970:3;AT2G41980:3;AT2G42030:3;AT2G42040:3;AT2G42060:3;AT2G42070:3;AT2G42240:3;AT2G42260:3;AT2G42380:3;AT2G42430:3;AT2G42470:3;AT2G42490:3;AT2G42500:3;AT2G42520:3;AT2G42530:3;AT2G42540:3;AT2G42560:3;AT2G42580:3;AT2G42590:3;AT2G42610:3
carinata,Bca_B,Bca_C,B8,142,BcaB08g022390.3DH.1,BcaB08g025030.3DH.1,0.58,AT2G42700:3;AT2G42860:3;AT2G42880:3;AT2G42890:3;AT2G42910:3;AT2G42940:3;AT2G43010:3;AT2G43020:3;AT2G43030:3;AT2G43040:3;AT2G43090:3;AT2G43100:3;AT2G43110:3;AT2G43120:3;AT2G43130:3;AT2G43140:3;AT2G43150:3;AT2G43160:3;AT2G43180:3;AT2G43200:3;AT2G43235:3;AT2G43240:3;AT2G43250:3;AT2G43290:3;AT2G43320:3;AT2G43330:3;AT2G43340:3;AT2G43350:3;AT2G43360:3;AT2G43370:3;AT2G43430:3;AT2G43460:3;AT2G43470:3;AT2G43500:3;AT2G43520:3;AT2G43570:3;AT2G43580:3;AT2G43590:3;AT2G43600:3;AT2G43610:3;AT2G43620:3;AT2G43640:3;AT2G43650:3;AT2G43680:3;AT2G43690:3;AT2G43700:3;AT2G43710:3;AT2G43730:3;AT2G43740:3;AT2G43780:3;AT2G43790:3;AT2G43800:3;AT2G43820:3;AT2G43840:3;AT2G43870:3;AT2G43900:3;AT2G43945:3;AT2G43950:3;AT2G43970:3;AT2G44000:3;AT2G44010:3;AT2G44020:3;AT2G44040:3;AT2G44050:3;AT2G44060:3;AT2G44065:3;AT2G44080:3;AT2G44120:3;AT2G44130:3;AT2G44150:3;AT2G44160:3;AT2G44180:3;AT2G44190:3;AT2G44200:3;AT2G44260:3;AT2G44310:3;AT2G44330:3;AT2G44340:3;AT2G44350:3;AT2G44370:3;AT2G44380:3;AT2G44440:3;AT2G44510:3;AT2G44540:3;AT2G44570:3;AT2G44610:3;AT2G44620:3;AT2G44640:3;AT2G44670:3;AT2G44680:3;AT2G44730:3;AT2G44740:3;AT2G44745:3;AT2G44770:3;AT2G44790:3;AT2G44830:3;AT2G44880:3;AT2G44900:3;AT2G44940:3;AT2G45060:3;AT2G45070:3;AT2G45080:3;AT2G45120:3;AT2G45130:3;AT2G45140:3;AT2G45150:3;AT2G45160:3;AT2G45170:3;AT2G45180:3;AT2G45190:3;AT2G45200:3;AT2G45210:3;AT2G45220:3;AT2G45260:3;AT2G45300:3;AT2G45310:3;AT2G45320:3;AT2G45510:3;AT2G45650:3;AT2G45660:3;AT2G45670:3;AT2G45680:3;AT2G45690:3;AT2G45695:3;AT2G45710:3;AT2G45720:3;AT2G45730:3;AT2G45740:3;AT2G45760:3;AT2G45790:3;AT2G45800:3;AT2G45890:3;AT2G45930:3;AT2G45940:3;AT2G45950:3;AT2G45960:3;AT2G46000:3;AT2G46020:3;AT2G46030:3;AT2G46070:3;AT2G46220:2;AT2G46225:2
carinata,Bca_B,Bca_C,B8,5,BcaB08g025340.3DH.1,BcaB08g025430.3DH.1,0.01,AT2G46630:3;AT2G46640:3;AT2G46860:3;AT2G46940:3;AT2G46970:3
carinata,Bca_B,Bca_C,B8,7,BcaB08g026430.3DH.1,BcaB08g026520.3DH.1,0.02,AT2G28690:2;AT2G28660:3;AT2G28625:3;AT2G28610:3;AT2G28605:3;AT2G28590:3;AT2G28550:3
carinata,Bca_B,Bca_C,B8,8,BcaB08g026570.3DH.1,BcaB08g026880.3DH.1,1.35,AT2G28480:3;AT2G28470:3;AT2G28210:3;AT2G28105:3;AT2G27900:3;AT2G27710:3;AT2G27610:3;AT2G27580:3
carinata,Bca_B,Bca_C,B8,15,BcaB08g026930.3DH.1,BcaB08g027230.3DH.1,0.33,AT2G27500:3;AT2G27490:3;AT2G27480:3;AT2G27470:3;AT2G27430:3;AT2G27389:3;AT2G27370:3;AT2G27350:3;AT2G27330:3;AT2G27310:3;AT2G27290:3;AT2G27230:3;AT2G26180:2;AT2G26170:2;AT2G26150:2
carinata,Bca_B,Bca_C,B8,16,BcaB08g028870.3DH.1,BcaB08g029410.3DH.1,1.7,AT5G50750:3;AT5G50760:3;AT4G08150:1;AT4G08180:1;AT4G08210:1;AT4G08230:1;AT4G08240:1;AT4G08350:1;AT4G08455:1;AT4G08460:1;AT4G08500:1;AT4G08510:1;AT4G08540:1;AT4G08555:1;AT4G08685:1;AT4G08690:1
carinata,Bca_B,Bca_C,B8,21,BcaB08g029860.3DH.1,BcaB08g030290.3DH.1,1.89,AT4G09130:1;AT4G09140:1;AT4G09160:1;AT4G09170:1;AT4G09310:1;AT4G09340:1;AT4G09460:1;AT4G09510:1;AT4G09530:1;AT4G09560:1;AT4G09570:1;AT4G09600:1;AT4G09620:1;AT4G09650:1;AT4G09670:1;AT4G09720:1;AT4G09730:1;AT4G09800:1;AT4G09810:1;AT4G10020:1;AT4G10030:1
carinata,Bca_B,Bca_C,B8,7,BcaB08g030340.3DH.1,BcaB08g030420.3DH.1,0.45,AT4G10170:1;AT4G10180:1;AT4G10250:1;AT4G10260:1;AT4G10280:1;AT4G10290:1;AT4G10300:1
carinata,Bca_B,Bca_C,B8,5,BcaB08g030770.3DH.1,BcaB08g030920.3DH.1,5.45,AT4G10840:1;AT4G10920:1;AT4G10930:1;AT4G10970:1;AT4G11050:1
carinata,Bca_B,Bca_C,B8,9,BcaB08g032970.3DH.1,BcaB08g033350.3DH.1,0.66,AT4G03820:2;AT4G03960:2;AT4G04040:2;AT4G04080:2;AT4G04090:2;AT4G04180:2;AT4G04190:2;AT4G04330:2;AT4G04370:2
carinata,Bca_B,Bca_C,B8,16,BcaB08g033960.3DH.1,BcaB08g034390.3DH.1,1.57,AT4G05475:3;AT4G05460:3;AT4G05420:3;AT4G05410:3;AT4G05330:3;AT4G05320:3;AT4G05170:3;AT4G05070:3;AT4G05030:3;AT4G05010:3;AT4G04950:3;AT4G04940:3;AT4G04910:3;AT4G04890:3;AT4G04745:3;AT4G04670:3
carinata,Bca_B,Bca_C,B8,12,BcaB08g036040.3DH.1,BcaB08g036320.3DH.1,1.63,AT4G01790:1;AT4G01800:1;AT4G01870:1;AT4G01880:1;AT4G01890:1;AT4G01895:1;AT4G01897:1;AT4G01900:1;AT4G01940:1;AT4G01990:1;AT4G01995:1;AT4G02010:1
carinata,Bca_B,Bca_C,B8,11,BcaB08g037560.3DH.1,BcaB08g038480.3DH.1,0.54,AT4G01750:2;AT4G01510:2;AT4G01500:2;AT4G01480:2;AT4G01470:2;AT4G01460:2;AT4G01440:2;AT4G01390:3;AT4G01037:2;AT4G00780:1;AT4G00755:1
carinata,Bca_B,Bca_C,B8,10,BcaB08g040130.3DH.1,BcaB08g041760.3DH.1,0.14,AT4G00752:2;AT4G00770:2;AT4G05430:1;AT4G05440:1;AT4G05450:1;AT4G05460:1;AT4G05470:1;AT4G05475:1;AT4G05490:1;AT4G05497:1
carinata,Bca_B,Bca_C,B8,12,BcaB08g044880.3DH.1,BcaB08g050970.3DH.1,1.05,AT4G09100:3;AT4G09060:3;AT4G09040:3;AT4G09012:3;AT4G08980:3;AT4G08940:3;AT4G08920:3;AT3G43540:2;AT3G43590:2;AT3G43600:2;AT3G43800:2;AT3G43860:2
carinata,Bca_B,Bca_C,B8,8,BcaB08g051500.3DH.1,BcaB08g051880.3DH.1,0.98,AT3G44190:1;AT3G44200:1;AT3G44220:1;AT3G44260:1;AT3G44320:1;AT3G44330:1;AT3G44340:1;AT3G44350:1
carinata,Bca_B,Bca_C,B8,7,BcaB08g052280.3DH.1,BcaB08g052620.3DH.1,0.42,AT3G44680:1;AT3G44716:1;AT3G44718:1;AT3G44920:1;AT3G44990:1;AT3G45010:1;AT3G45020:1
carinata,Bca_B,Bca_C,B8,6,BcaB08g062060.3DH.1,BcaB08g062330.3DH.1,0.76,AT3G52250:2;AT3G52270:2;AT3G52320:2;AT3G52330:2;AT3G52440:2;AT3G52460:2
carinata,Bca_B,Bca_C,B8,9,BcaB08g062880.3DH.1,BcaB08g063020.3DH.1,0.33,AT3G52960:1;AT3G53000:1;AT3G53010:1;AT3G53030:1;AT3G53120:1;AT3G53140:1;AT3G53150:1;AT3G53160:1;AT3G53170:1
carinata,Bca_B,Bca_C,B8,7,BcaB08g063630.3DH.1,BcaB08g063780.3DH.1,0.56,AT3G53760:1;AT3G53780:1;AT3G53800:1;AT3G53810:1;AT3G53820:1;AT3G53840:1;AT3G53880:1
carinata,Bca_B,Bca_C,B8,7,BcaB08g063880.3DH.1,BcaB08g064030.3DH.1,1.75,AT3G54085:1;AT3G54090:1;AT3G54100:1;AT3G54130:1;AT3G54140:1;AT3G54150:1;AT3G54190:1
carinata,Bca_B,Bca_C,B8,20,BcaB08g064060.3DH.1,BcaB08g064370.3DH.1,2.09,AT3G54220:1;AT3G54230:1;AT3G54250:1;AT3G54270:1;AT3G54280:1;AT3G54290:1;AT3G54310:1;AT3G54340:1;AT3G54390:1;AT3G54400:1;AT3G54420:1;AT3G54430:1;AT3G54440:1;AT3G54450:1;AT3G54480:1;AT3G54510:1;AT3G54520:1;AT3G54530:1;AT3G54540:1;AT3G54610:1
carinata,Bca_B,Bca_C,B8,5,BcaB08g064400.3DH.1,BcaB08g064460.3DH.1,5.92,AT3G54640:1;AT3G54650:1;AT3G54660:1;AT3G54670:1;AT3G54700:1
carinata,Bca_B,Bca_C,B8,20,BcaB08g064570.3DH.1,BcaB08g064850.3DH.1,1.37,AT3G54820:1;AT3G54826:1;AT3G54830:1;AT3G54850:1;AT3G54860:1;AT3G54880:1;AT3G54890:1;AT3G54900:1;AT3G54920:1;AT3G54930:1;AT3G54940:1;AT3G54950:1;AT3G54960:1;AT3G54970:1;AT3G54980:1;AT3G54990:1;AT3G55005:1;AT3G55010:1;AT3G55020:1;AT3G55040:1
carinata,Bca_B,Bca_C,Scaffold00026,6,BcaS00026g2070.3DH.1,BcaS00026g2130.3DH.1,1.04,AT5G14620:3;AT5G14610:3;AT5G14602:3;AT5G14570:3;AT5G14540:1;AT5G14530:1
carinata,Bca_B,Bca_C,Scaffold00026,29,BcaS00026g2450.3DH.1,BcaS00026g3220.3DH.1,1.01,AT5G14280:3;AT5G14260:3;AT5G14200:3;AT5G14130:3;AT5G13940:3;AT5G13860:3;AT5G13825:3;AT5G13780:3;AT5G13770:3;AT5G13760:3;AT5G13730:3;AT5G13720:3;AT5G13690:3;AT5G13680:3;AT5G13650:3;AT5G13640:3;AT5G13600:3;AT5G13590:3;AT5G13580:3;AT5G13520:3;AT5G13470:3;AT5G13410:3;AT5G13400:3;AT5G13390:3;AT5G13370:3;AT5G13280:3;AT5G13240:3;AT5G13200:3;AT5G13190:3
carinata,Bca_B,Bca_C,Scaffold00026,6,BcaS00026g3940.3DH.1,BcaS00026g4010.3DH.1,1.94,AT5G11640:3;AT5G11630:3;AT5G11620:3;AT5G11600:3;AT5G11590:3;AT5G11580:3
carinata,Bca_B,Bca_C,Scaffold00095,12,BcaS00095g0340.3DH.1,BcaS00095g0560.3DH.1,1.93,AT3G26000:3;AT3G25980:3;AT3G25920:3;AT3G25882:3;AT3G25860:3;AT3G25840:3;AT3G25805:3;AT3G25800:3;AT3G25790:3;AT3G25780:3;AT3G25770:3;AT2G04020:3
carinata,Bca_B,Bca_C,Scaffold00095,5,BcaS00095g0830.3DH.1,BcaS00095g0890.3DH.1,0.84,AT2G03430:2;AT2G03420:2;AT2G03410:2;AT2G03370:2;AT2G03310:2
carinata,Bca_B,Bca_C,Scaffold00095,5,BcaS00095g3750.3DH.1,BcaS00095g3890.3DH.1,0.09,AT5G44950:3;AT5G44900:3;AT5G44820:3;AT5G44800:3;AT4G20080:2
carinata,Bca_B,Bca_C,Scaffold00098,65,BcaS00098g3680.3DH.1,BcaS00098g4410.3DH.1,0.79,AT5G14370:3;AT5G14360:3;AT5G14340:3;AT5G14330:3;AT5G14320:3;AT5G14310:3;AT5G14250:3;AT5G14240:3;AT5G14230:3;AT5G14210:3;AT5G14150:3;AT5G14140:3;AT5G14120:3;AT5G14105:3;AT5G14090:3;AT5G14070:3;AT5G14060:3;AT5G14050:3;AT5G14040:3;AT5G14030:3;AT5G14020:3;AT5G14010:3;AT5G14000:3;AT5G13990:3;AT5G13980:3;AT5G13960:3;AT5G13950:3;AT5G13930:3;AT5G13920:3;AT5G13910:3;AT5G13880:3;AT5G13870:3;AT5G13840:3;AT5G13820:3;AT5G13810:3;AT5G13800:3;AT5G13790:3;AT5G13750:3;AT5G13740:3;AT5G13710:3;AT5G13700:3;AT5G13670:3;AT5G13660:3;AT5G13630:3;AT5G13620:3;AT5G13570:3;AT5G13560:3;AT5G13550:3;AT5G13530:3;AT5G13510:3;AT5G13500:3;AT5G13490:3;AT5G13480:3;AT5G13460:3;AT5G13450:3;AT5G13440:3;AT5G13430:3;AT5G13420:3;AT5G13380:3;AT5G13330:3;AT5G13320:3;AT5G13300:3;AT5G13290:3;AT5G13250:3;AT5G13220:3
carinata,Bca_B,Bca_C,Scaffold00147,20,BcaS00147g1140.3DH.1,BcaS00147g1690.3DH.1,1.22,AT5G42810:2;AT5G42800:2;AT5G42785:2;AT5G42780:2;AT5G42765:2;AT5G42740:2;AT5G42710:2;AT5G42690:2;AT5G42680:2;AT5G42670:2;AT5G42410:2;AT5G42400:2;AT5G42390:2;AT5G42380:2;AT5G42370:2;AT5G42360:2;AT5G42340:2;AT5G42320:2;AT1G54490:2;AT1G54530:2
carinata,Bca_B,Bca_C,Scaffold00147,8,BcaS00147g1990.3DH.1,BcaS00147g2090.3DH.1,3.61,AT1G56290:3;AT1G56310:3;AT1G56330:3;AT1G56340:3;AT1G56423:3;AT1G56450:3;AT1G56500:3;AT1G56570:3
carinata,Bca_B,Bca_C,Scaffold00147,5,BcaS00147g2710.3DH.1,BcaS00147g2770.3DH.1,0.0,AT1G58725:3;AT1G58983:3;AT1G59359:3;AT1G59510:3;AT1G59530:3
carinata,Bca_B,Bca_C,Scaffold00149,28,BcaS00149g0010.3DH.1,BcaS00149g0480.3DH.1,1.15,AT3G52740:3;AT3G52750:3;AT3G52780:3;AT3G52800:3;AT3G52820:3;AT3G52850:3;AT3G52860:3;AT3G52880:3;AT3G52890:3;AT3G52910:3;AT3G52920:3;AT3G52930:3;AT3G52950:3;AT3G52960:3;AT3G52990:3;AT3G53000:3;AT3G53010:3;AT3G53020:3;AT3G53030:3;AT3G53150:3;AT3G53160:3;AT3G53170:3;AT3G53180:3;AT3G53190:3;AT3G53200:3;AT3G53230:3;AT3G53235:3;AT3G53250:3
carinata,Bca_B,Bca_C,Scaffold00149,72,BcaS00149g1030.3DH.1,BcaS00149g2090.3DH.1,1.79,AT3G53560:3;AT3G53570:3;AT3G53580:3;AT3G53590:3;AT3G53620:3;AT3G53630:3;AT3G53650:3;AT3G53670:3;AT3G53710:3;AT3G53720:3;AT3G53730:3;AT3G53740:3;AT3G53750:3;AT3G53760:3;AT3G53780:3;AT3G53800:3;AT3G53810:3;AT3G53820:3;AT3G53840:3;AT3G53850:3;AT3G53880:3;AT3G53890:3;AT3G53900:3;AT3G53960:3;AT3G53970:3;AT3G53990:3;AT3G54000:3;AT3G54040:3;AT3G54050:3;AT3G54085:3;AT3G54090:3;AT3G54100:3;AT3G54110:3;AT3G54120:3;AT3G54130:3;AT3G54140:3;AT3G54150:3;AT3G54170:3;AT3G54190:3;AT3G54200:3;AT3G54210:3;AT3G54220:3;AT3G54230:3;AT3G54250:3;AT3G54270:3;AT3G54280:3;AT3G54290:3;AT3G54300:3;AT3G54310:3;AT3G54320:3;AT3G54340:3;AT3G54360:3;AT3G54390:3;AT3G54400:3;AT3G54420:3;AT3G54430:3;AT3G54450:3;AT3G54480:3;AT3G54500:3;AT3G54510:3;AT3G54520:3;AT3G54540:3;AT3G54560:3;AT3G54620:3;AT3G54630:3;AT3G54640:3;AT3G54650:3;AT3G54660:3;AT3G54670:3;AT3G54680:3;AT3G54690:3;AT3G54700:3
carinata,Bca_B,Bca_C,Scaffold00362,5,BcaS00362g0320.3DH.1,BcaS00362g0490.3DH.1,1.0,AT1G50960:2;AT1G51060:2;AT1G51070:2;AT1G51130:2;AT1G51140:2
carinata,Bca_B,Bca_C,Scaffold00512,6,BcaS00512g0070.3DH.1,BcaS00512g0220.3DH.1,1.0,AT3G44170:3;AT3G44160:3;AT3G44150:3;AT3G44100:3;AT3G44050:3;AT3G44020:3
carinata,Bca_B,Bca_C,Scaffold00607,8,BcaS00607g0030.3DH.1,BcaS00607g0250.3DH.1,1.0,AT5G38100:3;AT5G38070:3;AT5G38060:3;AT5G37930:3;AT5G37830:3;AT5G37810:3;AT5G37790:3;AT5G37740:3
carinata,Bca_B,Bca_C,Scaffold00912,24,BcaS00912g0120.3DH.1,BcaS00912g0380.3DH.1,1.2,AT3G52070:3;AT3G52080:3;AT3G52090:3;AT3G52100:3;AT3G52105:3;AT3G52110:3;AT3G52115:3;AT3G52140:3;AT3G52150:3;AT3G52170:3;AT3G52180:3;AT3G52190:3;AT3G52200:3;AT3G52290:3;AT3G52300:3;AT3G52310:3;AT3G52340:3;AT3G52360:3;AT3G52370:3;AT3G52380:3;AT3G52390:3;AT3G52400:3;AT3G52430:3;AT3G52450:3
carinata,Bca_B,Bca_C,Scaffold01222,6,BcaS01222g0020.3DH.1,BcaS01222g0130.3DH.1,1.0,AT3G17460:2;AT3G17450:2;AT3G17430:2;AT3G17420:2;AT3G17390:3;AT3G17365:3
carinata,Bca_C,Bca_B,C1,8,BcaC01g000310.3DH.1,BcaC01g000450.3DH.1,1.91,AT4G38950:2;AT4G39130:2;AT4G39150:2;AT4G39250:2;AT4G39320:2;AT4G39340:2;AT4G39350:2;AT4G39390:2
carinata,Bca_C,Bca_B,C1,9,BcaC01g000480.3DH.1,BcaC01g000680.3DH.1,0.61,AT4G39420:2;AT4G39520:2;AT4G39540:2;AT4G39550:2;AT4G39570:2;AT4G39580:2;AT4G39590:2;AT4G39620:2;AT4G39650:2
carinata,Bca_C,Bca_B,C1,11,BcaC01g000970.3DH.1,BcaC01g001130.3DH.1,1.27,AT4G39952:2;AT4G39960:2;AT4G39980:2;AT4G39990:2;AT4G40000:2;AT4G40010:2;AT4G40020:2;AT4G40040:2;AT4G40042:2;AT4G40045:2;AT4G40050:2
carinata,Bca_C,Bca_B,C1,16,BcaC01g001790.3DH.1,BcaC01g002010.3DH.1,0.02,AT4G37430:1;AT4G37420:1;AT4G37410:1;AT4G37400:1;AT4G37390:1;AT4G37330:1;AT4G37320:1;AT4G37310:1;AT4G37300:1;AT4G37295:1;AT4G37290:1;AT4G37280:1;AT4G37270:1;AT4G37260:1;AT4G37250:1;AT4G36890:1
carinata,Bca_C,Bca_B,C1,10,BcaC01g010610.3DH.1,BcaC01g010850.3DH.1,2.3,AT4G29450:1;AT4G29440:1;AT4G29430:1;AT4G29420:1;AT4G29400:1;AT4G29390:1;AT4G29380:1;AT4G29340:1;AT4G29310:1;AT4G29260:1
carinata,Bca_C,Bca_B,C1,6,BcaC01g032110.3DH.1,BcaC01g032210.3DH.1,0.07,AT3G51490:2;AT3G51470:2;AT3G51460:2;AT3G51430:1;AT3G51420:2;AT3G51390:2
carinata,Bca_C,Bca_B,C1,20,BcaC01g032730.3DH.1,BcaC01g034730.3DH.1,0.86,AT3G51040:3;AT3G51000:3;AT3G50960:3;AT3G44730:1;AT3G44820:1;AT3G44880:1;AT3G44890:1;AT3G44900:1;AT3G44910:1;AT3G44940:1;AT3G45040:1;AT3G45050:1;AT3G45060:2;AT3G45190:2;AT3G45260:2;AT3G45600:2;AT3G45700:2;AT3G45720:2;AT3G45770:2;AT3G45850:2
carinata,Bca_C,Bca_B,C1,9,BcaC01g035050.3DH.1,BcaC01g035440.3DH.1,0.62,AT3G46160:2;AT3G46290:2;AT3G46350:2;AT3G46440:2;AT3G46500:2;AT3G46510:2;AT3G46540:2;AT3G46580:2;AT3G46600:2
carinata,Bca_C,Bca_B,C1,11,BcaC01g035510.3DH.1,BcaC01g036150.3DH.1,0.11,AT3G46700:2;AT3G46710:2;AT3G46730:2;AT3G46760:2;AT3G46780:2;AT3G46790:2;AT3G46830:2;AT3G46900:2;AT3G47040:2;AT3G47090:2;AT3G47400:2
carinata,Bca_C,Bca_B,C1,12,BcaC01g036380.3DH.1,BcaC01g036870.3DH.1,0.02,AT3G47670:2;AT3G47730:2;AT3G47750:2;AT3G47760:2;AT3G47770:2;AT3G47780:2;AT3G47830:2;AT3G47870:2;AT3G47910:2;AT3G47940:2;AT3G47980:2;AT3G48090:2
carinata,Bca_C,Bca_B,C1,12,BcaC01g036990.3DH.1,BcaC01g037950.3DH.1,0.17,AT3G48195:2;AT3G48290:2;AT3G48300:2;AT3G48310:2;AT3G48500:2;AT3G48530:2;AT3G48540:2;AT3G48550:2;AT3G48560:2;AT3G48610:2;AT3G48700:2;AT3G48720:2
carinata,Bca_C,Bca_B,C1,5,BcaC01g038050.3DH.1,BcaC01g038140.3DH.1,3.56,AT3G48800:2;AT3G48810:2;AT3G48870:2;AT3G48880:2;AT3G48900:2
carinata,Bca_C,Bca_B,C1,5,BcaC01g038270.3DH.1,BcaC01g038390.3DH.1,0.17,AT3G49050:2;AT3G49120:2;AT3G49142:2;AT3G49160:2;AT3G49180:2
carinata,Bca_C,Bca_B,C1,7,BcaC01g046700.3DH.1,BcaC01g046900.3DH.1,0.12,AT3G24150:3;AT3G24160:3;AT3G24190:3;AT3G24255:1;AT3G24210:2;AT3G24250:3;AT3G23900:2
carinata,Bca_C,Bca_B,C1,6,BcaC01g048520.3DH.1,BcaC01g048700.3DH.1,1.06,AT3G23150:2;AT3G23130:2;AT3G23100:2;AT3G23090:2;AT3G23080:2;AT3G23050:2
carinata,Bca_C,Bca_B,C1,7,BcaC01g049750.3DH.1,BcaC01g049860.3DH.1,1.61,AT3G22360:2;AT3G22330:2;AT3G22310:2;AT3G22270:2;AT3G22260:2;AT3G22250:2;AT3G22240:2
carinata,Bca_C,Bca_B,C1,6,BcaC01g050560.3DH.1,BcaC01g050720.3DH.1,0.04,AT3G21680:2;AT3G21670:2;AT3G21570:2;AT3G21560:2;AT3G21550:2;AT3G21520:2
carinata,Bca_C,Bca_B,C1,6,BcaC01g055990.3DH.1,BcaC01g056160.3DH.1,0.02,AT3G17280:2;AT3G17265:2;AT3G17220:2;AT3G17210:2;AT3G17180:2;AT3G17150:2
carinata,Bca_C,Bca_B,C1,5,BcaC01g057020.3DH.1,BcaC01g057230.3DH.1,0.02,AT3G16420:2;AT3G16400:2;AT3G16340:2;AT3G16330:2;AT3G16250:2
carinata,Bca_C,Bca_B,C1,5,BcaC01g060110.3DH.1,BcaC01g060180.3DH.1,0.19,AT3G14180:2;AT3G14150:2;AT3G14075:2;AT3G14060:2;AT3G14020:2
carinata,Bca_C,Bca_B,C1,5,BcaC01g060550.3DH.1,BcaC01g060800.3DH.1,0.21,AT3G13682:2;AT3G13662:3;AT3G13610:3;AT3G13570:3;AT3G13540:3
carinata,Bca_C,Bca_B,C1,6,BcaC01g061600.3DH.1,BcaC01g061670.3DH.1,0.4,AT3G12730:2;AT3G12720:2;AT3G12710:2;AT3G12690:2;AT3G12685:2;AT3G12680:2
carinata,Bca_C,Bca_B,C1,8,BcaC01g061810.3DH.1,BcaC01g062110.3DH.1,0.52,AT3G12510:2;AT3G12490:2;AT3G12460:2;AT3G12430:2;AT3G12410:2;AT3G12370:2;AT3G12360:2;AT3G12300:2
carinata,Bca_C,Bca_B,C1,5,BcaC01g062160.3DH.1,BcaC01g062210.3DH.1,0.57,AT3G12240:2;AT3G12230:2;AT3G12220:2;AT3G12203:2;AT3G12200:2
carinata,Bca_C,Bca_B,C1,5,BcaC01g063720.3DH.1,BcaC01g063810.3DH.1,3.55,AT3G10550:2;AT3G10540:2;AT3G10520:3;AT3G10480:2;AT3G10460:2
carinata,Bca_C,Bca_B,C1,10,BcaC01g063970.3DH.1,BcaC01g064150.3DH.1,0.28,AT3G10350:2;AT3G10300:2;AT3G10260:2;AT3G10250:2;AT3G10230:2;AT3G10220:2;AT3G10185:2;AT3G10160:2;AT3G10080:2;AT3G10070:2
carinata,Bca_C,Bca_B,C1,17,BcaC01g064750.3DH.1,BcaC01g065040.3DH.1,1.19,AT3G09010:3;AT3G09000:3;AT3G08980:3;AT3G08910:3;AT3G08880:3;AT3G08870:3;AT3G08790:3;AT3G08760:3;AT3G08720:3;AT3G08710:3;AT3G08690:3;AT3G08680:3;AT3G08650:3;AT3G08630:3;AT3G08610:3;AT3G08550:3;AT3G08510:3
carinata,Bca_C,Bca_B,C1,6,BcaC01g065420.3DH.1,BcaC01g065490.3DH.1,1.71,AT3G07750:3;AT3G07730:3;AT3G07670:3;AT3G07660:3;AT3G07620:3;AT3G07590:3
carinata,Bca_C,Bca_B,C1,38,BcaC01g065670.3DH.1,BcaC01g066230.3DH.1,0.36,AT3G07350:3;AT3G07310:3;AT3G07290:3;AT3G07270:3;AT3G07250:3;AT3G07200:3;AT3G07180:3;AT3G07160:3;AT3G07130:3;AT3G07120:3;AT3G07100:3;AT3G07080:3;AT3G07070:3;AT3G07050:3;AT3G07040:3;AT3G07020:3;AT3G06960:3;AT3G06910:3;AT3G06868:3;AT3G06860:3;AT3G06850:3;AT3G06840:3;AT3G06830:3;AT3G06810:3;AT3G06790:3;AT3G06778:3;AT3G06760:3;AT3G06740:3;AT3G06730:3;AT3G06700:3;AT3G06670:3;AT3G06660:3;AT3G36659:1;AT3G06630:3;AT3G06620:3;AT3G06610:3;AT3G06600:3;AT3G06590:3
carinata,Bca_C,Bca_B,C1,9,BcaC01g066760.3DH.1,BcaC01g066850.3DH.1,0.0,AT3G06010:3;AT3G05990:3;AT3G05980:3;AT3G05975:3;AT3G05960:3;AT3G05950:3;AT3G05930:3;AT3G05920:3;AT3G05900:3
carinata,Bca_C,Bca_B,C1,8,BcaC01g067510.3DH.1,BcaC01g067640.3DH.1,3.25,AT3G04920:3;AT3G04860:3;AT3G04840:3;AT3G04790:3;AT3G04780:3;AT3G04730:3;AT3G04710:3;AT3G04660:3
carinata,Bca_C,Bca_B,C1,5,BcaC01g067780.3DH.1,BcaC01g067950.3DH.1,2.49,AT3G04550:1;AT3G04400:3;AT3G04350:3;AT3G04260:2;AT3G04240:2
carinata,Bca_C,Bca_B,C1,14,BcaC01g067980.3DH.1,BcaC01g068290.3DH.1,0.2,AT3G04110:2;AT3G04100:2;AT3G04080:2;AT3G04070:2;AT3G04060:2;AT3G04030:2;AT3G03990:2;AT3G03980:2;AT3G03970:2;AT3G03950:2;AT3G03940:2;AT3G03920:2;AT3G03910:2;AT3G03870:2
carinata,Bca_C,Bca_B,C1,38,BcaC01g068340.3DH.1,BcaC01g068900.3DH.1,0.7,AT3G03800:2;AT3G03790:2;AT3G03773:2;AT3G03740:2;AT3G03720:2;AT3G03690:2;AT3G03680:2;AT3G03660:2;AT3G03650:2;AT3G03640:2;AT3G03630:2;AT3G03620:2;AT3G03610:2;AT3G03520:2;AT3G03500:2;AT3G03460:2;AT3G03440:2;AT3G03420:2;AT3G03400:2;AT3G03380:2;AT3G03341:2;AT3G03260:2;AT3G03250:2;AT3G03240:2;AT3G03230:2;AT3G03220:2;AT3G03200:2;AT3G03180:2;AT3G03140:2;AT3G03130:2;AT3G03120:2;AT3G03110:2;AT3G03100:2;AT3G03070:2;AT3G03060:2;AT3G03050:2;AT3G03010:2;AT3G03000:2
carinata,Bca_C,Bca_B,C1,7,BcaC01g068960.3DH.1,BcaC01g069040.3DH.1,1.47,AT3G02940:2;AT3G02930:2;AT3G02920:2;AT3G02910:2;AT5G16650:2;AT3G02890:2;AT3G02880:2
carinata,Bca_C,Bca_B,C1,5,BcaC01g069130.3DH.1,BcaC01g069170.3DH.1,2.87,AT3G02740:2;AT3G02730:2;AT3G02710:2;AT3G02700:2;AT3G02690:2
carinata,Bca_C,Bca_B,C1,5,BcaC01g069440.3DH.1,BcaC01g069490.3DH.1,1.84,AT3G02360:2;AT3G02340:2;AT3G02330:2;AT3G02320:2;AT3G02310:2
carinata,Bca_C,Bca_B,C1,5,BcaC01g069530.3DH.1,BcaC01g069600.3DH.1,0.05,AT3G02220:2;AT3G02110:2;AT3G02090:2;AT5G15460:2;AT3G01060:2
carinata,Bca_C,Bca_B,C2,5,BcaC02g000990.3DH.1,BcaC02g001040.3DH.1,3.89,AT5G03040:2;AT5G03050:2;AT5G03070:2;AT5G03080:2;AT5G03110:2
carinata,Bca_C,Bca_B,C2,8,BcaC02g001090.3DH.1,BcaC02g001200.3DH.1,2.64,AT5G03180:2;AT5G03200:2;AT5G03220:2;AT5G03260:2;AT5G03310:2;AT5G03320:2;AT5G03345:2;AT5G03350:2
carinata,Bca_C,Bca_B,C2,5,BcaC02g001270.3DH.1,BcaC02g001320.3DH.1,3.97,AT5G03450:2;AT5G03460:2;AT5G03470:2;AT5G03530:2;AT5G03540:2
carinata,Bca_C,Bca_B,C2,9,BcaC02g001590.3DH.1,BcaC02g002260.3DH.1,0.02,AT5G04120:2;AT5G04180:2;AT5G04190:2;AT5G04200:2;AT5G04230:2;AT5G17930:1;AT5G17960:1;AT5G18000:1;AT5G18350:3
carinata,Bca_C,Bca_B,C2,5,BcaC02g003010.3DH.1,BcaC02g003100.3DH.1,2.07,AT5G19150:1;AT5G19151:1;AT5G19210:1;AT5G19240:1;AT5G19250:1
carinata,Bca_C,Bca_B,C2,7,BcaC02g010810.3DH.1,BcaC02g011240.3DH.1,1.28,AT5G57070:3;AT5G57010:3;AT5G56980:3;AT5G56970:3;AT5G56960:3;AT5G56930:3;AT5G56890:3
carinata,Bca_C,Bca_B,C2,6,BcaC02g012620.3DH.1,BcaC02g012730.3DH.1,0.02,AT5G55390:3;AT5G55380:3;AT5G55370:3;AT5G55360:3;AT5G55350:3;AT5G55300:3
carinata,Bca_C,Bca_B,C2,7,BcaC02g015650.3DH.1,BcaC02g015910.3DH.1,0.17,AT5G53040:2;AT5G53000:2;AT5G52990:2;AT5G52980:2;AT5G52975:2;AT5G52965:2;AT5G52950:2
carinata,Bca_C,Bca_B,C2,5,BcaC02g016620.3DH.1,BcaC02g016710.3DH.1,0.17,AT5G52150:2;AT5G52070:2;AT5G52060:2;AT5G52050:2;AT5G52030:2
carinata,Bca_C,Bca_B,C2,5,BcaC02g017000.3DH.1,BcaC02g017210.3DH.1,4.29,AT5G51690:2;AT5G51670:2;AT5G51660:2;AT5G51640:2;AT5G51550:2
carinata,Bca_C,Bca_B,C2,6,BcaC02g017470.3DH.1,BcaC02g017570.3DH.1,1.86,AT5G51140:2;AT5G51130:2;AT5G51120:2;AT5G51040:2;AT5G50990:2;AT5G50900:2
carinata,Bca_C,Bca_B,C2,20,BcaC02g017800.3DH.1,BcaC02g018260.3DH.1,4.88,AT5G50360:1;AT5G49960:3;AT5G49920:3;AT5G49890:3;AT5G49820:3;AT5G49810:3;AT1G64970:2;AT1G64990:2;AT1G65010:2;AT1G65040:2;AT1G65070:2;AT1G65080:2;AT1G65090:2;AT1G65160:2;AT1G65170:2;AT1G65200:2;AT1G65220:2;AT1G65230:2;AT1G65260:2;AT1G65270:2
carinata,Bca_C,Bca_B,C2,14,BcaC02g018340.3DH.1,BcaC02g018780.3DH.1,4.16,AT1G65380:2;AT1G65410:2;AT1G65430:2;AT1G65510:2;AT1G65520:2;AT1G65560:2;AT1G65610:2;AT1G65620:2;AT1G65630:2;AT1G65690:2;AT1G65820:2;AT1G65840:2;AT1G65910:2;AT1G65980:2
carinata,Bca_C,Bca_B,C2,5,BcaC02g018860.3DH.1,BcaC02g018930.3DH.1,0.74,AT1G66160:2;AT1G66170:2;AT1G66190:2;AT1G66200:2;AT1G66250:2
carinata,Bca_C,Bca_B,C2,14,BcaC02g019780.3DH.1,BcaC02g020280.3DH.1,1.79,AT1G67050:1;AT1G67060:1;AT1G67070:1;AT1G67080:1;AT1G67090:1;AT1G67100:1;AT1G67110:1;AT1G67120:1;AT1G67180:1;AT1G67210:1;AT1G67220:1;AT1G67250:3;AT1G67260:3;AT1G67270:3
carinata,Bca_C,Bca_B,C2,8,BcaC02g021060.3DH.1,BcaC02g021370.3DH.1,0.02,AT1G68040:2;AT1G68080:1;AT1G68090:1;AT1G68120:1;AT1G68140:3;AT1G68150:3;AT1G68170:3;AT1G68180:3
carinata,Bca_C,Bca_B,C2,10,BcaC02g022100.3DH.1,BcaC02g022380.3DH.1,0.6,AT1G68585:1;AT1G68590:2;AT1G68620:3;AT1G68660:3;AT1G68670:3;AT1G68720:1;AT1G68760:1;AT1G68790:1;AT1G68795:1;AT1G68800:1
carinata,Bca_C,Bca_B,C2,8,BcaC02g024660.3DH.1,BcaC02g025000.3DH.1,0.0,AT1G70000:3;AT1G70030:3;AT1G70110:3;AT1G70120:3;AT1G70130:3;AT1G70180:3;AT1G70210:3;AT1G70220:3
carinata,Bca_C,Bca_B,C2,5,BcaC02g028580.3DH.1,BcaC02g028870.3DH.1,0.07,AT1G73040:1;AT1G73090:1;AT1G73130:1;AT1G73140:1;AT1G73170:1
carinata,Bca_C,Bca_B,C2,6,BcaC02g029450.3DH.1,BcaC02g029560.3DH.1,0.31,AT1G73540:2;AT1G73550:2;AT1G73570:2;AT1G73580:2;AT1G73590:2;AT1G73650:2
carinata,Bca_C,Bca_B,C2,15,BcaC02g030250.3DH.1,BcaC02g030700.3DH.1,1.37,AT1G74470:2;AT1G74480:2;AT1G74520:2;AT1G74590:2;AT1G74630:2;AT1G74640:2;AT1G74690:2;AT1G74700:2;AT1G74730:2;AT1G74810:3;AT1G74840:2;AT1G74870:2;AT1G74910:3;AT1G74950:3;AT1G74960:3
carinata,Bca_C,Bca_B,C2,5,BcaC02g034630.3DH.1,BcaC02g034780.3DH.1,0.16,AT1G78172:2;AT1G78270:3;AT1G78280:3;AT1G78310:3;AT1G78390:3
carinata,Bca_C,Bca_B,C2,5,BcaC02g035810.3DH.1,BcaC02g035950.3DH.1,1.52,AT1G79250:3;AT1G79260:3;AT1G79320:3;AT1G79360:3;AT1G79400:3
carinata,Bca_C,Bca_B,C2,5,BcaC02g036060.3DH.1,BcaC02g036560.3DH.1,0.5,AT1G79540:3;AT4G03070:3;AT4G03000:3;AT4G02920:3;AT4G02880:3
carinata,Bca_C,Bca_B,C2,19,BcaC02g038370.3DH.1,BcaC02g038860.3DH.1,0.08,AT4G01023:2;AT4G01060:2;AT4G01070:3;AT4G01100:3;AT4G01110:3;AT4G01150:3;AT4G01200:3;AT4G01210:3;AT4G01240:3;AT4G01250:3;AT4G01290:3;AT4G01310:3;AT1G16220:2;AT1G16160:2;AT1G16150:2;AT1G16130:2;AT1G80930:3;AT1G80920:3;AT1G80900:3
carinata,Bca_C,Bca_B,C2,9,BcaC02g039140.3DH.1,BcaC02g039440.3DH.1,1.21,AT1G80640:2;AT1G80620:2;AT1G80600:2;AT1G80590:2;AT1G80580:2;AT1G80570:2;AT1G80560:2;AT1G80540:2;AT1G80480:2
carinata,Bca_C,Bca_B,C2,15,BcaC02g040080.3DH.1,BcaC02g041490.3DH.1,0.28,AT1G79960:2;AT1G79910:2;AT4G00240:1;AT4G00290:1;AT4G00305:1;AT4G05150:3;AT4G05110:3;AT4G04780:3;AT4G04770:3;AT4G04720:3;AT4G04620:3;AT4G04610:3;AT4G04580:3;AT4G04570:3;AT4G04500:3
carinata,Bca_C,Bca_B,C2,72,BcaC02g042180.3DH.1,BcaC02g046800.3DH.1,0.52,AT4G12370:3;AT4G12360:3;AT4G12340:3;AT4G12300:3;AT4G12290:3;AT4G12280:3;AT4G12270:3;AT4G12250:3;AT4G12110:3;AT4G12080:3;AT4G12070:3;AT4G12050:3;AT4G12040:3;AT4G11970:3;AT4G11910:3;AT4G11820:3;AT4G11800:3;AT4G11790:3;AT4G11780:3;AT4G11740:3;AT4G11650:3;AT4G11640:3;AT4G11560:3;AT4G11530:3;AT4G11450:3;AT4G11440:3;AT4G11420:3;AT4G11310:3;AT4G11260:3;AT4G11230:3;AT4G11160:3;AT4G11150:3;AT4G11100:3;AT4G11070:3;AT4G11030:3;AT4G11020:3;AT4G11010:3;AT4G11000:3;AT4G10910:3;AT4G10840:3;AT4G10770:3;AT4G10730:3;AT4G10550:3;AT4G10540:3;AT4G10530:3;AT4G10520:3;AT4G10450:3;AT4G10440:3;AT4G10430:3;AT4G10380:3;AT4G10360:3;AT4G10350:3;AT4G10340:3;AT4G10330:3;AT4G10310:3;AT4G10150:3;AT4G10140:3;AT4G10130:3;AT4G10120:3;AT4G10080:3;AT4G10060:3;AT4G10030:3;AT4G10010:3;AT4G10000:3;AT5G42210:1;AT5G42220:2;AT5G42610:1;AT5G42630:1;AT5G42650:1;AT5G42655:1;AT5G42700:2;AT5G42750:2
carinata,Bca_C,Bca_B,C2,7,BcaC02g048560.3DH.1,BcaC02g048900.3DH.1,0.47,AT5G43745:1;AT5G43750:1;AT5G44210:1;AT5G44240:1;AT5G44250:1;AT5G44300:1;AT5G44310:1
carinata,Bca_C,Bca_B,C2,6,BcaC02g049670.3DH.1,BcaC02g049860.3DH.1,1.32,AT5G44790:2;AT5G44910:1;AT5G44920:1;AT5G44930:1;AT5G45020:1;AT5G45040:1
carinata,Bca_C,Bca_B,C2,5,BcaC02g051280.3DH.1,BcaC02g051440.3DH.1,0.73,AT5G45930:1;AT5G45940:1;AT5G45950:1;AT5G45970:1;AT5G45980:1
carinata,Bca_C,Bca_B,C2,5,BcaC02g051900.3DH.1,BcaC02g052170.3DH.1,1.0,AT5G46450:1;AT5G46470:1;AT5G46490:1;AT5G46530:1;AT5G46550:1
carinata,Bca_C,Bca_B,C2,7,BcaC02g068110.3DH.1,BcaC02g068310.3DH.1,0.01,AT5G23150:3;AT5G23040:3;AT5G23030:3;AT5G23020:3;AT5G60810:2;AT5G60830:2;AT5G60880:2
carinata,Bca_C,Bca_B,C3,8,BcaC03g001040.3DH.1,BcaC03g001150.3DH.1,0.54,AT5G02180:1;AT5G02270:3;AT5G02280:3;AT5G02310:3;AT5G02370:3;AT5G02390:3;AT5G02410:3;AT5G02420:3
carinata,Bca_C,Bca_B,C3,6,BcaC03g001280.3DH.1,BcaC03g001400.3DH.1,0.86,AT5G02590:3;AT5G02630:3;AT5G02640:3;AT5G02840:3;AT5G02850:3;AT5G02870:3
carinata,Bca_C,Bca_B,C3,7,BcaC03g001710.3DH.1,BcaC03g001800.3DH.1,3.2,AT5G03455:3;AT5G03490:3;AT5G03520:3;AT5G03550:3;AT5G03555:3;AT5G03560:3;AT5G03570:3
carinata,Bca_C,Bca_B,C3,5,BcaC03g001840.3DH.1,BcaC03g001920.3DH.1,0.02,AT5G03630:3;AT5G03670:3;AT5G03730:3;AT5G03770:3;AT5G03795:3
carinata,Bca_C,Bca_B,C3,8,BcaC03g002000.3DH.1,BcaC03g002130.3DH.1,0.57,AT5G03880:3;AT5G03890:3;AT5G04045:3;AT5G04110:3;AT5G04150:3;AT5G04160:3;AT5G04170:3;AT5G04250:3
carinata,Bca_C,Bca_B,C3,7,BcaC03g002330.3DH.1,BcaC03g002420.3DH.1,0.01,AT5G04680:2;AT5G04690:2;AT5G04700:2;AT5G04750:2;AT5G04770:2;AT5G04780:2;AT5G04840:2
carinata,Bca_C,Bca_B,C3,5,BcaC03g004850.3DH.1,BcaC03g004910.3DH.1,0.04,AT5G09470:2;AT5G09480:2;AT5G09510:2;AT5G09590:2;AT5G09630:2
carinata,Bca_C,Bca_B,C3,9,BcaC03g006290.3DH.1,BcaC03g006400.3DH.1,1.03,AT5G11810:2;AT5G11830:1;AT5G11840:2;AT5G11880:2;AT5G11900:2;AT5G11910:2;AT5G11920:2;AT5G11930:2;AT5G11940:2
carinata,Bca_C,Bca_B,C3,5,BcaC03g006800.3DH.1,BcaC03g006900.3DH.1,2.49,AT5G12310:2;AT5G12370:2;AT5G12410:2;AT5G12440:2;AT5G12460:2
carinata,Bca_C,Bca_B,C3,6,BcaC03g007070.3DH.1,BcaC03g007120.3DH.1,1.26,AT5G13080:2;AT5G13090:2;AT5G13100:2;AT5G13110:2;AT5G13120:2;AT5G13150:2
carinata,Bca_C,Bca_B,C3,7,BcaC03g007950.3DH.1,BcaC03g008130.3DH.1,1.45,AT5G14490:1;AT5G14500:1;AT5G14510:1;AT5G14520:1;AT5G14800:2;AT5G14860:2;AT5G14930:2
carinata,Bca_C,Bca_B,C3,9,BcaC03g008680.3DH.1,BcaC03g009050.3DH.1,2.62,AT5G15710:2;AT5G15740:2;AT5G15790:2;AT5G15800:2;AT5G15810:2;AT5G15880:2;AT5G15920:2;AT5G15950:2;AT5G16000:2
carinata,Bca_C,Bca_B,C3,7,BcaC03g009110.3DH.1,BcaC03g009210.3DH.1,1.76,AT5G16150:2;AT5G16170:2;AT5G16190:2;AT5G16220:2;AT5G16250:2;AT5G16280:2;AT5G16310:2
carinata,Bca_C,Bca_B,C3,11,BcaC03g009470.3DH.1,BcaC03g009660.3DH.1,2.02,AT5G16660:2;AT5G16680:2;AT5G16730:2;AT5G16760:2;AT5G16770:2;AT5G16800:2;AT5G16830:2;AT5G16880:2;AT5G16940:2;AT5G16950:2;AT5G17000:2
carinata,Bca_C,Bca_B,C3,11,BcaC03g009700.3DH.1,BcaC03g010000.3DH.1,0.03,AT5G17080:2;AT5G17090:2;AT5G17100:2;AT5G17110:2;AT5G17120:2;AT5G17150:2;AT5G17160:2;AT5G17260:2;AT5G17270:2;AT5G17300:2;AT5G17310:2
carinata,Bca_C,Bca_B,C3,6,BcaC03g010440.3DH.1,BcaC03g010510.3DH.1,0.37,AT5G18250:2;AT5G18280:2;AT5G18330:2;AT5G18340:2;AT5G18380:3;AT5G18390:3
carinata,Bca_C,Bca_B,C3,5,BcaC03g011040.3DH.1,BcaC03g011080.3DH.1,3.64,AT5G19010:2;AT5G19030:2;AT5G19050:2;AT5G19070:2;AT5G19120:2
carinata,Bca_C,Bca_B,C3,12,BcaC03g011530.3DH.1,BcaC03g011730.3DH.1,0.52,AT5G19840:1;AT5G19875:2;AT5G20000:1;AT5G20030:1;AT5G20040:1;AT5G20050:1;AT5G20070:1;AT5G20080:1;AT5G20090:1;AT5G20100:1;AT5G20110:1;AT5G20130:1
carinata,Bca_C,Bca_B,C3,5,BcaC03g012650.3DH.1,BcaC03g012690.3DH.1,0.79,AT5G22150:2;AT5G22220:2;AT5G22250:2;AT5G22270:2;AT5G22280:2
carinata,Bca_C,Bca_B,C3,5,BcaC03g013080.3DH.1,BcaC03g013140.3DH.1,0.01,AT5G22860:2;AT5G22910:2;AT5G22920:2;AT5G22930:2;AT5G22940:2
carinata,Bca_C,Bca_B,C3,5,BcaC03g015610.3DH.1,BcaC03g015700.3DH.1,0.58,AT5G57200:3;AT5G57100:2;AT5G57040:2;AT5G57035:2;AT5G57030:2
carinata,Bca_C,Bca_B,C3,5,BcaC03g015740.3DH.1,BcaC03g015860.3DH.1,0.34,AT5G56990:2;AT5G56950:2;AT5G56920:2;AT5G56910:2;AT5G56880:2
carinata,Bca_C,Bca_B,C3,8,BcaC03g015990.3DH.1,BcaC03g016120.3DH.1,1.35,AT5G56760:2;AT5G56750:2;AT5G56740:2;AT5G56680:2;AT5G56650:2;AT5G56600:2;AT5G56580:2;AT5G56550:2
carinata,Bca_C,Bca_B,C3,7,BcaC03g016230.3DH.1,BcaC03g016350.3DH.1,0.18,AT5G56380:2;AT5G56360:2;AT5G56350:2;AT5G56340:2;AT5G56310:2;AT5G56300:2;AT5G56270:2
carinata,Bca_C,Bca_B,C3,7,BcaC03g016450.3DH.1,BcaC03g016570.3DH.1,3.25,AT5G56160:2;AT5G56140:2;AT5G56000:2;AT5G55990:2;AT5G55980:2;AT5G55970:2;AT5G55940:2
carinata,Bca_C,Bca_B,C3,12,BcaC03g016710.3DH.1,BcaC03g016860.3DH.1,1.18,AT5G55690:2;AT5G55670:2;AT5G55630:2;AT5G55620:2;AT5G55600:2;AT5G55580:2;AT5G55550:2;AT5G55530:2;AT5G55510:2;AT5G55500:2;AT5G55490:2;AT5G55480:2
carinata,Bca_C,Bca_B,C3,5,BcaC03g018890.3DH.1,BcaC03g018950.3DH.1,0.2,AT5G52040:3;AT5G52020:3;AT5G52010:3;AT5G51980:3;AT5G51970:3
carinata,Bca_C,Bca_B,C3,10,BcaC03g019020.3DH.1,BcaC03g019190.3DH.1,0.24,AT5G51870:3;AT5G51860:3;AT5G51840:3;AT5G51830:3;AT5G51770:3;AT5G51760:3;AT5G51600:3;AT5G51570:3;AT5G51545:3;AT5G51540:3
carinata,Bca_C,Bca_B,C3,8,BcaC03g019250.3DH.1,BcaC03g019350.3DH.1,1.4,AT5G51451:3;AT5G51440:3;AT5G51410:3;AT5G51370:3;AT5G51300:3;AT5G51290:3;AT5G51160:3;AT5G51150:3
carinata,Bca_C,Bca_B,C3,19,BcaC03g019400.3DH.1,BcaC03g019810.3DH.1,1.72,AT5G51110:3;AT5G51105:3;AT5G51100:3;AT5G51070:3;AT5G51060:3;AT5G51030:3;AT5G51020:3;AT5G51010:3;AT5G50970:3;AT5G50930:3;AT5G50920:3;AT5G50915:3;AT5G50870:3;AT5G50850:3;AT5G50840:3;AT5G50830:3;AT5G50810:3;AT5G50790:3;AT5G50780:3
carinata,Bca_C,Bca_B,C3,7,BcaC03g020710.3DH.1,BcaC03g020840.3DH.1,0.02,AT2G31140:2;AT2G31150:2;AT2G31170:2;AT2G31180:2;AT2G31230:2;AT2G31270:2;AT2G31340:2
carinata,Bca_C,Bca_B,C3,8,BcaC03g021250.3DH.1,BcaC03g021400.3DH.1,2.53,AT2G32000:1;AT2G32235:2;AT2G32240:2;AT2G32260:2;AT2G32280:2;AT2G32295:2;AT2G32340:2;AT2G32390:2
carinata,Bca_C,Bca_B,C3,6,BcaC03g021430.3DH.1,BcaC03g021490.3DH.1,0.45,AT2G32500:2;AT2G32550:2;AT2G32630:2;AT2G32640:2;AT2G32680:3;AT2G32690:1
carinata,Bca_C,Bca_B,C3,6,BcaC03g022130.3DH.1,BcaC03g022200.3DH.1,1.48,AT2G33520:2;AT2G33585:2;AT2G33620:2;AT2G33630:2;AT2G33690:2;AT2G33720:2
carinata,Bca_C,Bca_B,C3,5,BcaC03g022640.3DH.1,BcaC03g022860.3DH.1,3.78,AT2G34670:1;AT2G34680:1;AT2G34690:1;AT2G34730:1;AT2G34740:1
carinata,Bca_C,Bca_B,C3,5,BcaC03g023900.3DH.1,BcaC03g024000.3DH.1,1.54,AT2G36305:2;AT2G36310:2;AT2G36320:2;AT2G36325:2;AT2G36380:1
carinata,Bca_C,Bca_B,C3,12,BcaC03g027460.3DH.1,BcaC03g027680.3DH.1,0.3,AT2G40630:2;AT2G40640:2;AT2G40650:2;AT2G40670:2;AT2G40720:2;AT2G40740:2;AT2G40760:2;AT2G40780:2;AT2G40815:2;AT2G40850:2;AT2G40860:2;AT2G40880:2
carinata,Bca_C,Bca_B,C3,6,BcaC03g028010.3DH.1,BcaC03g028100.3DH.1,0.15,AT2G41330:2;AT2G41342:2;AT2G41350:2;AT2G41430:2;AT2G41460:2;AT2G41480:2
carinata,Bca_C,Bca_B,C3,7,BcaC03g028370.3DH.1,BcaC03g028640.3DH.1,0.78,AT2G42030:2;AT2G42060:2;AT2G42070:2;AT2G42240:2;AT2G42270:2;AT2G42330:2;AT2G42380:2
carinata,Bca_C,Bca_B,C3,5,BcaC03g028990.3DH.1,BcaC03g029060.3DH.1,0.05,AT2G43040:2;AT2G43100:2;AT2G43110:2;AT2G43120:2;AT2G43130:2
carinata,Bca_C,Bca_B,C3,5,BcaC03g029400.3DH.1,BcaC03g029500.3DH.1,1.75,AT2G43570:2;AT2G43590:2;AT2G43600:2;AT2G43610:2;AT2G43620:2
carinata,Bca_C,Bca_B,C3,6,BcaC03g029600.3DH.1,BcaC03g029710.3DH.1,0.02,AT2G43745:2;AT2G43780:2;AT2G43790:2;AT2G43800:2;AT2G43820:2;AT2G43840:2
carinata,Bca_C,Bca_B,C3,7,BcaC03g030070.3DH.1,BcaC03g030170.3DH.1,2.39,AT2G44390:2;AT2G44440:2;AT2G44570:2;AT2G44620:2;AT2G44640:2;AT2G44680:2;AT2G44730:2
carinata,Bca_C,Bca_B,C3,8,BcaC03g030480.3DH.1,BcaC03g030830.3DH.1,0.01,AT2G45210:2;AT2G45260:2;AT2G45270:2;AT2G45310:2;AT2G45320:2;AT2G45510:2;AT2G45640:2;AT2G45650:2
carinata,Bca_C,Bca_B,C3,5,BcaC03g030900.3DH.1,BcaC03g031000.3DH.1,1.12,AT2G45680:2;AT2G45690:2;AT2G45695:2;AT2G45720:2;AT2G45730:2
carinata,Bca_C,Bca_B,C3,5,BcaC03g032710.3DH.1,BcaC03g032820.3DH.1,2.28,AT2G28105:2;AT2G28000:3;AT2G27720:2;AT2G27610:1;AT2G27580:1
carinata,Bca_C,Bca_B,C3,5,BcaC03g032860.3DH.1,BcaC03g032930.3DH.1,0.93,AT2G27500:1;AT2G27490:1;AT2G27480:1;AT2G27430:2;AT2G27389:2
carinata,Bca_C,Bca_B,C3,6,BcaC03g033000.3DH.1,BcaC03g033290.3DH.1,0.23,AT2G27310:1;AT2G27170:2;AT2G27140:2;AT2G27110:2;AT2G27035:2;AT2G26950:3
carinata,Bca_C,Bca_B,C3,62,BcaC03g034650.3DH.1,BcaC03g036020.3DH.1,1.87,AT5G50370:2;AT5G50375:2;AT5G50670:2;AT5G50750:2;AT5G50760:2;AT4G08150:2;AT4G08180:2;AT4G08210:2;AT4G08230:2;AT4G08240:2;AT4G08350:2;AT4G08455:2;AT4G08460:2;AT4G08500:2;AT4G08510:2;AT4G08670:2;AT4G08685:2;AT4G08690:2;AT4G08700:2;AT4G08780:2;AT4G08810:2;AT4G08850:2;AT4G08900:2;AT4G08950:2;AT4G08960:2;AT4G08980:2;AT4G09010:2;AT4G09012:2;AT4G09020:2;AT4G09030:2;AT4G09060:2;AT4G09130:2;AT4G09140:2;AT4G09160:2;AT4G09170:2;AT4G09190:2;AT4G09250:2;AT4G09340:2;AT4G09460:2;AT4G09510:2;AT4G09530:2;AT4G09560:2;AT4G09570:2;AT4G09600:2;AT4G09620:2;AT4G09650:2;AT4G09670:2;AT4G09720:2;AT4G09730:2;AT4G09800:2;AT4G09810:2;AT4G09830:2;AT4G09960:2;AT4G10030:2;AT4G10040:2;AT4G10050:2;AT4G10170:2;AT4G10180:2;AT4G10250:2;AT4G10260:2;AT4G10280:2;AT4G10300:2
carinata,Bca_C,Bca_B,C3,5,BcaC03g036090.3DH.1,BcaC03g036170.3DH.1,0.03,AT4G10490:2;AT4G10500:2;AT4G10610:2;AT4G10630:2;AT4G10640:2
carinata,Bca_C,Bca_B,C3,10,BcaC03g036280.3DH.1,BcaC03g036480.3DH.1,0.99,AT4G10840:2;AT4G10850:2;AT4G10920:2;AT4G10930:2;AT4G10950:2;AT4G10970:2;AT4G11040:2;AT4G11050:2;AT4G11120:2;AT4G11140:2
carinata,Bca_C,Bca_B,C3,12,BcaC03g036730.3DH.1,BcaC03g036970.3DH.1,0.51,AT4G11830:2;AT4G11840:2;AT4G11850:2;AT4G11890:2;AT4G11920:2;AT4G11960:2;AT4G12030:2;AT4G12120:2;AT4G12130:2;AT4G12230:2;AT4G12240:2;AT4G12320:2
carinata,Bca_C,Bca_B,C3,14,BcaC03g037740.3DH.1,BcaC03g037930.3DH.1,2.73,AT4G04810:2;AT4G04890:2;AT4G04940:2;AT4G04950:2;AT4G05010:2;AT4G05020:2;AT4G05030:2;AT4G05070:2;AT4G05320:2;AT4G05330:2;AT4G05410:2;AT4G05420:2;AT4G05470:2;AT4G03630:2
carinata,Bca_C,Bca_B,C3,12,BcaC03g039160.3DH.1,BcaC03g039360.3DH.1,4.97,AT4G02740:2;AT4G02715:2;AT4G02680:2;AT4G02660:2;AT4G02620:2;AT4G02590:2;AT4G02580:2;AT4G02570:2;AT4G02520:2;AT4G02500:2;AT4G02480:2;AT4G02450:2
carinata,Bca_C,Bca_B,C3,60,BcaC03g039570.3DH.1,BcaC03g040530.3DH.1,1.46,AT4G02130:2;AT4G02110:2;AT4G02100:2;AT4G02080:2;AT4G02070:2;AT4G02060:2;AT4G02050:2;AT4G02040:2;AT4G02010:2;AT4G01995:2;AT4G01990:2;AT4G01950:2;AT4G01940:2;AT4G01900:2;AT4G01897:2;AT4G01895:2;AT4G01890:2;AT4G01880:2;AT4G01870:2;AT4G01850:2;AT4G01800:2;AT4G01790:2;AT4G01735:2;AT4G01670:2;AT4G01650:2;AT4G01630:2;AT4G01575:2;AT4G01560:2;AT4G01450:2;AT4G01430:2;AT4G01410:1;AT4G01400:1;AT4G01390:1;AT4G00810:1;AT4G00820:1;AT4G00830:1;AT4G00840:1;AT4G00860:1;AT4G00910:2;AT4G00990:1;AT4G01000:1;AT4G01010:1;AT4G01026:3;AT4G01060:3;AT4G01070:2;AT4G01090:2;AT4G01100:2;AT4G01110:2;AT4G01130:2;AT4G01150:2;AT4G01160:2;AT4G01210:2;AT4G01220:2;AT4G01270:2;AT4G01290:2;AT4G01310:2;AT4G01320:2;AT4G01370:2;AT4G00770:1;AT4G00752:1
carinata,Bca_C,Bca_B,C3,17,BcaC03g041080.3DH.1,BcaC03g041340.3DH.1,3.39,AT3G01530:3;AT3G01510:3;AT3G01410:3;AT3G01400:3;AT3G01390:3;AT3G01310:3;AT3G01290:3;AT3G01280:3;AT3G01270:3;AT3G01260:3;AT3G01240:3;AT3G01230:3;AT3G01210:3;AT3G01160:3;AT3G01090:1;AT3G01085:1;AT3G01080:1
carinata,Bca_C,Bca_B,C3,71,BcaC03g041430.3DH.1,BcaC03g042470.3DH.1,1.6,AT3G02080:3;AT3G02130:3;AT3G02140:3;AT3G02150:3;AT3G02160:3;AT3G02170:3;AT3G02180:3;AT3G02200:3;AT3G02230:3;AT3G02250:3;AT3G02280:3;AT3G02350:3;AT3G02380:3;AT3G02400:3;AT3G02460:3;AT3G02470:3;AT3G02480:3;AT3G02490:3;AT3G02500:3;AT3G02520:3;AT3G02540:3;AT3G02550:3;AT3G02555:3;AT3G02560:3;AT3G02580:3;AT3G02590:3;AT3G02600:3;AT3G02630:3;AT3G02650:3;AT3G02660:3;AT3G02750:3;AT3G02760:3;AT3G02770:3;AT3G02780:3;AT3G02800:3;AT3G02810:3;AT3G02830:3;AT3G02840:3;AT3G02850:3;AT3G02870:3;AT3G02970:3;AT3G02990:3;AT3G03090:3;AT3G03150:3;AT3G03160:3;AT3G03170:3;AT3G03272:3;AT3G03350:3;AT3G03430:3;AT3G03470:3;AT3G03490:3;AT3G03550:3;AT3G03560:3;AT3G03570:3;AT3G03600:3;AT3G03670:3;AT3G03710:3;AT3G03760:3;AT3G03770:3;AT3G03780:3;AT3G03810:3;AT3G03860:3;AT3G03960:3;AT3G04050:3;AT3G04120:3;AT3G04160:3;AT3G04230:3;AT3G04280:3;AT3G04290:3;AT3G04300:3;AT3G04310:3
carinata,Bca_C,Bca_B,C3,5,BcaC03g042570.3DH.1,BcaC03g042850.3DH.1,1.86,AT3G04500:2;AT3G04650:2;AT3G04680:2;AT3G04710:2;AT3G04720:2
carinata,Bca_C,Bca_B,C3,14,BcaC03g043000.3DH.1,BcaC03g043200.3DH.1,1.39,AT3G05070:3;AT3G05090:3;AT3G05100:3;AT3G05140:3;AT3G05200:3;AT3G05220:3;AT3G05230:3;AT3G05270:3;AT3G05280:3;AT3G05290:3;AT3G05300:3;AT3G05420:3;AT3G05470:3;AT3G05510:3
carinata,Bca_C,Bca_B,C3,9,BcaC03g043300.3DH.1,BcaC03g043610.3DH.1,2.16,AT3G05670:3;AT3G05675:3;AT3G05680:3;AT3G05690:3;AT3G05770:3;AT3G05800:3;AT3G05840:3;AT3G05858:3;AT3G05910:2
carinata,Bca_C,Bca_B,C3,7,BcaC03g043700.3DH.1,BcaC03g043770.3DH.1,0.0,AT3G05970:2;AT3G06020:2;AT3G06035:2;AT3G06040:2;AT3G06070:2;AT3G06080:2;AT3G06120:2
carinata,Bca_C,Bca_B,C3,7,BcaC03g044050.3DH.1,BcaC03g044240.3DH.1,0.11,AT3G06545:2;AT3G06620:2;AT3G06630:2;AT3G66652:1;AT3G66654:1;AT3G66656:1;AT3G06660:2
carinata,Bca_C,Bca_B,C3,9,BcaC03g044640.3DH.1,BcaC03g044820.3DH.1,0.2,AT3G07320:2;AT3G07330:2;AT3G07370:2;AT3G07420:2;AT3G07425:2;AT3G07450:2;AT3G07470:2;AT3G07510:2;AT3G07540:2
carinata,Bca_C,Bca_B,C3,20,BcaC03g045660.3DH.1,BcaC03g046080.3DH.1,0.26,AT3G09330:1;AT3G09320:1;AT3G09230:3;AT3G09150:3;AT3G09070:1;AT3G09060:2;AT3G09040:2;AT3G09035:2;AT3G08960:2;AT3G08950:2;AT3G08930:2;AT3G08900:2;AT3G08890:2;AT3G08860:2;AT3G08840:2;AT3G08770:2;AT3G08710:2;AT3G08690:2;AT3G08670:2;AT3G08660:2
carinata,Bca_C,Bca_B,C3,9,BcaC03g047090.3DH.1,BcaC03g047300.3DH.1,6.06,AT3G11590:3;AT3G11600:3;AT3G11620:3;AT3G11630:3;AT3G11720:3;AT3G11730:3;AT3G11740:3;AT3G11800:3;AT3G11820:3
carinata,Bca_C,Bca_B,C3,13,BcaC03g047770.3DH.1,BcaC03g048020.3DH.1,1.49,AT3G12290:3;AT3G12300:3;AT3G12320:3;AT3G12400:3;AT3G12410:3;AT3G12480:3;AT3G12520:3;AT3G12530:3;AT3G12540:3;AT3G12580:3;AT3G12590:3;AT3G12610:3;AT3G12640:3
carinata,Bca_C,Bca_B,C3,5,BcaC03g048830.3DH.1,BcaC03g048910.3DH.1,2.21,AT3G13672:2;AT3G13760:3;AT3G13772:3;AT3G13800:3;AT3G13860:3
carinata,Bca_C,Bca_B,C3,6,BcaC03g049620.3DH.1,BcaC03g049700.3DH.1,1.43,AT3G14870:3;AT3G14890:3;AT3G14920:3;AT3G14930:3;AT3G14960:3;AT3G14990:3
carinata,Bca_C,Bca_B,C3,7,BcaC03g049990.3DH.1,BcaC03g050110.3DH.1,0.0,AT3G15270:3;AT3G15356:3;AT3G15353:3;AT3G15360:3;AT3G15370:3;AT3G15380:3;AT3G15395:3
carinata,Bca_C,Bca_B,C3,5,BcaC03g050510.3DH.1,BcaC03g050560.3DH.1,0.23,AT3G15880:3;AT3G15890:3;AT3G15920:3;AT3G15960:3;AT3G15970:3
carinata,Bca_C,Bca_B,C3,7,BcaC03g050780.3DH.1,BcaC03g050960.3DH.1,0.2,AT3G16220:3;AT3G16230:3;AT3G16300:3;AT3G16350:3;AT3G16360:3;AT3G16370:3;AT3G16430:3
carinata,Bca_C,Bca_B,C3,5,BcaC03g051560.3DH.1,BcaC03g051650.3DH.1,0.02,AT3G17465:3;AT3G17470:3;AT3G17510:3;AT3G17520:3;AT3G17570:3
carinata,Bca_C,Bca_B,C3,5,BcaC03g051700.3DH.1,BcaC03g051820.3DH.1,0.12,AT3G17609:3;AT3G17630:3;AT3G17650:3;AT3G17680:3;AT3G17710:3
carinata,Bca_C,Bca_B,C3,14,BcaC03g051940.3DH.1,BcaC03g052150.3DH.1,0.42,AT3G17810:3;AT3G17820:3;AT3G17860:3;AT3G17900:3;AT3G17950:3;AT3G17970:3;AT3G17980:3;AT3G18010:3;AT3G18030:3;AT3G18035:3;AT3G18050:3;AT3G18160:3;AT3G18200:3;AT3G18210:3
carinata,Bca_C,Bca_B,C3,7,BcaC03g052280.3DH.1,BcaC03g052420.3DH.1,0.25,AT3G18524:2;AT3G18550:2;AT3G18570:2;AT3G18590:2;AT3G18600:2;AT3G18620:2;AT3G18650:2
carinata,Bca_C,Bca_B,C3,6,BcaC03g053850.3DH.1,BcaC03g053910.3DH.1,0.15,AT3G20240:2;AT3G20250:2;AT3G20260:2;AT3G20300:2;AT3G20310:2;AT3G20340:2
carinata,Bca_C,Bca_B,C3,6,BcaC03g054810.3DH.1,BcaC03g054870.3DH.1,0.04,AT3G21500:3;AT3G21530:3;AT3G21580:3;AT3G21600:3;AT3G21610:3;AT3G21620:3
carinata,Bca_C,Bca_B,C3,17,BcaC03g055160.3DH.1,BcaC03g055790.3DH.1,0.48,AT3G21800:3;AT3G21970:3;AT3G21990:3;AT3G22110:3;AT3G22142:3;AT3G22190:3;AT3G22230:3;AT3G22275:3;AT3G22290:3;AT3G22300:3;AT3G22320:3;AT3G22370:3;AT3G22420:3;AT3G22480:3;AT3G22500:3;AT3G22540:3;AT3G22550:3
carinata,Bca_C,Bca_B,C3,5,BcaC03g057120.3DH.1,BcaC03g057270.3DH.1,2.27,AT3G24360:1;AT3G24450:1;AT3G24480:1;AT3G24503:1;AT3G24515:1
carinata,Bca_C,Bca_B,C3,8,BcaC03g058340.3DH.1,BcaC03g058470.3DH.1,0.0,AT3G25180:1;AT3G25190:1;AT3G25220:1;AT3G25240:1;AT3G25260:1;AT3G25280:1;AT3G25460:1;AT3G25480:1
carinata,Bca_C,Bca_B,C3,6,BcaC03g059320.3DH.1,BcaC03g059440.3DH.1,4.81,AT2G07050:1;AT2G07020:1;AT2G06850:1;AT2G06530:1;AT2G06210:1;AT2G06050:1
carinata,Bca_C,Bca_B,C3,142,BcaC03g059640.3DH.1,BcaC03g063980.3DH.1,1.06,AT2G13350:3;AT2G13440:3;AT2G13540:3;AT2G13570:3;AT2G13600:3;AT2G13610:3;AT2G13790:3;AT2G13820:3;AT2G13840:3;AT2G14045:3;AT2G14050:3;AT2G14095:3;AT2G14260:3;AT2G14520:3;AT2G14530:3;AT2G14580:3;AT2G14610:3;AT2G14740:3;AT2G14750:3;AT2G14835:3;AT2G14850:3;AT2G14900:3;AT2G15000:3;AT2G15020:3;AT2G15042:3;AT2G15220:3;AT2G15260:3;AT2G15440:3;AT2G15490:3;AT2G15580:3;AT2G15690:3;AT2G15695:3;AT2G15730:3;AT2G15860:3;AT2G15880:3;AT2G15890:3;AT2G15910:3;AT2G15960:3;AT2G15970:3;AT2G16070:3;AT2G16250:3;AT2G16280:3;AT2G16365:3;AT2G16370:3;AT2G16390:3;AT2G16400:3;AT2G16430:3;AT2G16440:3;AT2G16510:3;AT2G16530:3;AT2G16580:3;AT2G16660:3;AT2G16700:3;AT2G16710:3;AT2G16720:3;AT2G16730:3;AT2G16740:3;AT2G16770:3;AT2G16780:3;AT2G16890:3;AT2G16900:3;AT2G16910:3;AT2G16920:3;AT2G16940:3;AT2G16950:3;AT2G16990:3;AT2G17000:3;AT2G17030:3;AT2G17033:3;AT2G17040:3;AT2G17050:3;AT2G17080:3;AT2G17090:3;AT2G17110:3;AT2G17120:3;AT2G17150:3;AT2G17200:3;AT2G17240:3;AT2G17265:3;AT2G17270:3;AT2G17290:3;AT2G17340:3;AT2G17350:3;AT2G17420:3;AT2G17440:3;AT2G17442:3;AT2G17450:3;AT2G17520:3;AT2G17525:3;AT2G17530:3;AT2G17540:3;AT2G17570:3;AT2G17580:3;AT2G17620:3;AT2G17630:3;AT2G17640:3;AT2G17695:3;AT2G17700:3;AT2G17710:3;AT2G17720:3;AT2G17730:3;AT2G17760:3;AT2G17800:3;AT2G17840:3;AT2G17850:3;AT2G17880:3;AT2G17890:3;AT2G17930:3;AT2G17950:3;AT2G17980:3;AT2G17990:3;AT2G18010:3;AT2G18020:3;AT2G18040:3;AT2G18060:3;AT2G18160:3;AT2G18193:3;AT2G18220:3;AT2G18260:3;AT2G18290:3;AT2G18300:3;AT2G18328:3;AT2G18330:3;AT2G18360:3;AT2G18390:3;AT2G18400:3;AT2G18450:3;AT2G18460:3;AT2G18500:3;AT2G18540:3;AT2G18560:3;AT2G18570:3;AT2G18690:3;AT2G18740:3;AT2G18750:3;AT2G18880:3;AT2G18910:3;AT2G18940:3;AT2G18960:3;AT2G19050:3;AT2G19070:3;AT2G19110:3
carinata,Bca_C,Bca_B,C3,5,BcaC03g081330.3DH.1,BcaC03g081550.3DH.1,2.79,AT3G45280:1;AT3G45260:1;AT3G45230:1;AT3G45190:1;AT3G45090:1
carinata,Bca_C,Bca_B,C3,20,BcaC03g081650.3DH.1,BcaC03g082380.3DH.1,0.03,AT1G26600:3;AT1G26590:3;AT1G26580:3;AT1G26550:3;AT1G26420:3;AT1G26410:3;AT1G26390:3;AT1G26380:3;AT1G26370:3;AT1G26360:3;AT1G26310:3;AT1G26270:3;AT1G26220:3;AT1G26210:3;AT1G26200:3;AT1G26190:3;AT1G26180:3;AT1G26160:3;AT1G26140:3;AT1G26120:3
carinata,Bca_C,Bca_B,C3,6,BcaC03g083210.3DH.1,BcaC03g083300.3DH.1,2.11,AT1G24350:3;AT1G24330:3;AT1G24310:3;AT1G24280:3;AT1G24270:3;AT1G24265:3
carinata,Bca_C,Bca_B,C3,7,BcaC03g083470.3DH.1,BcaC03g083790.3DH.1,0.87,AT1G27450:2;AT1G27460:2;AT1G27461:2;AT1G27470:2;AT1G27510:2;AT1G27595:2;AT1G27620:2
carinata,Bca_C,Bca_B,C3,7,BcaC03g083960.3DH.1,BcaC03g084060.3DH.1,3.5,AT1G27752:2;AT1G27770:2;AT1G27850:2;AT1G27900:2;AT1G27910:2;AT1G27960:2;AT1G27980:2
carinata,Bca_C,Bca_B,C3,9,BcaC03g084800.3DH.1,BcaC03g084930.3DH.1,1.43,AT1G28510:2;AT1G28530:2;AT1G28540:2;AT1G28560:2;AT1G28640:2;AT1G28670:2;AT1G28690:2;AT1G28960:2;AT1G29060:2
carinata,Bca_C,Bca_B,C3,7,BcaC03g087210.3DH.1,BcaC03g087290.3DH.1,0.93,AT4G38870:1;AT4G38900:1;AT4G38910:1;AT4G38920:1;AT4G38960:1;AT4G38970:1;AT4G38980:1
carinata,Bca_C,Bca_B,C3,6,BcaC03g087550.3DH.1,BcaC03g087680.3DH.1,7.34,AT4G39160:1;AT4G39170:1;AT4G39180:1;AT4G39190:1;AT4G39220:1;AT4G39230:1
carinata,Bca_C,Bca_B,C3,23,BcaC03g088590.3DH.1,BcaC03g089050.3DH.1,0.26,AT4G39970:1;AT4G40060:1;AT4G40070:1;AT4G40080:1;AT4G38100:2;AT4G38070:2;AT4G38060:2;AT4G38040:2;AT4G38030:2;AT4G38010:2;AT4G37980:2;AT4G37970:2;AT4G37950:2;AT4G37940:2;AT4G37925:2;AT4G37910:2;AT4G37880:2;AT4G37850:2;AT4G37840:2;AT4G37830:2;AT4G37820:2;AT4G37810:2;AT4G37770:2
carinata,Bca_C,Bca_B,C3,6,BcaC03g089290.3DH.1,BcaC03g089500.3DH.1,0.0,AT4G37480:2;AT4G37440:2;AT4G37410:2;AT4G37400:2;AT4G37330:2;AT4G37320:2
carinata,Bca_C,Bca_B,C3,27,BcaC03g089880.3DH.1,BcaC03g090350.3DH.1,0.38,AT4G37240:2;AT4G36870:3;AT4G36810:3;AT4G36800:3;AT4G36760:3;AT4G36740:3;AT4G36730:3;AT4G36720:3;AT4G36700:3;AT4G36690:3;AT4G36680:3;AT4G36670:3;AT4G36640:3;AT4G36630:3;AT4G36620:3;AT4G36610:3;AT4G36600:3;AT4G36550:3;AT4G36540:3;AT4G36500:3;AT4G36470:3;AT4G36350:3;AT4G36250:3;AT4G36230:3;AT4G36150:3;AT4G36140:3;AT4G36130:3
carinata,Bca_C,Bca_B,C3,5,BcaC03g095270.3DH.1,BcaC03g095310.3DH.1,0.02,AT4G23130:3;AT4G23250:3;AT4G23260:3;AT4G23420:3;AT4G23493:3
carinata,Bca_C,Bca_B,C3,5,BcaC03g095460.3DH.1,BcaC03g095510.3DH.1,3.28,AT4G35290:3;AT4G35260:3;AT4G35250:3;AT4G35240:3;AT4G35230:3
carinata,Bca_C,Bca_B,C3,11,BcaC03g095740.3DH.1,BcaC03g096050.3DH.1,0.09,AT4G35080:3;AT4G35060:3;AT4G35040:3;AT4G34950:3;AT4G34940:3;AT4G34930:3;AT4G34920:3;AT4G34910:3;AT4G34860:3;AT4G34840:3;AT4G34770:3
carinata,Bca_C,Bca_B,C3,8,BcaC03g096300.3DH.1,BcaC03g096450.3DH.1,0.0,AT4G34550:3;AT4G34530:3;AT4G34520:3;AT4G34510:3;AT4G34460:3;AT4G34450:3;AT4G34430:3;AT4G34419:3
carinata,Bca_C,Bca_B,C3,8,BcaC03g100970.3DH.1,BcaC03g101130.3DH.1,0.21,AT1G54050:2;AT1G54010:2;AT1G54000:2;AT1G53940:2;AT1G53920:2;AT1G53910:2;AT1G53885:2;AT1G53850:2
carinata,Bca_C,Bca_B,C3,8,BcaC03g101370.3DH.1,BcaC03g101620.3DH.1,0.69,AT1G53460:2;AT1G53345:2;AT1G53330:2;AT1G53320:2;AT1G53310:2;AT1G53300:2;AT1G53270:2;AT1G53250:2
carinata,Bca_C,Bca_B,C4,5,BcaC04g002500.3DH.1,BcaC04g002540.3DH.1,2.66,AT2G46200:1;AT2G46170:1;AT2G46160:1;AT2G46150:1;AT2G46140:1
carinata,Bca_C,Bca_B,C4,5,BcaC04g008540.3DH.1,BcaC04g008610.3DH.1,6.12,AT2G39950:1;AT2G39930:1;AT2G39920:1;AT2G39900:1;AT2G39880:1
carinata,Bca_C,Bca_B,C4,7,BcaC04g010810.3DH.1,BcaC04g010930.3DH.1,0.76,AT2G38170:1;AT2G38160:1;AT2G38152:1;AT2G38150:1;AT2G38140:1;AT2G38130:1;AT2G38110:1
carinata,Bca_C,Bca_B,C4,8,BcaC04g016370.3DH.1,BcaC04g016540.3DH.1,2.05,AT2G34360:1;AT2G34357:1;AT2G34350:1;AT2G34340:1;AT2G34310:1;AT2G34300:1;AT2G34260:1;AT2G34250:1
carinata,Bca_C,Bca_B,C4,6,BcaC04g016620.3DH.1,BcaC04g016720.3DH.1,1.2,AT2G34200:1;AT2G34190:1;AT2G34170:1;AT2G34150:1;AT2G34100:1;AT2G34090:1
carinata,Bca_C,Bca_B,C4,5,BcaC04g017610.3DH.1,BcaC04g017700.3DH.1,1.95,AT2G33330:1;AT2G33310:1;AT2G33260:1;AT2G33240:1;AT2G33230:1
carinata,Bca_C,Bca_B,C4,11,BcaC04g029220.3DH.1,BcaC04g030430.3DH.1,3.08,AT1G56580:2;AT1G57680:1;AT1G58170:3;AT1G58200:3;AT1G60200:2;AT1G60190:2;AT1G60170:2;AT1G59990:2;AT1G59910:2;AT1G59900:2;AT1G59820:2
carinata,Bca_C,Bca_B,C4,9,BcaC04g030540.3DH.1,BcaC04g031140.3DH.1,0.15,AT1G59720:2;AT1G59610:2;AT1G59600:2;AT1G58520:3;AT1G60350:2;AT1G60620:2;AT1G60640:2;AT1G60660:2;AT1G60800:2
carinata,Bca_C,Bca_B,C4,28,BcaC04g031530.3DH.1,BcaC04g033300.3DH.1,0.5,AT1G60995:2;AT1G61000:2;AT1G61010:2;AT1G61040:2;AT1G61065:2;AT1G61140:2;AT1G61150:2;AT1G61170:2;AT1G61210:2;AT1G61215:2;AT1G61340:2;AT1G61360:2;AT1G61420:2;AT1G61560:2;AT1G61580:2;AT1G61600:2;AT1G61610:2;AT1G61630:2;AT1G61640:2;AT1G61667:2;AT1G61720:2;AT1G61760:2;AT1G61770:2;AT1G61860:2;AT1G61870:2;AT1G61950:2;AT1G61990:2;AT1G62040:2
carinata,Bca_C,Bca_B,C4,12,BcaC04g034950.3DH.1,BcaC04g035360.3DH.1,0.15,AT1G63205:2;AT1G63440:3;AT1G63450:3;AT1G63540:2;AT1G63570:3;AT1G63720:3;AT1G63730:2;AT1G63770:3;AT1G63840:3;AT1G63880:3;AT1G63940:2;AT1G63950:2
carinata,Bca_C,Bca_B,C4,12,BcaC04g050740.3DH.1,BcaC04g051100.3DH.1,4.79,AT4G13580:1;AT4G13560:1;AT4G13550:1;AT4G13540:1;AT4G13450:2;AT4G13430:1;AT4G13410:1;AT4G13400:1;AT4G13360:1;AT4G13350:1;AT4G13250:1;AT4G13210:1
carinata,Bca_C,Bca_B,C4,12,BcaC04g051160.3DH.1,BcaC04g051590.3DH.1,2.58,AT4G13160:1;AT4G13150:1;AT4G13110:1;AT4G13050:1;AT4G12910:1;AT4G12870:1;AT4G12840:1;AT4G12830:1;AT4G12790:1;AT4G12740:1;AT4G12650:1;AT5G35430:1
carinata,Bca_C,Bca_B,C4,5,BcaC04g051900.3DH.1,BcaC04g052110.3DH.1,0.01,AT5G35740:1;AT5G35750:1;AT5G35753:1;AT5G35770:1;AT5G35870:1
carinata,Bca_C,Bca_B,C4,19,BcaC04g063860.3DH.1,BcaC04g064620.3DH.1,1.99,AT2G24650:1;AT2G24681:1;AT2G24696:2;AT2G24710:2;AT2G24720:2;AT2G24790:2;AT2G24860:2;AT2G24940:2;AT2G24960:2;AT2G24990:2;AT2G25010:2;AT2G25070:2;AT2G25090:2;AT2G25100:2;AT2G25110:2;AT2G25180:2;AT2G25190:2;AT2G25210:2;AT2G25220:2
carinata,Bca_C,Bca_B,C4,5,BcaC04g064870.3DH.1,BcaC04g064950.3DH.1,2.34,AT2G25605:2;AT2G25625:2;AT2G25640:2;AT2G25660:2;AT2G25737:2
carinata,Bca_C,Bca_B,C4,6,BcaC04g066300.3DH.1,BcaC04g066390.3DH.1,6.05,AT2G27820:1;AT2G27840:1;AT2G27860:1;AT2G27900:1;AT2G27920:1;AT2G27970:1
carinata,Bca_C,Bca_B,C4,7,BcaC04g067010.3DH.1,BcaC04g067130.3DH.1,1.26,AT2G28560:1;AT2G28570:1;AT2G28605:1;AT2G28620:1;AT2G28625:1;AT2G28640:1;AT2G28660:1
carinata,Bca_C,Bca_B,C4,5,BcaC04g067980.3DH.1,BcaC04g068070.3DH.1,0.46,AT2G29350:1;AT2G29360:1;AT2G29370:1;AT2G29390:1;AT2G29450:1
carinata,Bca_C,Bca_B,C4,5,BcaC04g070760.3DH.1,BcaC04g070840.3DH.1,1.46,AT2G31870:1;AT2G31880:1;AT2G31910:1;AT2G31985:1;AT2G32010:3
carinata,Bca_C,Bca_B,C4,5,BcaC04g071740.3DH.1,BcaC04g071980.3DH.1,0.04,AT2G32950:2;AT2G32960:2;AT2G33255:2;AT2G33270:2;AT2G33280:2
carinata,Bca_C,Bca_B,C4,21,BcaC04g074260.3DH.1,BcaC04g074670.3DH.1,0.93,AT2G35720:1;AT2G35730:1;AT2G35740:1;AT2G35760:1;AT2G35765:1;AT2G35770:1;AT2G35780:1;AT2G35790:1;AT2G35800:1;AT2G35830:1;AT2G35840:1;AT2G35850:1;AT2G35860:1;AT2G35890:1;AT2G35900:1;AT2G35910:1;AT2G35940:1;AT2G35970:1;AT2G35980:1;AT2G35990:1;AT2G36000:1
carinata,Bca_C,Bca_B,C4,5,BcaC04g076650.3DH.1,BcaC04g076700.3DH.1,0.06,AT2G38320:2;AT2G38370:2;AT2G38380:2;AT2G38390:2;AT2G38400:3
carinata,Bca_C,Bca_B,C4,6,BcaC04g077490.3DH.1,BcaC04g077600.3DH.1,3.06,AT2G39725:2;AT2G39740:2;AT2G39760:2;AT2G39770:2;AT2G39805:2;AT2G39855:1
carinata,Bca_C,Bca_B,C4,5,BcaC04g080340.3DH.1,BcaC04g080460.3DH.1,2.52,AT2G43240:1;AT2G43280:1;AT2G43290:1;AT2G43310:1;AT2G43320:1
carinata,Bca_C,Bca_B,C4,5,BcaC04g080840.3DH.1,BcaC04g080920.3DH.1,0.0,AT2G43720:1;AT2G43730:1;AT2G43740:1;AT2G43750:1;AT2G43860:1
carinata,Bca_C,Bca_B,C4,9,BcaC04g081570.3DH.1,BcaC04g081660.3DH.1,1.76,AT2G44990:1;AT2G45060:1;AT2G45070:1;AT2G45120:1;AT2G45130:1;AT2G45140:1;AT2G45180:1;AT2G45190:1;AT2G45200:1
carinata,Bca_C,Bca_B,C4,7,BcaC04g081940.3DH.1,BcaC04g082040.3DH.1,1.71,AT2G45550:1;AT2G45560:1;AT2G45570:1;AT2G45590:1;AT2G45620:1;AT2G45670:1;AT2G45700:1
carinata,Bca_C,Bca_B,C5,8,BcaC05g001690.3DH.1,BcaC05g001790.3DH.1,0.04,AT1G09440:1;AT1G09410:1;AT1G09390:1;AT1G09380:1;AT1G09370:1;AT1G09360:1;AT1G09340:1;AT1G09320:1
carinata,Bca_C,Bca_B,C5,7,BcaC05g005020.3DH.1,BcaC05g005100.3DH.1,0.0,AT1G05760:1;AT1G05710:2;AT1G05700:2;AT1G05690:2;AT1G05675:2;AT1G05670:2;AT1G05650:2
carinata,Bca_C,Bca_B,C5,5,BcaC05g006130.3DH.1,BcaC05g006190.3DH.1,0.42,AT1G04890:1;AT1G04880:1;AT1G04850:1;AT1G04840:1;AT1G04830:1
carinata,Bca_C,Bca_B,C5,9,BcaC05g007780.3DH.1,BcaC05g007940.3DH.1,0.35,AT1G02980:1;AT1G02950:1;AT1G02940:1;AT1G02920:1;AT1G02890:1;AT1G02870:1;AT1G02860:1;AT1G02850:1;AT1G02820:1
carinata,Bca_C,Bca_B,C5,5,BcaC05g007980.3DH.1,BcaC05g008050.3DH.1,0.1,AT1G02750:1;AT1G02730:1;AT1G02690:1;AT1G02680:1;AT1G02640:1
carinata,Bca_C,Bca_B,C5,7,BcaC05g008080.3DH.1,BcaC05g008170.3DH.1,0.04,AT1G02580:1;AT1G02570:1;AT1G02560:1;AT1G02470:1;AT1G02460:1;AT1G02450:1;AT1G02440:1
carinata,Bca_C,Bca_B,C5,8,BcaC05g008220.3DH.1,BcaC05g008350.3DH.1,0.48,AT1G02390:1;AT1G02380:1;AT1G02370:1;AT1G02360:1;AT1G02340:1;AT1G02335:1;AT1G02310:1;AT1G02280:1
carinata,Bca_C,Bca_B,C5,5,BcaC05g012130.3DH.1,BcaC05g012190.3DH.1,0.03,AT1G12000:1;AT1G11990:1;AT1G11960:1;AT1G11925:1;AT1G11920:1
carinata,Bca_C,Bca_B,C5,18,BcaC05g026390.3DH.1,BcaC05g027010.3DH.1,0.67,AT1G24210:1;AT1G27210:3;AT1G27200:3;AT1G27190:3;AT1G27180:3;AT1G27170:3;AT1G27150:3;AT1G27130:3;AT1G27120:3;AT1G27100:3;AT1G27090:3;AT1G27070:3;AT1G27060:3;AT1G27045:3;AT1G27020:3;AT1G27000:3;AT1G26760:1;AT1G26750:1
carinata,Bca_C,Bca_B,C5,5,BcaC05g028080.3DH.1,BcaC05g028130.3DH.1,2.19,AT1G25380:1;AT1G25375:1;AT1G25350:1;AT1G25340:1;AT1G25320:1
carinata,Bca_C,Bca_B,C5,6,BcaC05g029120.3DH.1,BcaC05g029210.3DH.1,1.2,AT1G27290:1;AT1G27300:1;AT1G27330:1;AT1G27340:1;AT1G27370:1;AT1G27385:1
carinata,Bca_C,Bca_B,C5,8,BcaC05g037950.3DH.1,BcaC05g038380.3DH.1,0.02,AT1G33100:3;AT1G33110:3;AT1G51380:3;AT1G51360:3;AT1G51355:3;AT1G51340:2;AT1G51310:2;AT1G51260:2
carinata,Bca_C,Bca_B,C5,19,BcaC05g038550.3DH.1,BcaC05g040900.3DH.1,0.64,AT1G51070:1;AT1G51060:1;AT1G51040:1;AT1G50960:1;AT1G43850:2;AT1G43860:2;AT1G43890:2;AT1G43910:2;AT1G44110:2;AT1G44120:1;AT1G44160:1;AT1G44224:2;AT1G47670:3;AT1G47990:1;AT1G48020:3;AT1G48130:1;AT1G48160:3;AT1G48260:3;AT1G48310:2
carinata,Bca_C,Bca_B,C5,12,BcaC05g041330.3DH.1,BcaC05g041830.3DH.1,1.1,AT1G48750:2;AT1G48760:2;AT1G48840:1;AT1G48850:3;AT1G48900:3;AT1G48920:3;AT1G48930:1;AT1G49030:1;AT1G49050:1;AT1G49110:1;AT1G49170:1;AT1G49300:3
carinata,Bca_C,Bca_B,C5,5,BcaC05g041990.3DH.1,BcaC05g042450.3DH.1,1.1,AT1G49340:1;AT1G49350:1;AT1G49430:1;AT1G49500:1;AT1G49510:1
carinata,Bca_C,Bca_B,C5,8,BcaC05g042990.3DH.1,BcaC05g043290.3DH.1,0.03,AT1G49870:2;AT1G49890:3;AT1G49990:2;AT1G50000:2;AT1G50030:3;AT1G50200:3;AT1G50310:3;AT1G50360:3
carinata,Bca_C,Bca_B,C5,9,BcaC05g043500.3DH.1,BcaC05g043870.3DH.1,0.44,AT1G50440:3;AT1G50480:3;AT1G50490:3;AT1G50510:3;AT1G50560:3;AT1G50570:3;AT1G50600:3;AT1G50620:3;AT1G50680:3
carinata,Bca_C,Bca_B,C5,11,BcaC05g052050.3DH.1,BcaC05g058100.3DH.1,0.66,AT3G21120:3;AT3G21130:3;AT3G21170:3;AT3G18215:3;AT3G18220:3;AT3G18230:3;AT3G18240:3;AT3G18270:3;AT3G18280:3;AT3G18290:3;AT3G18295:3
carinata,Bca_C,Bca_B,C5,6,BcaC05g062840.3DH.1,BcaC05g062990.3DH.1,0.45,AT3G15520:1;AT3G15518:1;AT3G15500:1;AT3G15490:1;AT3G15480:1;AT3G15470:1
carinata,Bca_C,Bca_B,C5,7,BcaC05g064950.3DH.1,BcaC05g065060.3DH.1,1.0,AT3G14170:1;AT3G14160:1;AT3G14130:1;AT3G14110:1;AT3G14090:1;AT3G14070:1;AT3G14050:1
carinata,Bca_C,Bca_B,C5,5,BcaC05g066430.3DH.1,BcaC05g066500.3DH.1,0.76,AT3G13000:3;AT3G12977:3;AT3G12970:3;AT3G12940:2;AT3G12930:2
carinata,Bca_C,Bca_B,C5,6,BcaC05g069490.3DH.1,BcaC05g069570.3DH.1,0.03,AT3G10360:1;AT3G10340:1;AT3G10320:1;AT3G10310:1;AT3G10290:1;AT3G10270:1
carinata,Bca_C,Bca_B,C5,7,BcaC05g069600.3DH.1,BcaC05g069700.3DH.1,1.96,AT3G10230:1;AT3G10210:1;AT3G10200:1;AT3G10190:1;AT3G10150:1;AT3G10130:1;AT3G10070:1
carinata,Bca_C,Bca_B,C5,9,BcaC05g069750.3DH.1,BcaC05g069850.3DH.1,1.03,AT3G10020:2;AT3G09980:2;AT3G09970:1;AT3G09960:1;AT3G09950:1;AT3G09930:1;AT3G09920:1;AT3G09910:1;AT3G09900:1
carinata,Bca_C,Bca_B,C5,25,BcaC05g069930.3DH.1,BcaC05g070420.3DH.1,0.91,AT3G09870:1;AT3G09860:1;AT3G09850:1;AT3G09830:1;AT3G09810:1;AT3G09780:1;AT3G09770:1;AT3G09760:2;AT3G09660:2;AT3G09650:2;AT3G09620:1;AT3G09600:1;AT3G09580:1;AT3G09570:1;AT3G09560:1;AT3G09520:1;AT3G09470:1;AT3G09450:1;AT3G09430:1;AT3G09405:2;AT3G09400:2;AT3G09390:2;AT3G09380:2;AT3G09350:2;AT5G02120:3
carinata,Bca_C,Bca_B,C5,14,BcaC05g076920.3DH.1,BcaC05g077120.3DH.1,0.95,AT3G01250:1;AT5G15080:1;AT3G01311:1;AT3G01340:1;AT3G01360:1;AT3G01370:1;AT3G01380:1;AT3G01420:1;AT3G01435:1;AT3G01440:1;AT3G01460:1;AT3G01470:1;AT3G01480:1;AT3G01490:1
carinata,Bca_C,Bca_B,C6,9,BcaC06g000950.3DH.1,BcaC06g001530.3DH.1,3.36,AT1G44608:1;AT1G44750:1;AT1G44770:1;AT1G44780:1;AT1G44790:1;AT1G44820:1;AT1G44830:1;AT1G44890:1;AT1G44910:1
carinata,Bca_C,Bca_B,C6,7,BcaC06g003690.3DH.1,BcaC06g003860.3DH.1,1.27,AT1G48470:1;AT1G48540:1;AT1G48550:1;AT1G48560:1;AT1G48570:1;AT1G48580:1;AT1G48600:1
carinata,Bca_C,Bca_B,C6,5,BcaC06g003980.3DH.1,BcaC06g004150.3DH.1,0.0,AT1G48635:1;AT1G48650:1;AT1G48660:1;AT1G48670:1;AT1G48690:1
carinata,Bca_C,Bca_B,C6,5,BcaC06g004460.3DH.1,BcaC06g004550.3DH.1,0.03,AT1G48950:2;AT1G48960:2;AT1G48980:2;AT1G48990:2;AT1G49000:2
carinata,Bca_C,Bca_B,C6,9,BcaC06g007980.3DH.1,BcaC06g008160.3DH.1,0.04,AT1G51745:2;AT1G51780:2;AT1G51850:2;AT1G51860:2;AT1G51880:2;AT1G51890:2;AT1G51900:2;AT1G51910:2;AT1G52030:3
carinata,Bca_C,Bca_B,C6,9,BcaC06g009520.3DH.1,BcaC06g009790.3DH.1,0.59,AT1G52680:2;AT1G52730:1;AT1G52750:1;AT1G52760:3;AT1G52770:3;AT1G52780:3;AT1G52790:3;AT1G52800:3;AT1G52810:3
carinata,Bca_C,Bca_B,C6,6,BcaC06g013700.3DH.1,BcaC06g013800.3DH.1,1.98,AT1G52530:1;AT1G52520:1;AT1G52510:1;AT1G52500:1;AT1G52470:1;AT1G52420:1
carinata,Bca_C,Bca_B,C6,6,BcaC06g013860.3DH.1,BcaC06g014170.3DH.1,0.22,AT1G52342:3;AT1G52330:1;AT1G52315:2;AT1G52240:3;AT1G52140:3;AT1G52080:3
carinata,Bca_C,Bca_B,C6,9,BcaC06g016450.3DH.1,BcaC06g016640.3DH.1,0.65,AT1G34790:1;AT1G34760:1;AT1G34750:1;AT1G34670:1;AT1G34630:1;AT1G34570:1;AT1G34550:1;AT1G34430:1;AT1G34420:1
carinata,Bca_C,Bca_B,C6,7,BcaC06g016810.3DH.1,BcaC06g016960.3DH.1,2.68,AT1G34270:1;AT1G34260:1;AT1G34245:1;AT1G34220:1;AT1G34200:1;AT1G34180:1;AT1G34150:1
carinata,Bca_C,Bca_B,C6,5,BcaC06g017710.3DH.1,BcaC06g017960.3DH.1,5.89,AT1G33590:1;AT1G33490:1;AT1G33480:1;AT1G33475:1;AT1G33360:1
carinata,Bca_C,Bca_B,C6,5,BcaC06g020020.3DH.1,BcaC06g020200.3DH.1,0.41,AT1G55680:2;AT1G55730:2;AT1G55790:2;AT1G55860:2;AT1G55890:2
carinata,Bca_C,Bca_B,C6,11,BcaC06g027420.3DH.1,BcaC06g027630.3DH.1,0.99,AT3G54820:2;AT3G54826:2;AT3G54890:2;AT3G54900:2;AT3G54920:2;AT3G54930:2;AT3G54950:2;AT3G54990:2;AT3G55005:2;AT3G55010:2;AT3G55060:2
carinata,Bca_C,Bca_B,C6,292,BcaC06g027690.3DH.1,BcaC06g034960.3DH.1,1.02,AT3G55120:2;AT3G55380:3;AT3G55410:3;AT3G55430:3;AT3G55550:3;AT3G55560:3;AT3G55620:3;AT3G55672:3;AT3G55677:3;AT3G55690:3;AT3G55710:3;AT3G55800:3;AT3G55880:3;AT3G55890:3;AT3G55960:3;AT3G55990:3;AT3G56090:3;AT3G56100:3;AT3G56110:3;AT3G56140:3;AT3G56180:3;AT3G56190:3;AT3G56220:3;AT3G56230:3;AT3G56240:3;AT3G56250:3;AT3G56260:3;AT3G56290:3;AT3G56340:3;AT3G56400:3;AT3G56410:3;AT3G56420:3;AT3G56460:3;AT3G56480:3;AT3G56490:3;AT3G56520:3;AT3G56620:3;AT3G56630:3;AT3G56700:3;AT3G56710:3;AT3G56750:3;AT3G56800:3;AT3G56810:3;AT3G56850:3;AT3G56910:3;AT3G56930:3;AT3G56940:3;AT3G56950:3;AT3G56960:3;AT3G56970:3;AT3G56980:3;AT3G56990:3;AT3G57000:3;AT3G57020:3;AT3G57040:3;AT3G57050:3;AT3G57120:3;AT3G57140:3;AT3G57150:3;AT3G57270:3;AT3G57280:3;AT3G57320:3;AT3G57330:3;AT3G57390:3;AT3G57400:3;AT3G57450:3;AT3G57470:3;AT3G57480:3;AT3G57500:3;AT3G57510:3;AT3G57520:3;AT3G57530:3;AT3G57550:3;AT3G57600:3;AT3G57610:3;AT3G57640:3;AT3G57650:3;AT3G57660:3;AT3G57670:3;AT3G57750:3;AT3G57760:3;AT3G57870:3;AT3G57880:3;AT3G57890:3;AT3G57920:3;AT3G57930:3;AT3G57960:3;AT3G57980:3;AT3G58030:3;AT3G58040:3;AT3G58060:3;AT3G58070:3;AT3G58110:3;AT3G58120:3;AT3G58130:3;AT3G58140:3;AT3G58160:3;AT3G58170:3;AT3G58180:3;AT3G58230:3;AT3G58270:3;AT3G58340:3;AT3G58350:3;AT3G58360:3;AT3G58400:3;AT3G58420:3;AT3G58430:3;AT3G58440:3;AT3G58450:3;AT3G58490:3;AT3G58500:3;AT3G58510:3;AT3G58550:3;AT3G58560:3;AT3G58570:3;AT3G58580:3;AT3G58610:3;AT3G58630:3;AT3G58640:3;AT3G58650:3;AT3G58660:3;AT3G58690:3;AT3G58700:3;AT3G58720:3;AT3G58730:3;AT3G58750:3;AT3G58780:3;AT3G58790:3;AT3G58830:3;AT3G58840:3;AT3G58900:3;AT3G59000:3;AT3G59020:3;AT3G59030:3;AT3G59040:3;AT3G59050:3;AT3G59080:3;AT3G59100:3;AT3G59110:3;AT3G59200:3;AT3G59210:3;AT3G59240:3;AT3G59250:3;AT3G59260:3;AT3G59270:3;AT3G59320:3;AT3G59340:3;AT3G59350:3;AT3G59390:3;AT3G59400:3;AT3G59430:3;AT3G59440:3;AT3G59470:3;AT3G59480:3;AT3G59500:3;AT3G59510:3;AT3G59540:3;AT3G59580:3;AT3G59650:3;AT3G59660:3;AT3G59670:3;AT3G59700:3;AT3G59710:3;AT3G59770:3;AT3G59780:3;AT3G59790:3;AT3G59810:3;AT3G59830:3;AT3G59840:3;AT3G59900:3;AT3G59920:3;AT3G59940:3;AT3G59960:3;AT3G59970:3;AT3G59990:3;AT3G60090:3;AT3G60130:3;AT3G60160:3;AT3G60200:3;AT3G60220:3;AT3G60245:3;AT3G60250:3;AT3G60260:3;AT3G60340:3;AT3G60380:3;AT3G60420:3;AT3G60460:3;AT3G60470:3;AT3G60490:3;AT3G60500:3;AT3G60510:3;AT3G60520:3;AT3G60530:3;AT3G60550:3;AT3G60570:3;AT3G60580:3;AT3G60750:1;AT3G60770:1;AT3G60820:1;AT3G60830:1;AT3G60900:2;AT3G60910:2;AT3G61050:1;AT3G61070:1;AT3G61080:1;AT3G61110:2;AT3G61140:2;AT3G61150:2;AT3G61160:2;AT3G61170:2;AT3G61240:3;AT3G61250:3;AT3G61270:3;AT3G61310:3;AT3G61350:3;AT3G61390:3;AT3G61410:3;AT3G61415:3;AT3G61460:3;AT3G61470:3;AT3G61480:3;AT3G61520:3;AT3G61540:3;AT3G61560:3;AT3G61570:3;AT3G61580:3;AT3G61590:3;AT3G61600:3;AT3G61610:3;AT3G61620:3;AT3G61630:3;AT3G61690:3;AT3G61700:3;AT3G61710:3;AT3G61730:3;AT3G61740:3;AT3G61750:3;AT3G61760:3;AT3G61770:3;AT3G61780:3;AT3G61790:3;AT3G61800:3;AT3G61810:3;AT3G61820:3;AT3G61850:3;AT3G61910:3;AT3G61960:3;AT3G61970:3;AT3G62090:3;AT3G62100:3;AT3G62110:3;AT3G62120:3;AT3G62130:3;AT3G62140:3;AT3G62150:3;AT3G62170:3;AT3G62180:3;AT3G62240:3;AT3G62250:3;AT3G62280:3;AT3G62290:3;AT3G62320:3;AT3G62330:3;AT3G62360:3;AT3G62370:3;AT3G62410:3;AT3G62420:3;AT3G62600:3;AT3G62630:3;AT3G62650:3;AT3G62660:3;AT3G62680:3;AT3G62690:3;AT3G62710:3;AT3G62770:3;AT3G62790:3;AT3G62830:3;AT3G62840:3;AT3G62870:3;AT3G62890:3;AT3G62900:3;AT3G62930:3;AT3G62960:3;AT3G62980:3;AT3G63000:3;AT3G63010:3;AT3G63070:3;AT3G63080:3;AT3G63090:3;AT3G63095:3;AT3G63410:3;AT3G63460:3
carinata,Bca_C,Bca_B,C6,7,BcaC06g035100.3DH.1,BcaC06g035240.3DH.1,1.0,AT1G79940:3;AT1G79950:3;AT1G79970:1;AT1G80000:1;AT1G80010:1;AT1G80080:1;AT1G80100:1
carinata,Bca_C,Bca_B,C6,22,BcaC06g035400.3DH.1,BcaC06g035960.3DH.1,0.43,AT1G80350:3;AT1G80360:3;AT1G80370:3;AT1G80380:3;AT1G80410:3;AT1G80420:3;AT1G80450:3;AT1G80490:1;AT1G80510:3;AT1G80520:3;AT1G80530:3;AT1G80610:3;AT1G80660:3;AT1G80670:3;AT1G80680:3;AT1G80690:3;AT1G80700:3;AT1G80730:3;AT1G80750:3;AT1G80770:3;AT1G80790:3;AT1G80820:2
carinata,Bca_C,Bca_B,C6,8,BcaC06g036120.3DH.1,BcaC06g036240.3DH.1,3.74,AT1G80940:1;AT1G80950:1;AT1G79720:2;AT1G80960:1;AT1G79690:2;AT1G79680:2;AT1G79650:2;AT1G79640:1
carinata,Bca_C,Bca_B,C6,7,BcaC06g036350.3DH.1,BcaC06g036480.3DH.1,0.86,AT1G79490:2;AT1G79450:2;AT1G79420:2;AT1G79390:2;AT1G79380:2;AT1G79340:2;AT1G79280:2
carinata,Bca_C,Bca_B,C6,6,BcaC06g036530.3DH.1,BcaC06g036700.3DH.1,0.24,AT1G79180:2;AT1G79160:2;AT1G79150:2;AT1G79110:2;AT1G79090:2;AT1G79070:2
carinata,Bca_C,Bca_B,C6,8,BcaC06g036730.3DH.1,BcaC06g036940.3DH.1,0.74,AT1G79030:2;AT1G79010:2;AT1G78995:2;AT1G78990:2;AT1G78980:2;AT1G78955:2;AT1G78922:2;AT1G78915:2
carinata,Bca_C,Bca_B,C6,5,BcaC06g038300.3DH.1,BcaC06g038360.3DH.1,0.36,AT1G76870:1;AT1G76850:1;AT1G76790:3;AT1G76740:3;AT1G76730:3
carinata,Bca_C,Bca_B,C6,6,BcaC06g038580.3DH.1,BcaC06g038700.3DH.1,0.07,AT1G76405:3;AT1G76400:3;AT1G76370:3;AT1G76350:3;AT1G76250:3;AT1G76180:3
carinata,Bca_C,Bca_B,C6,23,BcaC06g039690.3DH.1,BcaC06g040230.3DH.1,0.48,AT1G74830:3;AT1G74820:1;AT1G74780:1;AT1G74720:3;AT1G74710:3;AT1G74680:3;AT1G74660:3;AT1G74650:3;AT1G74620:3;AT1G74540:3;AT1G74500:3;AT1G74490:3;AT1G74460:3;AT1G74420:3;AT1G74400:3;AT1G74380:3;AT1G74370:3;AT1G74310:3;AT1G74270:3;AT1G74260:3;AT1G74250:3;AT1G74220:3;AT1G74210:3
carinata,Bca_C,Bca_B,C6,7,BcaC06g040670.3DH.1,BcaC06g040860.3DH.1,0.43,AT1G73670:3;AT1G73655:3;AT1G73600:3;AT1G73560:3;AT1G73530:3;AT1G73500:3;AT1G73450:2
carinata,Bca_C,Bca_B,C6,11,BcaC06g042450.3DH.1,BcaC06g042790.3DH.1,0.04,AT1G71480:2;AT1G71460:2;AT1G71390:2;AT1G71310:2;AT1G71190:3;AT1G71130:3;AT1G71070:3;AT1G70950:3;AT1G70920:3;AT1G70810:3;AT1G70790:3
carinata,Bca_C,Bca_B,C6,5,BcaC06g042840.3DH.1,BcaC06g043020.3DH.1,0.22,AT1G70720:3;AT1G70710:3;AT1G70680:3;AT1G70610:3;AT1G70490:3
carinata,Bca_C,Bca_B,C6,21,BcaC06g043920.3DH.1,BcaC06g044590.3DH.1,0.05,AT1G69520:3;AT1G69490:3;AT1G69440:3;AT1G69420:3;AT1G69390:3;AT1G69370:3;AT1G69310:3;AT1G69295:3;AT1G69270:3;AT1G69260:3;AT1G69250:3;AT1G69160:3;AT1G69120:3;AT1G69050:3;AT1G68990:3;AT1G68905:3;AT1G68870:3;AT1G68850:3;AT1G68810:3;AT1G68680:1;AT1G68660:1
carinata,Bca_C,Bca_B,C6,18,BcaC06g044630.3DH.1,BcaC06g045020.3DH.1,0.1,AT1G68585:3;AT1G68580:3;AT1G68570:3;AT1G68560:3;AT1G68550:3;AT1G68530:3;AT1G68520:3;AT1G68490:3;AT1G68460:3;AT1G68430:3;AT1G68350:3;AT1G68340:3;AT1G68330:3;AT1G68320:3;AT1G68310:3;AT1G68250:1;AT1G68190:1;AT1G68185:1
carinata,Bca_C,Bca_B,C6,6,BcaC06g045480.3DH.1,BcaC06g045690.3DH.1,3.1,AT1G67850:3;AT1G67840:3;AT1G67785:3;AT1G67750:3;AT1G67740:3;AT1G67690:3
carinata,Bca_C,Bca_B,C6,7,BcaC06g046160.3DH.1,BcaC06g046250.3DH.1,5.03,AT1G65470:1;AT1G65540:1;AT1G65570:1;AT1G65580:1;AT1G65590:1;AT1G65630:1;AT1G65650:1
carinata,Bca_C,Bca_B,C6,9,BcaC06g046290.3DH.1,BcaC06g046430.3DH.1,0.35,AT1G65730:1;AT1G65780:1;AT1G65790:1;AT1G65800:1;AT1G65890:1;AT1G65900:1;AT1G65950:1;AT1G65960:1;AT1G65990:1
carinata,Bca_C,Bca_B,C6,6,BcaC06g046490.3DH.1,BcaC06g046570.3DH.1,0.51,AT1G66110:1;AT1G66130:1;AT1G66150:1;AT1G66210:1;AT1G66220:1;AT1G66230:1
carinata,Bca_C,Bca_B,C6,7,BcaC06g047790.3DH.1,BcaC06g047960.3DH.1,2.63,AT1G67370:2;AT1G67420:3;AT1G67430:3;AT1G67440:2;AT1G67510:2;AT1G67570:2;AT1G67580:2
carinata,Bca_C,Bca_B,C6,9,BcaC06g050470.3DH.1,BcaC06g050750.3DH.1,0.02,AT1G69530:2;AT1G69540:2;AT1G69560:3;AT1G69570:3;AT1G69580:3;AT1G69588:3;AT1G69600:3;AT1G69640:3;AT1G69650:3
carinata,Bca_C,Bca_B,C6,5,BcaC06g053060.3DH.1,BcaC06g053100.3DH.1,1.35,AT1G71720:1;AT1G71730:1;AT1G71740:1;AT1G71750:1;AT1G71760:1
carinata,Bca_C,Bca_B,C6,5,BcaC06g056230.3DH.1,BcaC06g056280.3DH.1,0.14,AT1G74730:3;AT1G74740:3;AT1G74750:3;AT1G74770:3;AT1G74790:2
carinata,Bca_C,Bca_B,C6,6,BcaC06g059280.3DH.1,BcaC06g059350.3DH.1,2.28,AT1G77960:3;AT1G77980:3;AT1G77990:3;AT1G78000:3;AT1G78010:3;AT1G78040:1
carinata,Bca_C,Bca_B,C6,57,BcaC06g060200.3DH.1,BcaC06g060920.3DH.1,1.03,AT1G78940:1;AT1G78960:1;AT1G78970:1;AT1G78980:1;AT1G78990:1;AT1G79000:1;AT1G79010:1;AT1G79020:1;AT1G79030:1;AT1G79040:1;AT1G79060:1;AT1G79070:1;AT1G79080:1;AT1G79090:1;AT1G79110:1;AT1G79120:1;AT1G79130:1;AT1G79150:1;AT1G79160:1;AT1G79180:1;AT1G79200:1;AT1G79210:1;AT1G79220:1;AT1G79230:1;AT1G79250:1;AT1G79270:1;AT1G79280:1;AT1G79310:1;AT1G79320:1;AT1G79330:1;AT1G79340:1;AT1G79350:1;AT1G79360:1;AT1G79380:1;AT1G79390:1;AT1G79400:1;AT1G79410:1;AT1G79420:1;AT1G79430:1;AT1G79440:1;AT1G79460:1;AT1G79470:1;AT1G79480:1;AT1G79520:1;AT1G79550:1;AT1G79570:1;AT1G79580:1;AT1G79590:1;AT1G79610:1;AT1G79630:1;AT1G79660:1;AT1G79670:1;AT1G79680:1;AT1G79690:1;AT1G79700:1;AT1G79710:1;AT1G79720:1
carinata,Bca_C,Bca_B,C6,8,BcaC06g060980.3DH.1,BcaC06g061080.3DH.1,0.55,AT1G80900:2;AT1G80850:3;AT1G80840:3;AT1G80830:3;AT1G80820:3;AT1G80810:3;AT1G80780:1;AT1G80770:1
carinata,Bca_C,Bca_B,C6,6,BcaC06g061150.3DH.1,BcaC06g061250.3DH.1,0.86,AT1G80720:1;AT1G80710:1;AT1G80700:1;AT1G80690:1;AT1G80660:1;AT1G80630:1
carinata,Bca_C,Bca_B,C6,17,BcaC06g061580.3DH.1,BcaC06g061770.3DH.1,0.26,AT1G80340:2;AT1G80310:2;AT1G80300:3;AT1G80240:3;AT1G80220:3;AT1G80130:2;AT1G80120:2;AT1G80110:2;AT1G80090:2;AT1G80050:1;AT1G80030:3;AT1G79960:1;AT1G79950:1;AT1G79940:1;AT1G79915:1;AT1G79900:2;AT1G79870:2
carinata,Bca_C,Bca_B,C7,7,BcaC07g000170.3DH.1,BcaC07g000290.3DH.1,0.61,AT2G20825:1;AT2G20815:1;AT2G20770:1;AT2G20750:1;AT2G20740:1;AT2G20710:1;AT2G20690:1
carinata,Bca_C,Bca_B,C7,28,BcaC07g000960.3DH.1,BcaC07g002540.3DH.1,1.98,AT2G20330:1;AT2G20320:1;AT2G20310:1;AT2G20290:1;AT2G20270:1;AT2G20240:1;AT2G20230:1;AT2G20210:1;AT2G20190:1;AT2G20180:1;AT2G20120:1;AT2G20110:1;AT2G20050:1;AT2G20020:1;AT2G20010:1;AT2G20000:1;AT2G19990:1;AT2G19980:1;AT2G19970:1;AT2G19950:1;AT2G19920:1;AT2G19910:1;AT2G19900:1;AT2G19870:1;AT2G19830:1;AT2G19810:1;AT2G19800:1;AT2G19790:1
carinata,Bca_C,Bca_B,C7,5,BcaC07g002670.3DH.1,BcaC07g002730.3DH.1,0.73,AT2G19720:1;AT2G19710:1;AT2G19690:1;AT2G19670:1;AT2G19650:1
carinata,Bca_C,Bca_B,C7,12,BcaC07g002930.3DH.1,BcaC07g003630.3DH.1,2.05,AT2G19470:1;AT2G19450:1;AT2G19430:1;AT2G19400:1;AT2G19385:1;AT2G19350:1;AT2G19320:1;AT2G19310:1;AT2G19280:1;AT2G19270:1;AT2G19260:1;AT2G19240:1
carinata,Bca_C,Bca_B,C7,26,BcaC07g003920.3DH.1,BcaC07g005340.3DH.1,0.57,AT2G19090:1;AT2G19080:1;AT2G19010:1;AT2G19000:1;AT2G18969:1;AT2G18950:1;AT2G18915:1;AT2G18900:1;AT2G18860:1;AT2G18850:1;AT2G18800:1;AT2G18770:1;AT2G18730:1;AT2G18710:1;AT2G18680:1;AT2G18660:1;AT2G18650:1;AT2G18640:1;AT2G18630:1;AT2G18620:1;AT2G18590:1;AT2G18550:1;AT2G18510:1;AT2G18490:1;AT2G18470:1;AT2G18410:1
carinata,Bca_C,Bca_B,C7,10,BcaC07g005700.3DH.1,BcaC07g006120.3DH.1,3.45,AT2G18280:1;AT2G18250:1;AT2G18240:1;AT2G18230:1;AT2G18220:1;AT2G18170:1;AT2G18140:1;AT2G18130:1;AT2G18120:1;AT2G18060:1
carinata,Bca_C,Bca_B,C7,12,BcaC07g006290.3DH.1,BcaC07g006810.3DH.1,0.67,AT2G18000:1;AT2G17975:1;AT2G17972:1;AT2G17970:1;AT2G17940:1;AT2G17900:1;AT2G17870:1;AT2G17860:1;AT2G17820:1;AT2G17790:1;AT2G17787:1;AT2G17770:1
carinata,Bca_C,Bca_B,C7,6,BcaC07g007180.3DH.1,BcaC07g007590.3DH.1,2.77,AT2G17650:1;AT2G17560:1;AT2G17550:1;AT2G17500:1;AT2G17480:1;AT2G17470:1
carinata,Bca_C,Bca_B,C7,6,BcaC07g007940.3DH.1,BcaC07g008300.3DH.1,0.3,AT2G17260:1;AT2G17250:1;AT2G17230:1;AT2G17220:1;AT2G17210:1;AT2G17070:1
carinata,Bca_C,Bca_B,C7,5,BcaC07g009060.3DH.1,BcaC07g009210.3DH.1,1.48,AT2G16650:1;AT2G16630:1;AT2G16595:1;AT2G16570:1;AT2G16405:1
carinata,Bca_C,Bca_B,C7,7,BcaC07g009340.3DH.1,BcaC07g010020.3DH.1,0.09,AT2G16270:1;AT2G16130:1;AT2G16120:1;AT2G16090:1;AT2G16060:1;AT2G16050:1;AT2G15980:1
carinata,Bca_C,Bca_B,C7,6,BcaC07g010140.3DH.1,BcaC07g010410.3DH.1,0.3,AT2G15900:1;AT2G15820:1;AT2G15790:1;AT2G15780:1;AT2G15770:1;AT2G15760:1
carinata,Bca_C,Bca_B,C7,15,BcaC07g010530.3DH.1,BcaC07g011290.3DH.1,1.16,AT2G15630:1;AT2G15620:1;AT2G15570:1;AT2G15560:1;AT2G15530:1;AT2G15480:1;AT2G15430:1;AT2G15370:1;AT2G15310:1;AT2G15280:1;AT2G15240:1;AT2G15230:1;AT2G15220:1;AT2G15130:1;AT2G15000:1
carinata,Bca_C,Bca_B,C7,9,BcaC07g012650.3DH.1,BcaC07g012890.3DH.1,1.43,AT2G06040:2;AT2G06025:2;AT2G06010:2;AT2G06005:2;AT2G06000:2;AT2G05990:2;AT2G05940:2;AT2G05920:2;AT2G05910:2
carinata,Bca_C,Bca_B,C7,6,BcaC07g013170.3DH.1,BcaC07g014110.3DH.1,0.35,AT2G05620:2;AT2G05590:2;AT2G05120:2;AT2G04910:2;AT2G04900:2;AT2G04890:2
carinata,Bca_C,Bca_B,C7,9,BcaC07g015030.3DH.1,BcaC07g015440.3DH.1,1.31,AT3G25520:2;AT3G25440:3;AT3G25430:3;AT3G25420:3;AT3G25410:3;AT3G25400:3;AT3G25250:3;AT3G25210:3;AT3G25170:1
carinata,Bca_C,Bca_B,C7,5,BcaC07g016810.3DH.1,BcaC07g016890.3DH.1,2.79,AT3G24350:3;AT3G24340:3;AT3G24330:3;AT3G24320:3;AT3G24315:3
carinata,Bca_C,Bca_B,C7,5,BcaC07g018100.3DH.1,BcaC07g018320.3DH.1,0.59,AT3G24200:1;AT3G24210:1;AT3G24230:1;AT3G24240:1;AT3G23900:1
carinata,Bca_C,Bca_B,C7,6,BcaC07g020220.3DH.1,BcaC07g020460.3DH.1,0.0,AT1G30825:3;AT1G30814:3;AT1G30760:3;AT1G30730:3;AT1G30720:3;AT1G30710:3
carinata,Bca_C,Bca_B,C7,86,BcaC07g020750.3DH.1,BcaC07g023290.3DH.1,0.35,AT1G30480:3;AT1G30475:3;AT1G30470:3;AT1G30460:3;AT1G30450:3;AT1G30420:3;AT1G30370:3;AT1G30290:3;AT1G30280:3;AT1G30270:3;AT1G30260:3;AT1G30230:3;AT1G30190:3;AT1G30110:3;AT1G30050:3;AT1G30040:3;AT1G29990:3;AT1G29950:3;AT1G29940:3;AT1G29920:3;AT1G29880:3;AT1G29860:3;AT1G29780:3;AT1G29770:3;AT1G29740:3;AT1G29730:3;AT1G29720:3;AT1G29690:3;AT1G29670:3;AT1G29660:3;AT1G29640:3;AT1G29630:3;AT1G29550:3;AT1G29540:3;AT1G29530:3;AT1G29520:3;AT1G29470:3;AT1G29400:3;AT1G29350:3;AT1G29340:3;AT1G29290:3;AT1G29270:3;AT1G29250:3;AT1G29195:3;AT1G29160:3;AT1G29150:3;AT1G29140:3;AT1G29120:3;AT1G29100:3;AT1G29090:3;AT1G29080:3;AT1G29070:3;AT1G29060:3;AT1G29050:3;AT1G29041:3;AT1G29040:3;AT1G29010:3;AT1G29000:3;AT1G28660:3;AT1G28650:3;AT1G28630:3;AT1G28590:3;AT1G28580:3;AT1G28570:3;AT1G28550:3;AT1G28540:3;AT1G28510:3;AT1G28490:3;AT1G28480:3;AT1G28470:3;AT1G28440:3;AT1G28420:3;AT1G28375:3;AT1G28370:3;AT1G28360:3;AT1G28350:3;AT1G28310:3;AT1G28300:3;AT1G28280:3;AT1G28270:3;AT1G28240:3;AT1G28220:3;AT1G28160:3;AT1G28150:3;AT1G28130:3;AT1G28120:3
carinata,Bca_C,Bca_B,C7,31,BcaC07g023370.3DH.1,BcaC07g023930.3DH.1,1.64,AT1G28050:3;AT1G27970:3;AT1G27950:3;AT1G27930:3;AT1G27880:3;AT1G27760:3;AT1G27750:3;AT1G27730:3;AT1G27720:3;AT1G27710:3;AT1G27700:3;AT1G27690:3;AT1G27650:3;AT1G27630:3;AT1G27600:3;AT1G27530:3;AT1G27480:3;AT1G27440:3;AT1G27435:3;AT1G27400:3;AT1G27390:3;AT1G27385:3;AT1G27380:3;AT1G27360:3;AT1G27350:3;AT1G27340:3;AT1G27330:3;AT1G27320:3;AT1G27310:3;AT1G27300:3;AT1G27290:3
carinata,Bca_C,Bca_B,C7,5,BcaC07g024110.3DH.1,BcaC07g024200.3DH.1,0.01,AT1G24450:2;AT1G24470:2;AT1G24480:2;AT1G24485:2;AT1G24490:2
carinata,Bca_C,Bca_B,C7,8,BcaC07g025990.3DH.1,BcaC07g026500.3DH.1,0.64,AT1G26810:2;AT1G26820:2;AT1G26890:2;AT1G26945:2;AT1G27020:2;AT1G27040:2;AT1G27050:2;AT1G27080:2
carinata,Bca_C,Bca_B,C7,9,BcaC07g026690.3DH.1,BcaC07g026980.3DH.1,0.46,AT1G24070:2;AT1G24050:2;AT1G24020:2;AT1G23960:2;AT1G23950:2;AT1G23900:2;AT1G23890:2;AT1G23840:2;AT1G23830:2
carinata,Bca_C,Bca_B,C7,11,BcaC07g027350.3DH.1,BcaC07g027740.3DH.1,0.08,AT1G23240:2;AT1G23230:2;AT1G23205:2;AT1G23130:2;AT1G23110:2;AT1G23090:2;AT1G23060:2;AT1G23050:2;AT1G23040:2;AT1G23030:2;AT1G22990:2
carinata,Bca_C,Bca_B,C7,16,BcaC07g027800.3DH.1,BcaC07g028160.3DH.1,0.09,AT1G22920:2;AT1G22910:2;AT1G22880:2;AT1G22850:2;AT1G22840:2;AT1G22810:2;AT1G22730:2;AT1G22710:2;AT1G22700:2;AT1G22660:2;AT1G22640:2;AT1G22600:2;AT1G22590:2;AT1G22540:2;AT1G22510:2;AT1G22500:2
carinata,Bca_C,Bca_B,C7,7,BcaC07g028380.3DH.1,BcaC07g028500.3DH.1,4.98,AT1G22420:2;AT1G22380:2;AT1G22340:2;AT1G22330:2;AT1G22300:2;AT1G22270:2;AT1G22240:2
carinata,Bca_C,Bca_B,C7,10,BcaC07g029050.3DH.1,BcaC07g029220.3DH.1,0.05,AT1G21695:2;AT1G21660:3;AT1G21630:3;AT1G21528:3;AT1G21520:3;AT1G21000:3;AT1G21010:3;AT1G21050:3;AT1G21090:3;AT1G21110:2
carinata,Bca_C,Bca_B,C7,11,BcaC07g029330.3DH.1,BcaC07g029710.3DH.1,0.04,AT1G21310:2;AT1G21326:2;AT1G21327:2;AT1G21340:2;AT1G21360:2;AT1G21380:3;AT1G21450:3;AT1G21500:3;AT1G20990:2;AT1G20960:2;AT1G20930:2
carinata,Bca_C,Bca_B,C7,6,BcaC07g030150.3DH.1,BcaC07g030290.3DH.1,1.38,AT1G20470:2;AT1G20440:2;AT1G20430:2;AT1G20410:2;AT1G20310:2;AT1G20290:2
carinata,Bca_C,Bca_B,C7,5,BcaC07g030340.3DH.1,BcaC07g030510.3DH.1,0.01,AT1G20150:2;AT1G20140:2;AT1G20135:2;AT1G20120:2;AT1G20100:2
carinata,Bca_C,Bca_B,C7,5,BcaC07g030920.3DH.1,BcaC07g031040.3DH.1,0.02,AT1G19830:2;AT1G19790:2;AT1G19650:2;AT1G19520:2;AT1G19490:2
carinata,Bca_C,Bca_B,C7,9,BcaC07g037260.3DH.1,BcaC07g037360.3DH.1,2.02,AT5G45590:3;AT5G45600:3;AT5G45610:3;AT5G45620:3;AT5G45660:2;AT5G45670:2;AT5G45690:2;AT5G45700:2;AT5G45720:2
carinata,Bca_C,Bca_B,C7,5,BcaC07g040350.3DH.1,BcaC07g040430.3DH.1,1.18,AT2G01180:3;AT2G01190:3;AT2G01200:3;AT2G01210:3;AT2G01220:3
carinata,Bca_C,Bca_B,C7,5,BcaC07g041760.3DH.1,BcaC07g041990.3DH.1,0.02,AT2G01913:2;AT2G01950:3;AT2G01960:3;AT2G01970:2;AT2G02140:1
carinata,Bca_C,Bca_B,C7,7,BcaC07g043000.3DH.1,BcaC07g043160.3DH.1,0.06,AT2G03290:2;AT2G03260:2;AT2G03250:2;AT2G03220:2;AT2G03210:2;AT2G03200:2;AT2G03190:2
carinata,Bca_C,Bca_B,C7,5,BcaC07g050550.3DH.1,BcaC07g050660.3DH.1,2.76,AT5G27230:2;AT5G27270:1;AT5G27320:1;AT5G27330:1;AT5G27380:1
carinata,Bca_C,Bca_B,C7,8,BcaC07g055460.3DH.1,BcaC07g055550.3DH.1,0.24,AT5G61520:3;AT5G61530:3;AT5G61540:3;AT5G61550:3;AT5G61570:3;AT5G61580:3;AT5G61590:3;AT5G61600:1
carinata,Bca_C,Bca_B,C7,5,BcaC07g056000.3DH.1,BcaC07g056080.3DH.1,0.01,AT3G50110:3;AT3G50130:3;AT3G50140:3;AT3G50170:3;AT3G50400:3
carinata,Bca_C,Bca_B,C7,6,BcaC07g057070.3DH.1,BcaC07g057200.3DH.1,0.19,AT3G52010:1;AT3G52040:3;AT3G52050:3;AT3G52155:1;AT3G52160:1;AT3G52170:1
carinata,Bca_C,Bca_B,C7,5,BcaC07g057430.3DH.1,BcaC07g057520.3DH.1,2.38,AT3G52500:1;AT4G15233:3;AT4G15236:3;AT4G15280:2;AT4G15396:2
carinata,Bca_C,Bca_B,C7,5,BcaC07g064980.3DH.1,BcaC07g065040.3DH.1,0.01,AT4G25360:2;AT4G25370:1;AT4G25380:1;AT4G25390:1;AT4G25400:1
carinata,Bca_C,Bca_B,C7,7,BcaC07g065370.3DH.1,BcaC07g065450.3DH.1,2.1,AT4G25810:2;AT4G25835:3;AT4G25840:3;AT4G25880:2;AT4G25950:3;AT4G25960:3;AT4G25990:3
carinata,Bca_C,Bca_B,C7,9,BcaC07g067650.3DH.1,BcaC07g067820.3DH.1,0.05,AT4G29140:2;AT4G29150:2;AT4G29170:2;AT4G29180:2;AT4G29190:2;AT4G29220:2;AT4G29240:2;AT4G29270:2;AT4G29350:2
carinata,Bca_C,Bca_B,C7,5,BcaC07g068750.3DH.1,BcaC07g068790.3DH.1,1.12,AT4G30470:2;AT4G30480:2;AT4G30490:2;AT4G30500:2;AT4G30510:2
carinata,Bca_C,Bca_B,C7,5,BcaC07g071070.3DH.1,BcaC07g071460.3DH.1,1.23,AT4G34180:2;AT4G34230:2;AT4G34250:2;AT4G34290:2;AT4G34330:2
carinata,Bca_C,Bca_B,C7,7,BcaC07g071490.3DH.1,BcaC07g071670.3DH.1,0.43,AT4G34400:2;AT4G34412:2;AT4G34480:2;AT4G34560:2;AT4G34570:2;AT4G34610:2;AT4G34650:2
carinata,Bca_C,Bca_B,C7,7,BcaC07g071780.3DH.1,BcaC07g071860.3DH.1,4.04,AT4G34800:2;AT4G34810:2;AT4G34970:2;AT4G34980:2;AT4G34990:2;AT4G35000:2;AT4G35010:2
carinata,Bca_C,Bca_B,C7,34,BcaC07g073250.3DH.1,BcaC07g073710.3DH.1,0.14,AT4G37260:3;AT4G37290:3;AT4G37295:3;AT4G37300:3;AT4G37330:3;AT4G37340:3;AT4G37370:3;AT4G37450:3;AT4G37460:3;AT4G37470:3;AT4G37530:3;AT4G37540:3;AT4G37580:3;AT4G37590:3;AT4G37608:3;AT4G37610:3;AT4G37630:3;AT4G37640:3;AT4G37650:3;AT4G37660:3;AT4G37670:3;AT4G37680:3;AT4G37690:3;AT4G37700:3;AT4G37710:3;AT4G37730:3;AT4G37740:3;AT4G37750:3;AT4G37790:3;AT4G37800:3;AT4G37870:3;AT4G37890:3;AT4G37900:3;AT4G37930:3
carinata,Bca_C,Bca_B,C7,22,BcaC07g074440.3DH.1,BcaC07g074710.3DH.1,0.18,AT4G38860:3;AT4G38840:3;AT4G38830:3;AT4G38810:3;AT4G38800:3;AT4G38790:3;AT4G38760:3;AT4G38740:3;AT4G38630:3;AT4G38620:3;AT4G38600:3;AT4G38590:3;AT4G38580:3;AT4G38540:3;AT4G38530:3;AT4G38520:3;AT4G38500:3;AT4G38420:3;AT4G38410:3;AT4G38400:3;AT4G38390:3;AT4G38360:3
carinata,Bca_C,Bca_B,C8,13,BcaC08g000020.3DH.1,BcaC08g000250.3DH.1,1.71,AT1G02530:3;AT1G02630:3;AT1G02660:3;AT1G02680:3;AT1G02780:3;AT1G02790:3;AT1G02810:2;AT1G02870:3;AT1G02880:3;AT1G02900:3;AT1G02910:3;AT1G02930:3;AT1G02960:3
carinata,Bca_C,Bca_B,C8,19,BcaC08g000380.3DH.1,BcaC08g000840.3DH.1,0.04,AT1G03230:1;AT1G03310:2;AT1G03330:2;AT1G03350:2;AT1G03360:2;AT1G03440:2;AT1G03510:2;AT1G03530:2;AT1G03540:2;AT1G03590:2;AT1G03600:2;AT1G03610:2;AT1G03620:2;AT1G03630:2;AT1G03760:2;AT1G03790:2;AT1G03820:2;AT1G03830:2;AT1G03850:3
carinata,Bca_C,Bca_B,C8,7,BcaC08g001170.3DH.1,BcaC08g001320.3DH.1,5.17,AT1G04290:2;AT1G04310:2;AT1G04340:2;AT1G04380:2;AT1G04400:2;AT1G04410:2;AT1G04430:2
carinata,Bca_C,Bca_B,C8,6,BcaC08g001620.3DH.1,BcaC08g001790.3DH.1,5.6,AT1G04690:2;AT1G04710:2;AT1G04730:2;AT1G04770:2;AT1G04780:2;AT1G04850:2
carinata,Bca_C,Bca_B,C8,8,BcaC08g001870.3DH.1,BcaC08g001990.3DH.1,2.73,AT1G04945:2;AT1G04950:2;AT1G04985:2;AT1G05020:2;AT1G05055:2;AT1G05090:2;AT1G05120:2;AT1G05150:2
carinata,Bca_C,Bca_B,C8,8,BcaC08g002520.3DH.1,BcaC08g002610.3DH.1,2.42,AT1G05750:2;AT1G05790:2;AT1G05820:2;AT1G05835:2;AT1G05850:2;AT1G05860:2;AT1G05890:2;AT1G05894:2
carinata,Bca_C,Bca_B,C8,6,BcaC08g002710.3DH.1,BcaC08g002800.3DH.1,0.34,AT1G06190:3;AT1G06210:3;AT1G06220:3;AT1G06240:2;AT1G06250:2;AT1G06260:2
carinata,Bca_C,Bca_B,C8,15,BcaC08g003350.3DH.1,BcaC08g003560.3DH.1,0.27,AT1G07330:3;AT1G07340:3;AT1G07360:3;AT1G07370:3;AT1G07380:3;AT1G07410:3;AT1G07420:3;AT1G07440:3;AT1G07450:3;AT1G07460:3;AT1G07470:3;AT1G07473:3;AT1G07485:3;AT1G07530:3;AT1G07540:3
carinata,Bca_C,Bca_B,C8,8,BcaC08g004770.3DH.1,BcaC08g005240.3DH.1,0.08,AT1G49580:2;AT1G49570:2;AT1G49540:3;AT1G49490:2;AT1G49480:2;AT1G49475:2;AT1G49470:2;AT1G49450:2
carinata,Bca_C,Bca_B,C8,6,BcaC08g006010.3DH.1,BcaC08g006070.3DH.1,6.03,AT1G48750:3;AT1G48745:3;AT1G48590:3;AT1G48490:3;AT1G48480:3;AT1G48460:3
carinata,Bca_C,Bca_B,C8,7,BcaC08g006820.3DH.1,BcaC08g007200.3DH.1,0.87,AT1G47900:2;AT1G47870:2;AT1G47750:2;AT1G47740:2;AT1G47670:2;AT1G47640:2;AT1G47485:2
carinata,Bca_C,Bca_B,C8,7,BcaC08g008360.3DH.1,BcaC08g008690.3DH.1,1.82,AT1G44900:2;AT1G44835:2;AT1G44800:2;AT1G44760:2;AT1G44750:2;AT1G44575:2;AT1G44446:2
carinata,Bca_C,Bca_B,C8,8,BcaC08g008840.3DH.1,BcaC08g009030.3DH.1,0.14,AT1G44090:1;AT1G43020:1;AT1G43040:1;AT1G43130:1;AT1G43190:1;AT1G43630:1;AT1G43650:1;AT1G43670:1
carinata,Bca_C,Bca_B,C8,21,BcaC08g009400.3DH.1,BcaC08g011100.3DH.1,1.48,AT4G13700:2;AT4G13640:2;AT4G13590:2;AT4G13580:2;AT4G13560:2;AT4G13510:2;AT1G36390:3;AT1G36370:3;AT1G36320:3;AT1G36310:3;AT1G36180:3;AT1G36150:3;AT1G36050:3;AT1G35750:3;AT1G35730:3;AT1G35720:3;AT1G35680:3;AT1G35580:3;AT1G35460:3;AT1G34780:3;AT1G34770:3
carinata,Bca_C,Bca_B,C8,18,BcaC08g011560.3DH.1,BcaC08g012540.3DH.1,2.75,AT1G34350:3;AT1G34340:3;AT1G34300:3;AT1G34270:3;AT1G34220:3;AT1G34180:3;AT1G34060:3;AT1G34000:3;AT1G33990:3;AT1G33980:3;AT1G33760:3;AT1G33270:2;AT1G33240:2;AT1G33230:2;AT1G33170:2;AT1G33100:2;AT1G32460:3;AT1G32510:3
carinata,Bca_C,Bca_B,C8,6,BcaC08g013740.3DH.1,BcaC08g013880.3DH.1,0.83,AT5G35790:2;AT5G35700:2;AT5G35680:2;AT5G35670:2;AT5G35660:2;AT5G35630:2
carinata,Bca_C,Bca_B,C8,11,BcaC08g015200.3DH.1,BcaC08g015660.3DH.1,0.16,AT1G31770:3;AT1G31720:2;AT1G31710:2;AT1G31690:2;AT1G31670:2;AT1G31600:2;AT1G31500:2;AT1G31480:2;AT1G31440:2;AT1G31430:2;AT1G31360:1
carinata,Bca_C,Bca_B,C8,27,BcaC08g016320.3DH.1,BcaC08g018240.3DH.1,1.84,AT4G13250:2;AT4G13230:2;AT4G13070:2;AT4G13040:2;AT4G13030:2;AT4G13010:2;AT4G12980:2;AT4G12970:2;AT4G12870:2;AT4G12860:2;AT4G12800:2;AT4G12760:2;AT1G30970:2;AT1G30950:2;AT1G30900:2;AT1G30890:2;AT1G30880:2;AT1G30860:2;AT1G30810:2;AT1G30800:2;AT1G30570:3;AT1G30560:2;AT4G14410:3;AT4G14420:3;AT4G14440:3;AT4G14455:3;AT4G14480:3
carinata,Bca_C,Bca_B,C8,8,BcaC08g025870.3DH.1,BcaC08g026180.3DH.1,0.29,AT1G08540:3;AT1G08560:3;AT1G08590:3;AT1G08620:3;AT1G08650:3;AT1G08790:3;AT1G08800:3;AT1G08810:3
carinata,Bca_C,Bca_B,C8,7,BcaC08g026480.3DH.1,BcaC08g026620.3DH.1,4.17,AT1G09160:2;AT1G09170:2;AT1G09180:2;AT1G09200:2;AT1G09220:2;AT1G09290:2;AT1G09300:2
carinata,Bca_C,Bca_B,C8,10,BcaC08g029130.3DH.1,BcaC08g029300.3DH.1,1.84,AT1G11750:2;AT1G11760:2;AT1G11820:2;AT1G11840:2;AT1G11870:3;AT1G11880:3;AT1G11910:3;AT1G11915:2;AT1G11930:2;AT1G11950:2
carinata,Bca_C,Bca_B,C8,5,BcaC08g029470.3DH.1,BcaC08g029600.3DH.1,0.12,AT1G12140:3;AT1G12150:3;AT1G12210:2;AT1G12220:3;AT1G12280:3
carinata,Bca_C,Bca_B,C8,7,BcaC08g029690.3DH.1,BcaC08g029820.3DH.1,1.35,AT1G12330:2;AT1G12370:2;AT1G12390:2;AT1G12400:2;AT1G12420:2;AT1G12470:2;AT1G12500:2
carinata,Bca_C,Bca_B,C8,5,BcaC08g029880.3DH.1,BcaC08g029950.3DH.1,0.01,AT1G12570:2;AT1G12600:2;AT1G12620:1;AT1G12630:1;AT1G12650:3
carinata,Bca_C,Bca_B,C8,5,BcaC08g031080.3DH.1,BcaC08g031140.3DH.1,0.97,AT1G14130:3;AT1G14220:2;AT1G14270:2;AT1G14280:2;AT1G14290:2
carinata,Bca_C,Bca_B,C8,20,BcaC08g031580.3DH.1,BcaC08g031970.3DH.1,1.12,AT1G15260:2;AT1G15340:3;AT1G15350:3;AT1G15360:3;AT1G15380:3;AT1G15415:3;AT1G15420:3;AT1G15430:3;AT1G15440:3;AT1G15500:3;AT1G15570:3;AT1G15690:3;AT1G15700:3;AT1G15780:3;AT1G15820:3;AT1G15860:3;AT1G15880:3;AT1G15930:3;AT1G15940:3;AT1G15970:3
carinata,Bca_C,Bca_B,C8,9,BcaC08g032000.3DH.1,BcaC08g032120.3DH.1,0.28,AT1G16170:3;AT1G16250:3;AT1G16260:3;AT1G16330:3;AT1G16380:3;AT1G16390:3;AT1G16480:3;AT1G16610:3;AT1G16705:2
carinata,Bca_C,Bca_B,C8,22,BcaC08g032180.3DH.1,BcaC08g032450.3DH.1,1.7,AT1G16760:3;AT1G16790:3;AT1G16860:3;AT1G16870:3;AT1G16880:3;AT1G16890:3;AT1G16900:3;AT1G16905:3;AT1G16950:3;AT1G16960:3;AT1G17060:3;AT1G17080:3;AT1G17090:3;AT1G17110:3;AT1G17147:3;AT1G17200:3;AT1G17210:3;AT1G17220:3;AT1G17240:3;AT1G17260:1;AT1G17270:1;AT1G17280:3
carinata,Bca_C,Bca_B,C8,61,BcaC08g034140.3DH.1,BcaC08g035400.3DH.1,1.8,AT1G19390:3;AT1G19485:3;AT1G19500:3;AT1G19570:3;AT1G19580:3;AT1G19610:3;AT1G19620:3;AT1G19630:3;AT1G19640:3;AT1G19700:3;AT1G19715:3;AT1G19800:3;AT1G19840:3;AT1G19850:3;AT1G19860:3;AT1G19870:3;AT1G19880:3;AT1G19900:3;AT1G19910:3;AT1G19920:3;AT1G19950:3;AT1G19970:3;AT1G19980:3;AT1G20020:3;AT1G20070:3;AT1G20080:3;AT1G20090:3;AT1G20110:3;AT1G20132:3;AT1G20180:3;AT1G20190:3;AT1G20200:3;AT1G20220:3;AT1G20260:3;AT1G20270:3;AT1G20340:3;AT1G20350:3;AT1G20480:3;AT1G20500:3;AT1G20510:3;AT1G20520:3;AT1G20580:3;AT1G20610:3;AT1G20630:3;AT1G20640:3;AT1G20650:3;AT1G20670:3;AT1G20696:3;AT1G20760:3;AT1G20770:3;AT1G20780:3;AT1G20795:3;AT1G20823:3;AT1G20830:3;AT1G20840:3;AT1G20850:3;AT1G20880:3;AT1G20900:3;AT1G20910:3;AT1G20950:3;AT1G21010:2
carinata,Bca_C,Bca_B,C8,8,BcaC08g035450.3DH.1,BcaC08g035560.3DH.1,0.21,AT1G21120:3;AT1G21130:3;AT1G21230:3;AT1G21240:3;AT1G21250:3;AT1G21270:3;AT1G21320:3;AT1G21370:3
carinata,Bca_C,Bca_B,C8,80,BcaC08g035870.3DH.1,BcaC08g037580.3DH.1,0.22,AT1G21690:3;AT1G21700:3;AT1G21720:3;AT1G21750:3;AT1G21810:3;AT1G21830:3;AT1G21870:3;AT1G21880:3;AT1G21900:3;AT1G21910:3;AT1G21920:3;AT1G21970:3;AT1G21980:3;AT1G22015:3;AT1G22020:3;AT1G22030:3;AT1G22060:3;AT1G22065:3;AT1G22070:3;AT1G22100:3;AT1G22110:3;AT1G22130:3;AT1G22220:3;AT1G22230:3;AT1G22280:3;AT1G22380:3;AT1G22420:3;AT1G22440:3;AT1G22450:3;AT1G22490:3;AT1G22520:3;AT1G22570:3;AT1G22620:3;AT1G22630:3;AT1G22640:3;AT1G22740:3;AT1G22760:3;AT1G22950:3;AT1G22960:3;AT1G22985:3;AT1G23080:3;AT1G23120:3;AT1G23150:3;AT1G23160:3;AT1G23180:3;AT1G23190:3;AT1G23220:3;AT1G23260:3;AT1G23290:3;AT1G23310:3;AT1G23330:3;AT1G23340:3;AT1G23350:3;AT1G23360:3;AT1G23380:3;AT1G23410:3;AT1G23440:3;AT1G23460:3;AT1G23490:3;AT1G23530:3;AT1G23540:3;AT1G23570:3;AT1G23580:3;AT1G23600:3;AT1G23690:3;AT1G23780:3;AT1G23790:3;AT1G23800:3;AT1G23820:3;AT1G23870:3;AT1G23940:3;AT1G23980:3;AT1G24000:3;AT1G24120:3;AT1G24145:3;AT1G24160:3;AT1G27210:1;AT1G27200:1;AT1G27180:1;AT1G27170:1
carinata,Bca_C,Bca_B,C8,18,BcaC08g049040.3DH.1,BcaC08g049430.3DH.1,0.86,AT3G51050:2;AT3G60730:1;AT3G60780:1;AT3G60790:1;AT3G60800:1;AT3G60810:1;AT3G60850:1;AT3G60880:1;AT3G60900:1;AT3G60910:1;AT3G61040:1;AT3G61110:1;AT3G61130:1;AT3G61140:1;AT3G61160:1;AT3G61170:1;AT3G61180:1;AT3G61190:1
carinata,Bca_C,Bca_B,C8,33,BcaC08g051400.3DH.1,BcaC08g052030.3DH.1,1.46,AT3G63190:1;AT2G26720:2;AT3G63210:1;AT3G63240:1;AT3G63250:1;AT3G63260:1;AT3G63350:1;AT3G63390:1;AT3G63420:1;AT3G63430:1;AT3G63440:1;AT3G63460:1;AT2G26540:1;AT2G26420:2;AT2G26350:2;AT2G26340:2;AT2G26330:2;AT2G26300:2;AT2G26280:2;AT2G26260:2;AT2G26250:2;AT2G26240:2;AT2G26140:2;AT2G26070:1;AT2G26060:1;AT2G25940:1;AT2G25770:1;AT2G25760:1;AT2G25740:1;AT2G25690:1;AT2G25680:1;AT2G25670:1;AT2G25620:1
carinata,Bca_C,Bca_B,C8,22,BcaC08g052150.3DH.1,BcaC08g052730.3DH.1,0.71,AT2G25530:1;AT2G25460:1;AT2G25370:1;AT2G25310:1;AT2G25300:1;AT2G25290:1;AT2G25270:1;AT2G25250:1;AT2G25200:1;AT2G25170:1;AT2G25140:1;AT2G25130:1;AT2G25080:1;AT2G25060:1;AT2G25050:1;AT2G24970:1;AT2G24850:1;AT2G24830:1;AT2G24800:1;AT2G24762:1;AT2G24690:2;AT2G24680:2
carinata,Bca_C,Bca_B,C8,6,BcaC08g053130.3DH.1,BcaC08g053220.3DH.1,2.75,AT2G24170:2;AT2G24150:2;AT2G24140:2;AT2G24130:2;AT2G24120:2;AT2G24100:2
carinata,Bca_C,Bca_B,C8,5,BcaC08g053350.3DH.1,BcaC08g053460.3DH.1,0.08,AT2G23790:2;AT2G23760:2;AT2G23740:2;AT2G23700:2;AT2G23690:2
carinata,Bca_C,Bca_B,C8,5,BcaC08g054160.3DH.1,BcaC08g054220.3DH.1,0.0,AT2G22780:1;AT2G22760:1;AT2G22750:1;AT2G22720:1;AT2G22640:1
carinata,Bca_C,Bca_B,C8,22,BcaC08g055860.3DH.1,BcaC08g056120.3DH.1,0.7,AT2G20930:2;AT2G20890:2;AT2G20880:2;AT2G20875:2;AT2G20870:2;AT2G20860:2;AT2G20835:2;AT2G20830:2;AT2G20820:2;AT2G20760:2;AT2G20680:2;AT2G20670:2;AT2G20635:2;AT2G20630:2;AT2G20610:2;AT2G20590:2;AT2G20585:2;AT2G20570:2;AT2G20560:2;AT2G20540:2;AT2G20480:2;AT2G20470:2
carinata,Bca_C,Bca_B,C8,6,BcaC08g056170.3DH.1,BcaC08g056310.3DH.1,0.61,AT2G20300:2;AT2G20100:2;AT2G20060:2;AT2G20030:2;AT2G19930:2;AT2G19880:2
carinata,Bca_C,Bca_B,C8,12,BcaC08g056490.3DH.1,BcaC08g056760.3DH.1,0.11,AT2G19530:2;AT2G19490:2;AT1G19450:2;AT1G19440:2;AT1G19400:2;AT1G19360:3;AT1G19350:3;AT1G19340:2;AT1G19330:2;AT1G19320:2;AT1G19250:3;AT1G19230:2
carinata,Bca_C,Bca_B,C8,71,BcaC08g056810.3DH.1,BcaC08g057960.3DH.1,0.64,AT1G19120:3;AT1G19115:3;AT1G19110:3;AT1G19100:3;AT1G19025:3;AT1G19020:3;AT1G19010:3;AT1G18990:3;AT1G18970:3;AT1G18950:3;AT1G18910:3;AT1G18890:3;AT1G18880:3;AT1G18860:3;AT1G18835:3;AT1G18740:3;AT1G18730:3;AT1G18720:3;AT1G18710:3;AT1G18700:3;AT1G18680:3;AT1G18670:3;AT1G18660:3;AT1G18620:3;AT1G18580:3;AT1G18570:3;AT1G18560:3;AT1G18540:3;AT1G18530:3;AT1G18520:3;AT1G18500:3;AT1G18470:3;AT1G18460:3;AT1G18450:3;AT1G18420:3;AT1G18390:3;AT1G18370:3;AT1G18320:3;AT1G18290:3;AT1G18280:3;AT1G18170:3;AT1G18150:3;AT1G18100:3;AT1G18080:3;AT1G18070:3;AT1G18020:3;AT1G18000:3;AT1G17980:3;AT1G17960:3;AT1G17950:3;AT1G17880:3;AT1G17820:3;AT1G17810:3;AT1G17790:3;AT1G17720:3;AT1G17710:3;AT1G17700:3;AT1G17610:3;AT1G17600:3;AT1G17590:3;AT1G17580:3;AT1G17520:3;AT1G17500:2;AT1G17455:2;AT1G17440:2;AT1G17380:3;AT1G17370:3;AT1G17340:3;AT1G17310:3;AT1G17290:3;AT1G17285:2
carinata,Bca_C,Bca_B,C8,23,BcaC08g058150.3DH.1,BcaC08g058560.3DH.1,0.88,AT1G17020:2;AT1G17010:2;AT1G16940:2;AT1G16916:2;AT1G16850:2;AT1G16840:2;AT1G16830:2;AT1G16825:2;AT1G16810:2;AT1G16800:2;AT1G16590:2;AT1G16570:2;AT1G16560:2;AT1G16530:2;AT1G16510:2;AT1G16500:2;AT1G16490:2;AT1G16445:2;AT1G16420:2;AT1G16360:2;AT1G16310:3;AT1G16280:3;AT1G16270:2
carinata,Bca_C,Bca_B,C8,9,BcaC08g058590.3DH.1,BcaC08g058690.3DH.1,4.73,AT1G16240:2;AT1G16190:2;AT1G16180:3;AT1G16170:2;AT1G16120:3;AT1G16110:3;AT1G16022:2;AT1G16020:2;AT1G15950:2
carinata,Bca_C,Bca_B,C8,5,BcaC08g058990.3DH.1,BcaC08g059050.3DH.1,0.0,AT1G15580:1;AT1G15550:2;AT1G15530:2;AT1G15520:2;AT1G15470:2
carinata,Bca_C,Bca_B,C8,17,BcaC08g059210.3DH.1,BcaC08g059470.3DH.1,0.71,AT1G15270:3;AT1G15260:3;AT1G15240:3;AT1G15200:3;AT1G15150:3;AT1G15140:3;AT1G15130:3;AT1G15120:3;AT1G15110:2;AT1G15080:2;AT1G15040:2;AT1G15030:2;AT1G15020:2;AT1G15000:2;AT1G14990:2;AT1G14970:2;AT1G14930:2
carinata,Bca_C,Bca_B,C8,5,BcaC08g060020.3DH.1,BcaC08g060110.3DH.1,0.05,AT1G14260:3;AT1G14220:1;AT1G14210:1;AT1G14205:1;AT1G14185:1
carinata,Bca_C,Bca_B,C8,8,BcaC08g063110.3DH.1,BcaC08g063310.3DH.1,0.03,AT1G10585:3;AT1G10490:3;AT1G10480:3;AT1G10460:3;AT1G10430:3;AT1G10410:3;AT1G10360:3;AT1G10280:3
carinata,Bca_C,Bca_B,C8,5,BcaC08g064630.3DH.1,BcaC08g064730.3DH.1,0.55,AT1G07880:1;AT1G07830:2;AT1G07810:2;AT1G07750:2;AT1G07645:2
carinata,Bca_C,Bca_B,C8,11,BcaC08g064880.3DH.1,BcaC08g065150.3DH.1,2.43,AT1G07490:2;AT1G07460:2;AT1G07430:2;AT1G07410:2;AT1G07390:2;AT1G07370:2;AT1G07310:2;AT1G07300:2;AT1G07290:2;AT1G07280:2;AT1G07240:2
carinata,Bca_C,Bca_B,C8,12,BcaC08g065780.3DH.1,BcaC08g065980.3DH.1,0.72,AT1G06090:3;AT1G06080:3;AT1G06010:1;AT1G06000:1;AT1G05990:1;AT1G05950:3;AT1G05910:3;AT1G05900:3;AT1G05870:3;AT1G05840:3;AT1G05830:3;AT1G05730:3
carinata,Bca_C,Bca_B,C8,8,BcaC08g066570.3DH.1,BcaC08g066680.3DH.1,1.59,AT1G04550:3;AT1G04540:3;AT1G04530:3;AT1G04470:3;AT1G04445:3;AT1G04440:3;AT1G04370:3;AT1G04360:3
carinata,Bca_C,Bca_B,C8,11,BcaC08g067060.3DH.1,BcaC08g067200.3DH.1,0.74,AT1G03780:3;AT1G03750:1;AT1G03730:1;AT1G03687:1;AT1G03680:1;AT1G03660:1;AT1G03650:1;AT1G03475:3;AT1G03470:3;AT1G03270:3;AT1G03260:3
carinata,Bca_C,Bca_B,C8,35,BcaC08g067250.3DH.1,BcaC08g067770.3DH.1,0.08,AT1G03090:2;AT1G03080:2;AT1G03060:2;AT1G03055:2;AT1G03020:2;AT1G03010:2;AT1G03000:2;AT1G02990:2;AT1G02940:2;AT1G02860:2;AT1G02830:2;AT1G02816:2;AT1G02800:2;AT1G02790:2;AT1G02780:2;AT1G02750:2;AT1G02740:2;AT1G02720:2;AT1G02660:2;AT1G02510:2;AT1G02475:2;AT1G02470:2;AT1G02460:2;AT1G02450:2;AT1G02440:2;AT1G02430:2;AT1G02410:2;AT1G02380:2;AT1G02340:2;AT1G02335:2;AT1G02280:2;AT1G02270:2;AT1G02260:2;AT1G02250:2;AT1G02230:2
carinata,Bca_C,Bca_B,C9,36,BcaC09g000640.3DH.1,BcaC09g001200.3DH.1,0.63,AT4G00780:2;AT4G01360:1;AT4G01330:1;AT4G01320:1;AT4G01310:1;AT4G01280:1;AT4G01270:1;AT4G01230:1;AT4G01220:1;AT4G01210:1;AT4G01200:1;AT4G01190:1;AT4G01140:1;AT4G01120:1;AT4G01090:1;AT4G01080:1;AT4G01060:1;AT4G01050:1;AT4G01037:1;AT4G01030:1;AT4G01000:2;AT4G00990:2;AT4G00980:2;AT4G00960:3;AT4G00970:3;AT4G00950:1;AT4G00940:1;AT4G00910:3;AT4G00905:2;AT4G00900:2;AT4G00860:2;AT4G00840:2;AT4G00830:2;AT4G00810:2;AT4G00800:1;AT4G01390:2
carinata,Bca_C,Bca_B,C9,6,BcaC09g001230.3DH.1,BcaC09g001310.3DH.1,0.64,AT4G01460:1;AT4G01480:1;AT4G01510:1;AT4G01520:1;AT4G01540:1;AT4G01550:1
carinata,Bca_C,Bca_B,C9,15,BcaC09g001350.3DH.1,BcaC09g001720.3DH.1,1.88,AT4G01600:1;AT4G01610:1;AT4G01660:1;AT4G01680:1;AT4G01700:1;AT4G01720:1;AT4G01735:1;AT4G01810:1;AT4G01840:1;AT4G01860:1;AT4G01883:1;AT4G01960:1;AT4G01970:1;AT4G02020:1;AT4G02030:1
carinata,Bca_C,Bca_B,C9,7,BcaC09g001760.3DH.1,BcaC09g001910.3DH.1,2.24,AT4G02075:1;AT4G02090:1;AT4G02140:1;AT4G02160:1;AT4G02180:1;AT4G02195:1;AT4G02220:1
carinata,Bca_C,Bca_B,C9,5,BcaC09g003390.3DH.1,BcaC09g003500.3DH.1,0.0,AT3G26170:2;AT3G26230:1;AT3G26290:1;AT3G26330:2;AT3G26370:2
carinata,Bca_C,Bca_B,C9,7,BcaC09g004700.3DH.1,BcaC09g004890.3DH.1,0.66,AT3G29690:3;AT5G38970:3;AT5G38880:3;AT5G38820:3;AT5G47840:3;AT5G47850:3;AT5G47870:3
carinata,Bca_C,Bca_B,C9,7,BcaC09g005260.3DH.1,BcaC09g005350.3DH.1,1.14,AT5G48480:3;AT5G48500:3;AT5G48540:3;AT5G48655:3;AT5G48710:3;AT5G48720:3;AT5G48760:3
carinata,Bca_C,Bca_B,C9,6,BcaC09g005750.3DH.1,BcaC09g005840.3DH.1,0.04,AT3G04620:3;AT5G28690:3;AT5G28750:3;AT5G28830:3;AT5G28960:3;AT5G29000:3
carinata,Bca_C,Bca_B,C9,5,BcaC09g006200.3DH.1,BcaC09g006260.3DH.1,3.41,AT5G27550:2;AT5G27560:2;AT5G27620:2;AT5G27650:2;AT5G27710:2
carinata,Bca_C,Bca_B,C9,12,BcaC09g006400.3DH.1,BcaC09g006570.3DH.1,0.99,AT5G27930:2;AT5G27020:3;AT5G27000:3;AT5G26960:3;AT5G26920:3;AT5G26910:3;AT5G26850:3;AT5G26830:3;AT5G26800:3;AT5G26770:3;AT5G26751:3;AT5G26749:3
carinata,Bca_C,Bca_B,C9,6,BcaC09g012500.3DH.1,BcaC09g012650.3DH.1,1.51,AT5G66440:2;AT5G66260:2;AT5G66250:2;AT5G66230:2;AT5G66210:2;AT5G66190:2
carinata,Bca_C,Bca_B,C9,19,BcaC09g012860.3DH.1,BcaC09g013360.3DH.1,3.08,AT5G65940:1;AT5G65930:1;AT2G13290:1;AT2G13350:2;AT2G13360:2;AT2G13370:2;AT2G13540:2;AT2G13560:2;AT2G13570:2;AT2G13620:2;AT2G13680:2;AT2G14170:2;AT2G14255:2;AT2G14530:2;AT2G14740:2;AT2G14750:2;AT2G14760:2;AT2G14820:2;AT2G14830:2
carinata,Bca_C,Bca_B,C9,60,BcaC09g015670.3DH.1,BcaC09g017260.3DH.1,0.71,AT2G19480:3;AT2G19500:3;AT2G19520:3;AT2G19540:3;AT2G19580:3;AT2G19640:3;AT2G19660:3;AT2G19690:3;AT2G19730:3;AT2G19740:3;AT2G19750:3;AT2G19770:3;AT2G19780:3;AT2G19790:3;AT2G19800:3;AT2G19830:3;AT2G19860:3;AT2G19880:3;AT2G19950:3;AT2G19980:3;AT2G19990:3;AT2G20080:3;AT2G20190:3;AT2G20250:3;AT2G20280:3;AT2G20290:3;AT2G20300:3;AT2G20310:3;AT2G20320:3;AT2G20330:3;AT2G20340:3;AT2G20360:3;AT2G20362:3;AT2G20370:3;AT2G20400:3;AT2G20430:3;AT2G20440:3;AT2G20490:3;AT2G20500:3;AT2G20510:3;AT2G20690:3;AT2G20710:3;AT2G20900:3;AT1G62200:1;AT1G62280:3;AT1G62400:3;AT1G62430:3;AT1G62450:3;AT1G62600:3;AT1G62620:3;AT1G62640:3;AT1G62660:3;AT1G62680:3;AT1G62710:1;AT1G62720:1;AT1G62740:3;AT1G62750:3;AT1G62800:3;AT1G62940:1;AT1G62980:1
carinata,Bca_C,Bca_B,C9,11,BcaC09g017510.3DH.1,BcaC09g017720.3DH.1,0.75,AT1G63160:1;AT1G63170:1;AT1G63180:1;AT1G63220:3;AT1G63245:3;AT1G63260:1;AT1G63290:1;AT1G63295:1;AT1G63300:1;AT1G63330:1;AT1G63400:1
carinata,Bca_C,Bca_B,C9,5,BcaC09g019140.3DH.1,BcaC09g019270.3DH.1,1.24,AT1G64620:1;AT1G64600:1;AT1G64580:1;AT1G64570:1;AT1G64530:1
carinata,Bca_C,Bca_B,C9,5,BcaC09g019310.3DH.1,BcaC09g019370.3DH.1,1.74,AT1G64500:1;AT1G64490:1;AT1G64450:1;AT1G64440:1;AT1G64430:1
carinata,Bca_C,Bca_B,C9,6,BcaC09g019450.3DH.1,BcaC09g019580.3DH.1,2.0,AT1G64350:1;AT1G64330:1;AT1G64320:1;AT1G64310:1;AT1G64300:3;AT1G64255:2
carinata,Bca_C,Bca_B,C9,14,BcaC09g019620.3DH.1,BcaC09g020120.3DH.1,0.4,AT1G64150:1;AT1G64110:1;AT1G64080:1;AT1G64065:1;AT1G64060:1;AT1G64050:1;AT1G64020:1;AT1G64010:1;AT1G64000:3;AT1G63980:3;AT1G63970:3;AT1G63880:1;AT1G63860:1;AT1G63850:1
carinata,Bca_C,Bca_B,C9,5,BcaC09g020290.3DH.1,BcaC09g020390.3DH.1,0.96,AT1G63740:3;AT1G63730:3;AT1G63700:1;AT1G63690:1;AT1G63670:3
carinata,Bca_C,Bca_B,C9,9,BcaC09g024970.3DH.1,BcaC09g025390.3DH.1,0.34,AT1G59510:1;AT1G58684:1;AT1G58470:2;AT1G58460:1;AT1G58440:1;AT1G58420:1;AT1G58390:1;AT1G58370:1;AT1G58350:1
carinata,Bca_C,Bca_B,C9,6,BcaC09g025540.3DH.1,BcaC09g025680.3DH.1,2.57,AT1G58300:1;AT1G58250:2;AT1G58220:2;AT1G58210:2;AT1G58120:2;AT1G58110:2
carinata,Bca_C,Bca_B,C9,13,BcaC09g026250.3DH.1,BcaC09g026780.3DH.1,2.43,AT1G57600:1;AT1G57540:1;AT1G56720:1;AT1G56710:1;AT1G56700:1;AT1G56690:1;AT1G56670:1;AT1G56660:1;AT1G56600:1;AT1G56590:1;AT1G56570:1;AT1G56500:1;AT1G56423:1
carinata,Bca_C,Bca_B,C9,29,BcaC09g026980.3DH.1,BcaC09g028140.3DH.1,1.33,AT1G56310:1;AT1G56290:1;AT1G56210:1;AT1G55040:1;AT1G54930:1;AT1G54920:1;AT1G54890:1;AT1G54630:1;AT1G54610:1;AT1G54570:1;AT1G54540:1;AT5G42320:1;AT5G42340:1;AT5G42360:1;AT5G42370:1;AT5G42380:1;AT5G42390:1;AT5G42400:1;AT5G42410:1;AT5G42670:1;AT5G42680:1;AT5G42690:1;AT5G42710:1;AT5G42740:1;AT5G42765:1;AT5G42780:1;AT5G42785:1;AT5G42800:1;AT5G42810:1
carinata,Bca_C,Bca_B,C9,9,BcaC09g028280.3DH.1,BcaC09g028580.3DH.1,0.46,AT5G42980:2;AT5G42990:2;AT5G43050:2;AT5G43110:1;AT5G43190:2;AT5G43260:2;AT5G43270:2;AT5G43280:2;AT5G43290:2
carinata,Bca_C,Bca_B,C9,8,BcaC09g028850.3DH.1,BcaC09g028970.3DH.1,0.04,AT5G43410:2;AT5G43430:2;AT5G43450:2;AT5G43460:2;AT5G43540:2;AT5G43650:2;AT5G43822:2;AT5G43830:2
carinata,Bca_C,Bca_B,C9,14,BcaC09g029000.3DH.1,BcaC09g029490.3DH.1,1.91,AT5G43880:2;AT5G43900:2;AT5G43920:2;AT5G43930:2;AT5G43960:2;AT5G43970:2;AT5G44010:2;AT5G44060:2;AT5G44090:2;AT5G44100:2;AT5G44110:2;AT5G44130:2;AT5G44150:2;AT5G44170:2
carinata,Bca_C,Bca_B,C9,9,BcaC09g029900.3DH.1,BcaC09g030260.3DH.1,0.25,AT5G44410:1;AT5G44450:2;AT5G44480:2;AT5G44560:2;AT5G44720:2;AT5G44730:2;AT5G44980:2;AT5G45000:2;AT5G45080:2
carinata,Bca_C,Bca_B,C9,5,BcaC09g030880.3DH.1,BcaC09g031010.3DH.1,2.01,AT5G45630:1;AT5G45650:1;AT5G45680:1;AT5G45710:1;AT5G45770:2
carinata,Bca_C,Bca_B,C9,7,BcaC09g031370.3DH.1,BcaC09g031570.3DH.1,1.14,AT5G46240:2;AT5G46250:2;AT5G46330:1;AT5G46370:1;AT5G46380:2;AT5G46390:2;AT5G46430:2
carinata,Bca_C,Bca_B,C9,5,BcaC09g033930.3DH.1,BcaC09g034110.3DH.1,0.49,AT2G01630:3;AT2G01740:3;AT2G01970:1;AT2G01980:1;AT2G02010:1
carinata,Bca_C,Bca_B,C9,9,BcaC09g034330.3DH.1,BcaC09g034660.3DH.1,3.4,AT2G02470:2;AT2G02590:2;AT2G02730:2;AT2G02750:2;AT2G02870:2;AT2G03060:2;AT2G03070:2;AT2G03150:2;AT2G03190:1
carinata,Bca_C,Bca_B,C9,7,BcaC09g034800.3DH.1,BcaC09g034920.3DH.1,4.31,AT2G03270:1;AT2G03280:1;AT2G03310:1;AT2G03410:1;AT2G03420:1;AT2G03430:1;AT2G03510:2
carinata,Bca_C,Bca_B,C9,8,BcaC09g037140.3DH.1,BcaC09g037360.3DH.1,0.01,AT4G04700:1;AT4G04630:1;AT4G04620:1;AT4G04614:1;AT4G04610:1;AT4G04580:1;AT4G04540:1;AT4G04510:1
carinata,Bca_C,Bca_B,C9,24,BcaC09g037470.3DH.1,BcaC09g039730.3DH.1,0.54,AT4G04480:1;AT4G04470:1;AT4G04460:1;AT4G04450:1;AT4G04370:1;AT4G04330:1;AT4G04210:1;AT4G04190:1;AT4G04180:1;AT4G04080:1;AT4G04040:1;AT4G04020:1;AT4G03960:1;AT4G03820:1;AT4G12620:3;AT4G12610:3;AT4G12590:3;AT4G12580:3;AT4G12570:3;AT4G12540:3;AT4G12500:3;AT4G12390:3;AT4G08550:1;AT4G08570:1
carinata,Bca_C,Bca_B,C9,9,BcaC09g040130.3DH.1,BcaC09g041010.3DH.1,0.62,AT4G09040:1;AT4G09820:1;AT4G09890:1;AT4G09900:1;AT4G09940:1;AT4G09950:1;AT4G09960:1;AT4G09980:1;AT4G10010:1
carinata,Bca_C,Bca_B,C9,6,BcaC09g041080.3DH.1,BcaC09g041220.3DH.1,2.26,AT4G10080:1;AT4G10100:1;AT4G10110:1;AT4G10130:1;AT4G10140:1;AT4G10240:1
carinata,Bca_C,Bca_B,C9,9,BcaC09g041670.3DH.1,BcaC09g042020.3DH.1,1.12,AT4G10620:1;AT4G10650:1;AT4G10710:1;AT4G10720:1;AT4G10730:1;AT4G10750:1;AT4G10760:1;AT4G10770:1;AT4G10800:1
carinata,Bca_C,Bca_B,C9,7,BcaC09g042140.3DH.1,BcaC09g042280.3DH.1,1.51,AT4G10890:1;AT4G10925:1;AT4G10950:1;AT4G10955:1;AT4G10960:1;AT4G11010:1;AT4G11030:1
carinata,Bca_C,Bca_B,C9,5,BcaC09g042340.3DH.1,BcaC09g042530.3DH.1,2.51,AT4G11090:1;AT4G11110:1;AT4G11130:1;AT4G11175:1;AT4G11210:1
carinata,Bca_C,Bca_B,C9,12,BcaC09g042670.3DH.1,BcaC09g043020.3DH.1,0.18,AT4G11270:1;AT4G11280:1;AT4G11290:1;AT4G11300:1;AT4G11330:1;AT4G11340:1;AT4G11350:1;AT4G11380:1;AT4G11400:1;AT4G11410:1;AT4G11470:1;AT4G11480:1
carinata,Bca_C,Bca_B,C9,6,BcaC09g043150.3DH.1,BcaC09g043300.3DH.1,1.66,AT4G11570:1;AT4G11655:1;AT4G11660:1;AT4G11670:1;AT4G11680:1;AT4G11690:1
carinata,Bca_C,Bca_B,C9,5,BcaC09g043680.3DH.1,BcaC09g043740.3DH.1,0.62,AT4G11950:1;AT4G11990:1;AT4G12000:1;AT4G12010:1;AT4G12020:1
carinata,Bca_C,Bca_B,C9,18,BcaC09g043960.3DH.1,BcaC09g046680.3DH.1,0.71,AT4G12210:1;AT4G12250:1;AT4G12330:1;AT4G12340:1;AT5G49660:3;AT5G49720:3;AT5G49740:3;AT5G49830:2;AT5G49880:2;AT5G49940:2;AT5G49950:2;AT5G49990:2;AT5G50030:2;AT5G50100:2;AT5G50660:1;AT5G50690:1;AT5G50800:1;AT5G50820:1
carinata,Bca_C,Bca_B,C9,9,BcaC09g047070.3DH.1,BcaC09g047310.3DH.1,3.35,AT5G51170:1;AT5G51180:1;AT5G51210:1;AT5G51220:1;AT5G51380:1;AT5G51390:1;AT5G51400:1;AT5G51430:1;AT5G51460:1
carinata,Bca_C,Bca_B,C9,8,BcaC09g047920.3DH.1,BcaC09g048160.3DH.1,0.92,AT5G51680:1;AT5G51720:1;AT5G51740:1;AT5G51750:1;AT5G51780:1;AT5G51800:1;AT5G51810:1;AT5G51820:1
carinata,Bca_C,Bca_B,C9,6,BcaC09g063000.3DH.1,BcaC09g063130.3DH.1,2.55,AT5G22880:1;AT5G22850:2;AT5G22840:2;AT5G22830:2;AT5G22790:1;AT5G22770:1
carinata,Bca_C,Bca_B,C9,6,BcaC09g063190.3DH.1,BcaC09g063530.3DH.1,2.31,AT5G22640:1;AT5G22580:1;AT5G22550:1;AT5G22510:1;AT5G22500:1;AT5G22470:1
carinata,Bca_C,Bca_B,C9,6,BcaC09g063810.3DH.1,BcaC09g063880.3DH.1,0.0,AT5G22260:1;AT5G22240:1;AT5G22210:1;AT5G22200:1;AT5G22190:1;AT5G22180:1
carinata,Bca_C,Bca_B,C9,5,BcaC09g064370.3DH.1,BcaC09g064440.3DH.1,2.74,AT5G21482:3;AT5G21430:3;AT5G21326:3;AT5G21222:3;AT5G21170:3
carinata,Bca_C,Bca_B,C9,7,BcaC09g065670.3DH.1,BcaC09g065800.3DH.1,1.33,AT5G20250:3;AT5G20230:3;AT5G20220:3;AT5G20200:3;AT5G20165:2;AT5G20160:2;AT5G20150:1
carinata,Bca_C,Bca_B,C9,5,BcaC09g065910.3DH.1,BcaC09g065960.3DH.1,0.75,AT5G19930:3;AT5G19920:3;AT5G19910:3;AT5G19890:3;AT5G19880:3
carinata,Bca_C,Bca_B,C9,6,BcaC09g066610.3DH.1,BcaC09g066680.3DH.1,8.16,AT5G19440:2;AT5G19420:2;AT5G19410:3;AT5G19400:3;AT5G19390:3;AT5G19360:3
carinata,Bca_C,Bca_B,C9,7,BcaC09g066840.3DH.1,BcaC09g067090.3DH.1,1.28,AT5G19200:2;AT5G19180:2;AT5G19160:2;AT5G19130:3;AT5G19110:3;AT5G19100:3;AT5G19090:3
carinata,Bca_C,Bca_B,C9,15,BcaC09g067310.3DH.1,BcaC09g067610.3DH.1,0.68,AT5G18980:2;AT5G18970:2;AT5G18960:2;AT5G18950:2;AT5G18940:2;AT5G18900:3;AT5G18840:2;AT5G18810:1;AT5G18750:2;AT5G18740:2;AT5G18730:2;AT5G18700:2;AT5G18690:2;AT5G18680:2;AT5G18670:2
carinata,Bca_C,Bca_B,C9,5,BcaC09g081830.3DH.1,BcaC09g081880.3DH.1,1.61,AT5G05380:1;AT5G05370:1;AT5G05365:1;AT5G05360:1;AT5G05350:1
carinata,Bca_C,Bca_B,C9,5,BcaC09g082270.3DH.1,BcaC09g082320.3DH.1,0.0,AT5G01660:3;AT5G01610:3;AT5G01590:3;AT5G01540:2;AT5G01550:2
carinata,Bca_C,Bca_B,Scaffold00026,5,BcaS00026g4520.3DH.1,BcaS00026g4560.3DH.1,3.4,AT5G10830:3;AT5G10820:3;AT5G10810:3;AT5G10790:3;AT5G10780:3
carinata,Bca_C,Bca_B,Scaffold00095,7,BcaS00095g0350.3DH.1,BcaS00095g0460.3DH.1,0.24,AT3G25980:2;AT3G25920:2;AT3G25805:2;AT3G25800:2;AT3G25790:2;AT3G25780:2;AT3G25770:2
carinata,Bca_C,Bca_B,Scaffold00095,6,BcaS00095g0830.3DH.1,BcaS00095g0900.3DH.1,0.65,AT2G03430:3;AT2G03420:3;AT2G03410:3;AT2G03370:3;AT2G03310:3;AT2G03300:3
carinata,Bca_C,Bca_B,Scaffold00095,5,BcaS00095g3300.3DH.1,BcaS00095g3400.3DH.1,1.73,AT2G38050:1;AT2G38060:1;AT2G38070:1;AT5G45370:2;AT5G45360:2
carinata,Bca_C,Bca_B,Scaffold00098,6,BcaS00098g3780.3DH.1,BcaS00098g3860.3DH.1,0.12,AT5G14210:2;AT5G14150:2;AT5G14140:2;AT5G14120:2;AT5G14090:2;AT5G14060:2
carinata,Bca_C,Bca_B,Scaffold00098,7,BcaS00098g3990.3DH.1,BcaS00098g4070.3DH.1,0.08,AT5G13920:2;AT5G13910:2;AT5G13880:2;AT5G13870:2;AT5G13840:2;AT5G13810:2;AT5G13790:2
carinata,Bca_C,Bca_B,Scaffold00147,29,BcaS00147g1020.3DH.1,BcaS00147g1690.3DH.1,1.43,AT5G42950:3;AT5G42940:3;AT5G42930:3;AT5G42900:3;AT5G42890:3;AT5G42880:3;AT5G42870:3;AT5G42860:3;AT5G42820:3;AT5G42810:3;AT5G42800:3;AT5G42790:3;AT5G42740:3;AT5G42710:3;AT5G42690:3;AT5G42680:3;AT5G42670:3;AT5G42420:3;AT5G42410:3;AT5G42400:3;AT5G42390:3;AT5G42380:3;AT5G42370:3;AT5G42360:3;AT5G42340:3;AT5G42320:3;AT5G42220:3;AT1G54490:1;AT1G54530:1
carinata,Bca_C,Bca_B,Scaffold00147,6,BcaS00147g1990.3DH.1,BcaS00147g2090.3DH.1,2.22,AT1G56290:2;AT1G56310:2;AT1G56340:2;AT1G56423:2;AT1G56500:2;AT1G56570:2
carinata,Bca_C,Bca_B,Scaffold00147,5,BcaS00147g2710.3DH.1,BcaS00147g2770.3DH.1,0.0,AT1G58725:2;AT1G58983:2;AT1G59359:2;AT1G59510:2;AT1G59530:2
carinata,Bca_C,Bca_B,Scaffold00149,11,BcaS00149g0050.3DH.1,BcaS00149g0290.3DH.1,1.42,AT3G52780:2;AT3G52820:2;AT3G52850:2;AT3G52860:2;AT3G52880:2;AT3G52890:2;AT3G52920:2;AT3G52930:2;AT3G52950:2;AT3G52960:2;AT3G53000:2
carinata,Bca_C,Bca_B,Scaffold00149,10,BcaS00149g0390.3DH.1,BcaS00149g0510.3DH.1,0.01,AT3G53160:2;AT3G53170:2;AT3G53180:2;AT3G53190:2;AT3G53200:2;AT3G53230:2;AT3G53235:2;AT3G53250:2;AT3G53270:2;AT3G53280:2
carinata,Bca_C,Bca_B,Scaffold00149,10,BcaS00149g0920.3DH.1,BcaS00149g1070.3DH.1,0.27,AT3G53450:2;AT3G53460:2;AT3G53470:2;AT3G53510:2;AT3G53530:2;AT3G53550:2;AT3G53560:2;AT3G53570:2;AT3G53580:2;AT3G53590:2
carinata,Bca_C,Bca_B,Scaffold00149,8,BcaS00149g1160.3DH.1,BcaS00149g1330.3DH.1,2.73,AT3G53730:2;AT3G53740:2;AT3G53760:2;AT3G53800:2;AT3G53810:2;AT3G53840:2;AT3G53880:2;AT3G53900:2
carinata,Bca_C,Bca_B,Scaffold00149,5,BcaS00149g1590.3DH.1,BcaS00149g1640.3DH.1,0.83,AT3G54200:2;AT3G54210:2;AT3G54220:2;AT3G54230:2;AT3G54270:2
carinata,Bca_C,Bca_B,Scaffold00149,5,BcaS00149g2010.3DH.1,BcaS00149g2070.3DH.1,5.55,AT3G54630:2;AT3G54640:2;AT3G54660:2;AT3G54670:2;AT3G54680:2
carinata,Bca_C,Bca_B,Scaffold00355,8,BcaS00355g1000.3DH.1,BcaS00355g1230.3DH.1,0.49,AT3G10525:3;AT3G10530:3;AT3G10570:3;AT3G10572:1;AT3G10580:3;AT3G10610:3;AT3G10620:3;AT3G10750:3
carinata,Bca_C,Bca_B,Scaffold00355,6,BcaS00355g1270.3DH.1,BcaS00355g1320.3DH.1,0.8,AT3G10800:3;AT3G10815:1;AT3G10820:1;AT3G10840:3;AT3G10850:3;AT3G10860:3
carinata,Bca_C,Bca_B,Scaffold00355,7,BcaS00355g1360.3DH.1,BcaS00355g1440.3DH.1,0.93,AT3G10915:3;AT3G10920:3;AT5G05300:3;AT3G10940:3;AT3G10960:3;AT3G10970:3;AT3G10980:3
carinata,Bca_C,Bca_B,Scaffold00362,7,BcaS00362g0320.3DH.1,BcaS00362g0790.3DH.1,0.74,AT1G50960:3;AT1G51060:3;AT1G51070:3;AT1G51130:3;AT1G51140:3;AT1G51190:3;AT1G51220:3
carinata,Bca_C,Bca_B,Scaffold00551,5,BcaS00551g0330.3DH.1,BcaS00551g0430.3DH.1,4.64,AT5G22640:3;AT5G22630:3;AT5G22580:3;AT5G22570:3;AT5G22560:3
carinata,Bca_C,Bca_B,Scaffold00577,16,BcaS00577g0110.3DH.1,BcaS00577g0350.3DH.1,0.57,AT2G27090:3;AT2G27080:3;AT2G27050:3;AT2G27035:3;AT2G26990:3;AT2G26960:3;AT2G26940:3;AT2G26910:3;AT2G26840:3;AT2G26810:3;AT2G26800:3;AT2G26650:3;AT2G26610:3;AT2G26600:3;AT2G26590:3;AT2G26580:3
carinata,Bca_C,Bca_B,Scaffold00655,10,BcaS00655g0120.3DH.1,BcaS00655g0480.3DH.1,1.31,AT1G43580:2;AT1G43620:2;AT1G43710:2;AT1G43790:2;AT1G43850:3;AT1G43860:3;AT1G43890:3;AT1G43900:3;AT1G43910:3;AT1G43980:3
carinata,Bca_C,Bca_B,Scaffold00689,8,BcaS00689g0070.3DH.1,BcaS00689g0310.3DH.1,1.0,AT1G44130:3;AT1G44160:3;AT1G44170:3;AT1G44318:3;AT1G44350:3;AT1G44414:3;AT1G44446:3;AT1G44575:3
carinata,Bca_C,Bca_B,Scaffold00912,15,BcaS00912g0180.3DH.1,BcaS00912g0360.3DH.1,3.15,AT3G52110:2;AT3G52115:2;AT3G52140:2;AT3G52150:2;AT3G52180:2;AT3G52190:2;AT3G52200:2;AT3G52290:2;AT3G52310:2;AT3G52340:2;AT3G52360:2;AT3G52370:2;AT3G52380:2;AT3G52390:2;AT3G52400:2
carinata,Bca_C,Bca_B,Scaffold00924,6,BcaS00924g0020.3DH.1,BcaS00924g0170.3DH.1,1.0,AT2G23540:3;AT2G23560:3;AT2G23580:3;AT2G23600:3;AT2G23620:3;AT2G23640:3
